<?xml version="1.0" encoding="UTF-8"?>
<gpx xmlns="http://www.topografix.com/GPX/1/1" version="1.1" creator="C-MAP Embark APP">
<metadata>
  <link href="http://www.c-map.com">
    <text>CMAP</text>
  </link>
  <time>2025-12-05T22:28:38.242Z</time>
</metadata>
<wpt lat="-37.87235" lon="144.9649833"><name>Snapper</name><desc>St. Kilda
8/12/20251/12/202524/11/202517/11/202510/11/2025</desc><time>8/12/2025</time><sym>bigfish</sym></wpt>
<wpt lat="-37.8758" lon="144.8274"><name>Flathead</name><desc>Altona
5/01/202630/12/202522/12/202515/12/20258/12/2025</desc><time>5/01/2026</time><sym>circle,yellow</sym></wpt>
<wpt lat="-37.8760667" lon="144.8902667"><name>Flathead</name><desc>Williamstown
24/03/202517/03/20253/03/202524/02/202517/02/2025</desc><time>24/03/2025</time><sym>circle,yellow</sym></wpt>
<wpt lat="-37.8778167" lon="144.9006333"><name>Whiting</name><desc>Williamstown
27/01/2025</desc><time>27/01/2025</time><sym>circle,yellow</sym></wpt>
<wpt lat="-37.8778333" lon="144.9019167"><name>Snapper</name><desc>Williamstown
10/11/20253/11/202527/10/202520/10/202513/10/2025</desc><time>10/11/2025</time><sym>bigfish</sym></wpt>
<wpt lat="-37.8806333" lon="144.8796333"><name>Snapper</name><desc>Altona Reef deep
10/11/20253/11/202527/10/202520/10/202513/10/2025</desc><time>10/11/2025</time><sym>bigfish</sym></wpt>
<wpt lat="-37.89605" lon="144.9741667"><name>Flathead</name><desc>St Kilda
5/01/202630/12/202522/12/202515/12/20258/12/2025</desc><time>5/01/2026</time><sym>circle,yellow</sym></wpt>
<wpt lat="-37.8965167" lon="144.9745333"><name>Flathead</name><desc>St Kilda
5/01/202630/12/202522/12/202515/12/20258/12/2025</desc><time>5/01/2026</time><sym>circle,yellow</sym></wpt>
<wpt lat="-37.90525" lon="144.9470333"><name>Snapper</name><desc>St Kilda
30/12/202522/12/202515/12/20258/12/20251/12/2025</desc><time>30/12/2025</time><sym>bigfish</sym></wpt>
<wpt lat="-37.9106667" lon="144.8680333"><name>Snapper</name><desc>Altona 
19/12/20254/12/20256/11/202524/10/2025</desc><time>19/12/2025</time><sym>bigfish</sym></wpt>
<wpt lat="-37.9134333" lon="144.93035"><name>Snapper</name><desc>St Kilda to T20
24/03/2025</desc><time>24/03/2025</time><sym>bigfish</sym></wpt>
<wpt lat="-37.9167833" lon="144.8751833"><name>Flathead</name><desc>Near P2
24/03/202517/03/20253/03/202524/02/202517/02/2025</desc><time>24/03/2025</time><sym>circle,yellow</sym></wpt>
<wpt lat="-37.9235" lon="144.8873833"><name>Snapper</name><desc>P2
1/09/202525/08/202518/08/202511/08/20254/08/2025</desc><time>1/09/2025</time><sym>bigfish</sym></wpt>
<wpt lat="-37.9245333" lon="144.81245"><name>Squid</name><desc>Point Cook
4/08/202528/07/202521/07/202514/07/20257/07/2025</desc><time>4/08/2025</time><sym>circle,aqua</sym></wpt>
<wpt lat="-37.9262" lon="144.9145833"><name>Snapper</name><desc>Altona (north of the
19/12/20256/11/202524/10/2025</desc><time>19/12/2025</time><sym>bigfish</sym></wpt>
<wpt lat="-37.9331667" lon="144.9102833"><name>Snapper</name><desc>Past P2
24/03/202517/03/20253/03/202524/02/202517/02/2025</desc><time>24/03/2025</time><sym>bigfish</sym></wpt>
<wpt lat="-37.9341333" lon="144.8445167"><name>Snapper</name><desc>Point Cook
1/09/202525/08/202518/08/202511/08/20254/08/2025</desc><time>1/09/2025</time><sym>bigfish</sym></wpt>
<wpt lat="-37.9481667" lon="144.9723167"><name>Snapper</name><desc>
24/10/2025</desc><time>24/10/2025</time><sym>bigfish</sym></wpt>
<wpt lat="-37.9484333" lon="144.9771167"><name>Snapper</name><desc>
24/10/2025</desc><time>24/10/2025</time><sym>bigfish</sym></wpt>
<wpt lat="-37.9518333" lon="144.9130333"><name>Snapper</name><desc>Altona (north of the
19/12/20256/11/202524/10/2025</desc><time>19/12/2025</time><sym>bigfish</sym></wpt>
<wpt lat="-37.95225" lon="144.7415333"><name>Flathead</name><desc>Campbells Cove
5/01/202630/12/202522/12/202515/12/20258/12/2025</desc><time>5/01/2026</time><sym>circle,yellow</sym></wpt>
<wpt lat="-37.95255" lon="144.7380167"><name>Squid</name><desc>Campbells Cove
4/08/202528/07/202521/07/202514/07/20257/07/2025</desc><time>4/08/2025</time><sym>circle,aqua</sym></wpt>
<wpt lat="-37.96145" lon="144.9976833"><name>Flathead</name><desc>Hampton
5/01/202630/12/202522/12/202515/12/20258/12/2025</desc><time>5/01/2026</time><sym>circle,yellow</sym></wpt>
<wpt lat="-37.9636" lon="144.7292"><name>Snook</name><desc>Werribee
15/09/20258/09/20251/09/202525/08/202518/08/2025</desc><time>15/09/2025</time><sym>circle,green</sym></wpt>
<wpt lat="-37.9693" lon="144.98135"><name>Snapper</name><desc>Black Rock
5/01/202630/12/202522/12/202515/12/20258/12/2025</desc><time>5/01/2026</time><sym>bigfish</sym></wpt>
<wpt lat="-37.9726333" lon="144.9988667"><name>Snapper</name><desc>
24/10/2025</desc><time>24/10/2025</time><sym>bigfish</sym></wpt>
<wpt lat="-37.9729833" lon="144.9773667"><name>Snapper</name><desc>
24/10/2025</desc><time>24/10/2025</time><sym>bigfish</sym></wpt>
<wpt lat="-37.9733833" lon="144.7359667"><name>Flathead</name><desc>Wyndham Harbour 
5/01/202630/12/202522/12/202515/12/20258/12/2025</desc><time>5/01/2026</time><sym>circle,yellow</sym></wpt>
<wpt lat="-37.9773667" lon="144.7154"><name>Flathead</name><desc>Werribee South
5/01/202630/12/202522/12/202515/12/20258/12/2025</desc><time>5/01/2026</time><sym>circle,yellow</sym></wpt>
<wpt lat="-37.9841667" lon="144.8778"><name>Snapper</name><desc>Spoils
26/05/202519/05/202512/05/20255/05/202528/04/2025</desc><time>26/05/2025</time><sym>bigfish</sym></wpt>
<wpt lat="-37.9899667" lon="145.01555"><name>Snapper</name><desc>
24/10/2025</desc><time>24/10/2025</time><sym>bigfish</sym></wpt>
<wpt lat="-37.9913167" lon="145.01925"><name>Snapper</name><desc>
24/10/2025</desc><time>24/10/2025</time><sym>bigfish</sym></wpt>
<wpt lat="-37.9931333" lon="145.0193333"><name>Snapper</name><desc>
24/10/2025</desc><time>24/10/2025</time><sym>bigfish</sym></wpt>
<wpt lat="-37.9945667" lon="144.9927667"><name>Flathead</name><desc>Black Rock
5/01/202630/12/202522/12/202515/12/20258/12/2025</desc><time>5/01/2026</time><sym>circle,yellow</sym></wpt>
<wpt lat="-37.9960333" lon="144.6930333"><name>Flathead</name><desc>Werribee South
5/01/202630/12/202522/12/202515/12/20258/12/2025</desc><time>5/01/2026</time><sym>circle,yellow</sym></wpt>
<wpt lat="-37.99665" lon="145.0214"><name>Snapper</name><desc>Black Rock down to R
6/11/202524/10/2025</desc><time>6/11/2025</time><sym>bigfish</sym></wpt>
<wpt lat="-37.9968833" lon="144.6929667"><name>Flathead</name><desc>Werribee South in close
24/03/202517/03/20253/03/202524/02/202517/02/2025</desc><time>24/03/2025</time><sym>circle,yellow</sym></wpt>
<wpt lat="-37.9997167" lon="145.0119333"><name>Snapper</name><desc>Black Rock down to R
6/11/202524/10/2025</desc><time>6/11/2025</time><sym>bigfish</sym></wpt>
<wpt lat="-38.00035" lon="145.0264167"><name>Snapper</name><desc>
24/10/2025</desc><time>24/10/2025</time><sym>bigfish</sym></wpt>
<wpt lat="-38.0032" lon="144.9796167"><name>Snapper</name><desc>
24/10/2025</desc><time>24/10/2025</time><sym>bigfish</sym></wpt>
<wpt lat="-38.0034667" lon="144.9911"><name>Snapper</name><desc>Beamauris
5/01/202630/12/202522/12/202515/12/20258/12/2025</desc><time>5/01/2026</time><sym>bigfish</sym></wpt>
<wpt lat="-38.0075333" lon="144.6268333"><name>Squid</name><desc>
24/10/2025</desc><time>24/10/2025</time><sym>circle,aqua</sym></wpt>
<wpt lat="-38.0082" lon="144.6528333"><name>Squid</name><desc>
24/10/2025</desc><time>24/10/2025</time><sym>circle,aqua</sym></wpt>
<wpt lat="-38.0094333" lon="144.8173"><name>Gummy</name><desc>Werribee
8/12/20251/12/202524/11/202517/11/202510/11/2025</desc><time>8/12/2025</time><sym>bigfish</sym></wpt>
<wpt lat="-38.0094333" lon="144.8173"><name>Snapper</name><desc>Werribee 
5/01/2026</desc><time>5/01/2026</time><sym>bigfish</sym></wpt>
<wpt lat="-38.0094333" lon="144.8173"><name>Squid</name><desc>Werribee 
30/12/202515/12/2025</desc><time>30/12/2025</time><sym>circle,aqua</sym></wpt>
<wpt lat="-38.0094333" lon="144.8173"><name>Whiting</name><desc>Werribee 
22/12/2025</desc><time>22/12/2025</time><sym>circle,yellow</sym></wpt>
<wpt lat="-38.0099333" lon="144.6108333"><name>Whiting</name><desc>Wedge Spit
24/03/202517/03/20253/03/202524/02/202517/02/2025</desc><time>24/03/2025</time><sym>circle,yellow</sym></wpt>
<wpt lat="-38.0111833" lon="144.6317"><name>Squid</name><desc>Werribee / Wedge Spi
13/11/20256/11/202524/10/2025</desc><time>13/11/2025</time><sym>circle,aqua</sym></wpt>
<wpt lat="-38.0116333" lon="144.62925"><name>Squid</name><desc>Wedge Spit
5/05/202528/04/202521/04/202514/04/20257/04/2025</desc><time>5/05/2025</time><sym>circle,aqua</sym></wpt>
<wpt lat="-38.0121167" lon="144.62925"><name>Whiting</name><desc>Wedge Spit
24/03/202517/03/20253/03/202524/02/202517/02/2025</desc><time>24/03/2025</time><sym>circle,yellow</sym></wpt>
<wpt lat="-38.01385" lon="144.6580167"><name>Squid</name><desc>Wedge Spit
5/01/202630/12/202522/12/202515/12/20258/12/2025</desc><time>5/01/2026</time><sym>circle,aqua</sym></wpt>
<wpt lat="-38.0139167" lon="144.61535"><name>Whiting</name><desc>Wedge Spit
6/11/202524/10/2025</desc><time>6/11/2025</time><sym>circle,yellow</sym></wpt>
<wpt lat="-38.0142" lon="144.6453167"><name>Squid</name><desc>Wedge Spit
24/03/202517/03/20253/03/202524/02/202517/02/2025</desc><time>24/03/2025</time><sym>circle,aqua</sym></wpt>
<wpt lat="-38.0162833" lon="144.7875667"><name>Gummy</name><desc>Out from Werribee
8/12/20251/12/202524/11/202517/11/202510/11/2025</desc><time>8/12/2025</time><sym>bigfish</sym></wpt>
<wpt lat="-38.0162833" lon="144.7875667"><name>Snapper</name><desc>Out from Werribee 
5/01/2026</desc><time>5/01/2026</time><sym>bigfish</sym></wpt>
<wpt lat="-38.0162833" lon="144.7875667"><name>Squid</name><desc>Out from Werribee 
30/12/202515/12/2025</desc><time>30/12/2025</time><sym>circle,aqua</sym></wpt>
<wpt lat="-38.0162833" lon="144.7875667"><name>Whiting</name><desc>Out from Werribee 
22/12/2025</desc><time>22/12/2025</time><sym>circle,yellow</sym></wpt>
<wpt lat="-38.0206167" lon="145.0531833"><name>Snapper</name><desc>Mordialloc
5/01/202630/12/202522/12/202515/12/20258/12/2025</desc><time>5/01/2026</time><sym>bigfish</sym></wpt>
<wpt lat="-38.0218833" lon="144.6021167"><name>Whiting</name><desc>Wedge Spit
6/11/202524/10/2025</desc><time>6/11/2025</time><sym>circle,yellow</sym></wpt>
<wpt lat="-38.0219667" lon="144.6488333"><name>Squid</name><desc>
24/10/2025</desc><time>24/10/2025</time><sym>circle,aqua</sym></wpt>
<wpt lat="-38.0244667" lon="144.7777167"><name>Snapper</name><desc>Werribee Deep
5/01/202630/12/202522/12/202515/12/20258/12/2025</desc><time>5/01/2026</time><sym>bigfish</sym></wpt>
<wpt lat="-38.0258833" lon="144.8928333"><name>Snapper</name><desc>
24/10/2025</desc><time>24/10/2025</time><sym>bigfish</sym></wpt>
<wpt lat="-38.0264333" lon="144.6225167"><name>Whiting</name><desc>Wedge Spit
6/11/202524/10/2025</desc><time>6/11/2025</time><sym>circle,yellow</sym></wpt>
<wpt lat="-38.0289333" lon="144.5994667"><name>Whiting</name><desc>Long Reef
5/01/202630/12/202522/12/202515/12/20258/12/2025</desc><time>5/01/2026</time><sym>circle,yellow</sym></wpt>
<wpt lat="-38.0298" lon="144.6344833"><name>Squid</name><desc>Werribee / Wedge Spi
13/11/20256/11/202524/10/2025</desc><time>13/11/2025</time><sym>circle,aqua</sym></wpt>
<wpt lat="-38.0305667" lon="144.6658333"><name>Squid</name><desc>
24/10/2025</desc><time>24/10/2025</time><sym>circle,aqua</sym></wpt>
<wpt lat="-38.0312333" lon="144.5705"><name>Snapper</name><desc>Kirks Point
5/01/202630/12/202522/12/202515/12/20258/12/2025</desc><time>5/01/2026</time><sym>bigfish</sym></wpt>
<wpt lat="-38.0323833" lon="144.7791833"><name>Snapper</name><desc>Point Cook
1/09/202525/08/202518/08/202511/08/20254/08/2025</desc><time>1/09/2025</time><sym>bigfish</sym></wpt>
<wpt lat="-38.0333833" lon="145.0478167"><name>Snapper</name><desc>
24/10/2025</desc><time>24/10/2025</time><sym>bigfish</sym></wpt>
<wpt lat="-38.0345333" lon="144.5769"><name>Flathead</name><desc>Kirks Point
24/03/202517/03/20253/03/202524/02/202517/02/2025</desc><time>24/03/2025</time><sym>circle,yellow</sym></wpt>
<wpt lat="-38.0393333" lon="145.0241333"><name>Snapper</name><desc>
24/10/2025</desc><time>24/10/2025</time><sym>bigfish</sym></wpt>
<wpt lat="-38.04795" lon="144.6539167"><name>Flathead</name><desc>Mussel Farm  of Wedge
5/01/202630/12/202522/12/202515/12/20258/12/2025</desc><time>5/01/2026</time><sym>circle,yellow</sym></wpt>
<wpt lat="-38.04945" lon="144.6493333"><name>Squid</name><desc>
24/10/2025</desc><time>24/10/2025</time><sym>circle,aqua</sym></wpt>
<wpt lat="-38.0572833" lon="144.8429667"><name>Snapper</name><desc>St Leonards Deep
17/03/20253/03/202524/02/202517/02/202510/02/2025</desc><time>17/03/2025</time><sym>bigfish</sym></wpt>
<wpt lat="-38.0573333" lon="145.08885"><name>Snapper</name><desc>Chelsea
5/01/202630/12/202522/12/202515/12/20258/12/2025</desc><time>5/01/2026</time><sym>bigfish</sym></wpt>
<wpt lat="-38.0574" lon="144.6098"><name>Snapper</name><desc>Clifton Springs
19/12/20256/11/202524/10/2025</desc><time>19/12/2025</time><sym>bigfish</sym></wpt>
<wpt lat="-38.0598833" lon="145.0940667"><name>Flathead</name><desc>Chelsea
5/01/202630/12/202522/12/202515/12/20258/12/2025</desc><time>5/01/2026</time><sym>circle,yellow</sym></wpt>
<wpt lat="-38.0615167" lon="144.5903333"><name>Flathead</name><desc>Kirks Deep
24/03/202517/03/20253/03/202524/02/202517/02/2025</desc><time>24/03/2025</time><sym>circle,yellow</sym></wpt>
<wpt lat="-38.0699833" lon="144.5553167"><name>Flathead</name><desc>Point Wilson
24/03/202517/03/20253/03/202524/02/202517/02/2025</desc><time>24/03/2025</time><sym>circle,yellow</sym></wpt>
<wpt lat="-38.0719667" lon="144.6083667"><name>Snapper</name><desc>Clifton Springs
19/12/20256/11/202524/10/2025</desc><time>19/12/2025</time><sym>bigfish</sym></wpt>
<wpt lat="-38.0723" lon="145.0426333"><name>Flathead</name><desc>Patterson entrance
5/01/202630/12/202522/12/202515/12/20258/12/2025</desc><time>5/01/2026</time><sym>circle,yellow</sym></wpt>
<wpt lat="-38.0732667" lon="144.5257333"><name>Squid</name><desc>Point Wilson
4/08/202528/07/202521/07/202514/07/20257/07/2025</desc><time>4/08/2025</time><sym>circle,aqua</sym></wpt>
<wpt lat="-38.0732667" lon="144.5337167"><name>Flathead</name><desc>Point Wilson
5/01/202630/12/202522/12/202515/12/20258/12/2025</desc><time>5/01/2026</time><sym>circle,yellow</sym></wpt>
<wpt lat="-38.0745" lon="144.6107667"><name>Snapper</name><desc>Clifton Springs
19/12/20256/11/202524/10/2025</desc><time>19/12/2025</time><sym>bigfish</sym></wpt>
<wpt lat="-38.07465" lon="144.40615"><name>Whiting</name><desc>Limeburners
5/01/202630/12/202522/12/202515/12/20258/12/2025</desc><time>5/01/2026</time><sym>circle,yellow</sym></wpt>
<wpt lat="-38.0781833" lon="144.6344"><name>Snapper</name><desc> Port Arlington
19/12/20254/12/202527/11/202520/11/202513/11/2025</desc><time>19/12/2025</time><sym>bigfish</sym></wpt>
<wpt lat="-38.08335" lon="144.5478167"><name>Whiting</name><desc>Corio Bay
24/03/202517/03/20253/03/202524/02/202517/02/2025</desc><time>24/03/2025</time><sym>circle,yellow</sym></wpt>
<wpt lat="-38.0834333" lon="144.5551333"><name>Whiting</name><desc>Long Pier
5/05/202528/04/202521/04/202514/04/20257/04/2025</desc><time>5/05/2025</time><sym>circle,yellow</sym></wpt>
<wpt lat="-38.0850167" lon="145.0872333"><name>Snapper</name><desc>Patterson Lakes
26/05/202519/05/202512/05/20255/05/202528/04/2025</desc><time>26/05/2025</time><sym>bigfish</sym></wpt>
<wpt lat="-38.0871833" lon="145.0983833"><name>Snapper</name><desc>Seaford wreck
26/05/202519/05/202512/05/20255/05/202528/04/2025</desc><time>26/05/2025</time><sym>bigfish</sym></wpt>
<wpt lat="-38.0872833" lon="144.63215"><name>Snapper</name><desc>Portarlington 
19/12/20256/11/202524/10/2025</desc><time>19/12/2025</time><sym>bigfish</sym></wpt>
<wpt lat="-38.0886667" lon="144.7331667"><name>Gummy</name><desc>
24/10/2025</desc><time>24/10/2025</time><sym>bigfish</sym></wpt>
<wpt lat="-38.0908167" lon="144.42175"><name>Flathead</name><desc>Avalon
5/01/202630/12/202522/12/202515/12/20258/12/2025</desc><time>5/01/2026</time><sym>circle,yellow</sym></wpt>
<wpt lat="-38.0911" lon="144.4298667"><name>Flathead</name><desc>Avalon
5/05/202528/04/202521/04/202514/04/20257/04/2025</desc><time>5/05/2025</time><sym>circle,yellow</sym></wpt>
<wpt lat="-38.0920167" lon="144.5475167"><name>Whiting</name><desc>Point Wilson
5/01/202630/12/202522/12/202515/12/20258/12/2025</desc><time>5/01/2026</time><sym>circle,yellow</sym></wpt>
<wpt lat="-38.0921333" lon="144.4304"><name>Squid</name><desc>Avalon
30/12/202522/12/202515/12/20258/12/20251/12/2025</desc><time>30/12/2025</time><sym>circle,aqua</sym></wpt>
<wpt lat="-38.0921333" lon="144.4304"><name>Whiting</name><desc>Avalon 
5/01/2026</desc><time>5/01/2026</time><sym>circle,yellow</sym></wpt>
<wpt lat="-38.0928" lon="144.6026"><name>Snapper</name><desc> Port Arlington
19/12/20254/12/202527/11/202520/11/202513/11/2025</desc><time>19/12/2025</time><sym>bigfish</sym></wpt>
<wpt lat="-38.0965667" lon="144.5063833"><name>Squid</name><desc>Kirks Point
30/12/202522/12/202515/12/20258/12/20251/12/2025</desc><time>30/12/2025</time><sym>circle,aqua</sym></wpt>
<wpt lat="-38.0965667" lon="144.5063833"><name>Whiting</name><desc>Kirk’s Point 
5/01/2026</desc><time>5/01/2026</time><sym>circle,yellow</sym></wpt>
<wpt lat="-38.09845" lon="144.6730333"><name>Flathead</name><desc>Mussel Farm of Portarlington
5/01/202630/12/202522/12/202515/12/20258/12/2025</desc><time>5/01/2026</time><sym>circle,yellow</sym></wpt>
<wpt lat="-38.09975" lon="144.9095"><name>Snapper</name><desc>
24/10/2025</desc><time>24/10/2025</time><sym>bigfish</sym></wpt>
<wpt lat="-38.1023167" lon="145.06635"><name>Snapper</name><desc>
24/10/2025</desc><time>24/10/2025</time><sym>bigfish</sym></wpt>
<wpt lat="-38.1030167" lon="144.7244333"><name>Squid</name><desc>Indented
5/01/202630/12/202522/12/202515/12/20258/12/2025</desc><time>5/01/2026</time><sym>circle,aqua</sym></wpt>
<wpt lat="-38.105" lon="144.6099833"><name>Whiting</name><desc>Point Henry
5/01/202630/12/202522/12/202515/12/20258/12/2025</desc><time>5/01/2026</time><sym>circle,yellow</sym></wpt>
<wpt lat="-38.1056" lon="144.6634667"><name>Snapper</name><desc>Portarlington
5/01/202630/12/202522/12/202515/12/20258/12/2025</desc><time>5/01/2026</time><sym>bigfish</sym></wpt>
<wpt lat="-38.1067167" lon="144.7165"><name>Whiting</name><desc>Indented Heads
5/01/202630/12/202522/12/202515/12/20258/12/2025</desc><time>5/01/2026</time><sym>circle,yellow</sym></wpt>
<wpt lat="-38.1090833" lon="144.7083167"><name>Whiting</name><desc>Indented Heads
5/01/202630/12/202522/12/202515/12/20258/12/2025</desc><time>5/01/2026</time><sym>circle,yellow</sym></wpt>
<wpt lat="-38.11065" lon="144.7067333"><name>Whiting</name><desc>Portarlington
19/05/202512/05/20255/05/202528/04/202521/04/2025</desc><time>19/05/2025</time><sym>circle,yellow</sym></wpt>
<wpt lat="-38.1125167" lon="144.6921"><name>Whiting</name><desc>Indented Heads
24/02/202517/02/202510/02/202527/01/2025</desc><time>24/02/2025</time><sym>circle,yellow</sym></wpt>
<wpt lat="-38.1130167" lon="144.7166667"><name>Squid</name><desc>Prince George Bank
26/05/202519/05/202512/05/20255/05/202528/04/2025</desc><time>26/05/2025</time><sym>circle,aqua</sym></wpt>
<wpt lat="-38.1144833" lon="145.0709167"><name>Snapper</name><desc>Seaford
5/01/202630/12/202522/12/202515/12/20258/12/2025</desc><time>5/01/2026</time><sym>bigfish</sym></wpt>
<wpt lat="-38.1151" lon="144.7039667"><name>Squid</name><desc>Indented Heads
5/01/202630/12/202522/12/202515/12/20258/12/2025</desc><time>5/01/2026</time><sym>circle,aqua</sym></wpt>
<wpt lat="-38.1172667" lon="145.03105"><name>Snapper</name><desc>
24/10/2025</desc><time>24/10/2025</time><sym>bigfish</sym></wpt>
<wpt lat="-38.1178167" lon="144.7064667"><name>Squid</name><desc>Prince George Bank
5/01/202630/12/202522/12/202515/12/20258/12/2025</desc><time>5/01/2026</time><sym>circle,aqua</sym></wpt>
<wpt lat="-38.1215667" lon="144.421"><name>Flathead</name><desc>Point Henry
21/07/202514/07/20257/07/20251/07/202523/06/2025</desc><time>21/07/2025</time><sym>circle,yellow</sym></wpt>
<wpt lat="-38.1262333" lon="144.5011167"><name>Snapper</name><desc>Clifton Springs
19/12/20256/11/202524/10/2025</desc><time>19/12/2025</time><sym>bigfish</sym></wpt>
<wpt lat="-38.1263" lon="144.5113667"><name>Snapper</name><desc>Clifton Springs
19/12/20256/11/202524/10/2025</desc><time>19/12/2025</time><sym>bigfish</sym></wpt>
<wpt lat="-38.1303" lon="144.5251167"><name>Snapper</name><desc>Clifton Springs
5/01/202630/12/202522/12/202515/12/20258/12/2025</desc><time>5/01/2026</time><sym>bigfish</sym></wpt>
<wpt lat="-38.1309667" lon="144.5272667"><name>Snapper</name><desc>Clifton Springs
19/12/20256/11/202524/10/2025</desc><time>19/12/2025</time><sym>bigfish</sym></wpt>
<wpt lat="-38.1320333" lon="144.582"><name>Squid</name><desc>
24/10/2025</desc><time>24/10/2025</time><sym>circle,aqua</sym></wpt>
<wpt lat="-38.1368833" lon="144.3671"><name>Snapper</name><desc>Geelong
5/01/202630/12/202522/12/202515/12/20258/12/2025</desc><time>5/01/2026</time><sym>bigfish</sym></wpt>
<wpt lat="-38.13775" lon="144.3956"><name>Whiting</name><desc>Geelong
5/01/202630/12/202522/12/202515/12/20258/12/2025</desc><time>5/01/2026</time><sym>circle,yellow</sym></wpt>
<wpt lat="-38.1390167" lon="144.3971833"><name>Flathead</name><desc>Geelong Limeburners Point
5/01/202630/12/202522/12/202515/12/20258/12/2025</desc><time>5/01/2026</time><sym>circle,yellow</sym></wpt>
<wpt lat="-38.1401333" lon="144.4535667"><name>Snook</name><desc>Geelong
15/09/20258/09/20251/09/202525/08/202518/08/2025</desc><time>15/09/2025</time><sym>circle,green</sym></wpt>
<wpt lat="-38.1417667" lon="144.37785"><name>Flathead</name><desc>Geelong shallows
21/07/202514/07/20257/07/20251/07/202523/06/2025</desc><time>21/07/2025</time><sym>circle,yellow</sym></wpt>
<wpt lat="-38.1418667" lon="144.4851333"><name>Flathead</name><desc>Geelong Outer Harbour
24/03/202517/03/20253/03/202524/02/202517/02/2025</desc><time>24/03/2025</time><sym>circle,yellow</sym></wpt>
<wpt lat="-38.1421333" lon="144.5594"><name>Squid</name><desc>Clifton Springs
11/12/20256/11/202524/10/2025</desc><time>11/12/2025</time><sym>circle,aqua</sym></wpt>
<wpt lat="-38.1427667" lon="144.4983"><name>Snapper</name><desc>Clifton Springs
26/05/202519/05/202512/05/20255/05/202528/04/2025</desc><time>26/05/2025</time><sym>bigfish</sym></wpt>
<wpt lat="-38.1437" lon="145.0322667"><name>Snapper</name><desc>
24/10/2025</desc><time>24/10/2025</time><sym>bigfish</sym></wpt>
<wpt lat="-38.1457167" lon="144.9344333"><name>Snapper</name><desc>
24/10/2025</desc><time>24/10/2025</time><sym>bigfish</sym></wpt>
<wpt lat="-38.14595" lon="145.0352833"><name>Snapper</name><desc>
24/10/2025</desc><time>24/10/2025</time><sym>bigfish</sym></wpt>
<wpt lat="-38.1474667" lon="144.4558833"><name>Whiting</name><desc>Leopold
27/01/2025</desc><time>27/01/2025</time><sym>circle,yellow</sym></wpt>
<wpt lat="-38.1482833" lon="144.5562"><name>Flathead</name><desc>Clifton Springs
9/06/20252/06/202526/05/202519/05/202512/05/2025</desc><time>9/06/2025</time><sym>circle,yellow</sym></wpt>
<wpt lat="-38.14955" lon="144.5309167"><name>Whiting</name><desc>Curl Lewis Bank
5/01/202630/12/202522/12/202515/12/20258/12/2025</desc><time>5/01/2026</time><sym>circle,yellow</sym></wpt>
<wpt lat="-38.1508667" lon="144.54025"><name>Squid</name><desc>Clifton Springs
11/12/20256/11/202524/10/2025</desc><time>11/12/2025</time><sym>circle,aqua</sym></wpt>
<wpt lat="-38.1511833" lon="144.5335"><name>Squid</name><desc>
24/10/2025</desc><time>24/10/2025</time><sym>circle,aqua</sym></wpt>
<wpt lat="-38.1519333" lon="144.5386333"><name>Whiting</name><desc>Clifton Springs
5/01/202630/12/202522/12/202515/12/20258/12/2025</desc><time>5/01/2026</time><sym>circle,yellow</sym></wpt>
<wpt lat="-38.1520333" lon="144.5413833"><name>Squid</name><desc>Clifton Springs
11/12/20256/11/202524/10/2025</desc><time>11/12/2025</time><sym>circle,aqua</sym></wpt>
<wpt lat="-38.15235" lon="144.4697167"><name>Whiting</name><desc>Clifton Springs
6/11/202524/10/2025</desc><time>6/11/2025</time><sym>circle,yellow</sym></wpt>
<wpt lat="-38.1524167" lon="144.53865"><name>Squid</name><desc>Clifton Springs
5/01/202630/12/202522/12/202515/12/20258/12/2025</desc><time>5/01/2026</time><sym>circle,aqua</sym></wpt>
<wpt lat="-38.1527333" lon="144.5176667"><name>Whiting</name><desc>Clifton Springs
6/11/202524/10/2025</desc><time>6/11/2025</time><sym>circle,yellow</sym></wpt>
<wpt lat="-38.1542" lon="144.5187"><name>Squid</name><desc>Clifton Springs
11/12/20256/11/202524/10/2025</desc><time>11/12/2025</time><sym>circle,aqua</sym></wpt>
<wpt lat="-38.1554167" lon="144.4920833"><name>Whiting</name><desc>Clifton Springs
6/11/202524/10/2025</desc><time>6/11/2025</time><sym>circle,yellow</sym></wpt>
<wpt lat="-38.1630167" lon="144.7343333"><name>Squid</name><desc>
24/10/2025</desc><time>24/10/2025</time><sym>circle,aqua</sym></wpt>
<wpt lat="-38.1631833" lon="144.9674667"><name>Snapper</name><desc>Mt Eliza
5/01/202630/12/202522/12/202515/12/20258/12/2025</desc><time>5/01/2026</time><sym>bigfish</sym></wpt>
<wpt lat="-38.1641333" lon="144.9567333"><name>Snapper</name><desc>
24/10/2025</desc><time>24/10/2025</time><sym>bigfish</sym></wpt>
<wpt lat="-38.1666667" lon="145.0741667"><name>Snapper</name><desc>
24/10/202516/10/2025</desc><time>24/10/2025</time><sym>bigfish</sym></wpt>
<wpt lat="-38.1701333" lon="144.7327833"><name>Snapper</name><desc>St Leonards
24/02/202517/02/202510/02/202527/01/2025</desc><time>24/02/2025</time><sym>bigfish</sym></wpt>
<wpt lat="-38.17055" lon="144.9317333"><name>Snapper</name><desc>
24/10/2025</desc><time>24/10/2025</time><sym>bigfish</sym></wpt>
<wpt lat="-38.1707667" lon="144.72665"><name>Snapper</name><desc>St Leonard’s shallow
30/12/202522/12/202515/12/20258/12/20251/12/2025</desc><time>30/12/2025</time><sym>bigfish</sym></wpt>
<wpt lat="-38.17085" lon="145.0582667"><name>Snapper</name><desc>
24/10/2025</desc><time>24/10/2025</time><sym>bigfish</sym></wpt>
<wpt lat="-38.1767667" lon="145.0442667"><name>Snapper</name><desc>
24/10/2025</desc><time>24/10/2025</time><sym>bigfish</sym></wpt>
<wpt lat="-38.1797833" lon="145.0638333"><name>Snapper</name><desc>
24/10/202516/10/2025</desc><time>24/10/2025</time><sym>bigfish</sym></wpt>
<wpt lat="-38.1799833" lon="144.7749333"><name>Gummy</name><desc>West Channel
11/12/20256/11/202524/10/2025</desc><time>11/12/2025</time><sym>bigfish</sym></wpt>
<wpt lat="-38.1800667" lon="144.7234833"><name>Squid</name><desc>St Leonards
5/01/202630/12/202522/12/202515/12/20258/12/2025</desc><time>5/01/2026</time><sym>circle,aqua</sym></wpt>
<wpt lat="-38.1823667" lon="144.7784167"><name>Gummy</name><desc>West Channel
8/12/20251/12/202524/11/202517/11/202510/11/2025</desc><time>8/12/2025</time><sym>bigfish</sym></wpt>
<wpt lat="-38.1823667" lon="144.7784167"><name>Snapper</name><desc>West Channel 
5/01/2026</desc><time>5/01/2026</time><sym>bigfish</sym></wpt>
<wpt lat="-38.1823667" lon="144.7784167"><name>Squid</name><desc>West Channel 
30/12/202515/12/2025</desc><time>30/12/2025</time><sym>circle,aqua</sym></wpt>
<wpt lat="-38.1823667" lon="144.7784167"><name>Whiting</name><desc>West Channel 
22/12/2025</desc><time>22/12/2025</time><sym>circle,yellow</sym></wpt>
<wpt lat="-38.1824333" lon="144.7338"><name>Whiting</name><desc>St Leonards
6/11/202524/10/2025</desc><time>6/11/2025</time><sym>circle,yellow</sym></wpt>
<wpt lat="-38.1829833" lon="144.7679333"><name>Gummy</name><desc>St Leonards
8/12/20251/12/202524/11/202517/11/202510/11/2025</desc><time>8/12/2025</time><sym>bigfish</sym></wpt>
<wpt lat="-38.1829833" lon="144.7679333"><name>Snapper</name><desc>St Leonard’s 
5/01/2026</desc><time>5/01/2026</time><sym>bigfish</sym></wpt>
<wpt lat="-38.1829833" lon="144.7679333"><name>Squid</name><desc>St Leonard’s 
30/12/202515/12/2025</desc><time>30/12/2025</time><sym>circle,aqua</sym></wpt>
<wpt lat="-38.1829833" lon="144.7679333"><name>Whiting</name><desc>St Leonard’s 
22/12/2025</desc><time>22/12/2025</time><sym>circle,yellow</sym></wpt>
<wpt lat="-38.1850833" lon="144.7285333"><name>Squid</name><desc>St Leonards / Indent
11/12/20256/11/202524/10/2025</desc><time>11/12/2025</time><sym>circle,aqua</sym></wpt>
<wpt lat="-38.1870833" lon="144.7311"><name>Whiting</name><desc>St Leonards
6/11/202524/10/2025</desc><time>6/11/2025</time><sym>circle,yellow</sym></wpt>
<wpt lat="-38.1899" lon="144.73755"><name>Whiting</name><desc>St Leonards
5/01/202630/12/202522/12/202515/12/20258/12/2025</desc><time>5/01/2026</time><sym>circle,yellow</sym></wpt>
<wpt lat="-38.1911" lon="144.73635"><name>Whiting</name><desc>St Leonards
5/01/202630/12/202522/12/202515/12/20258/12/2025</desc><time>5/01/2026</time><sym>circle,yellow</sym></wpt>
<wpt lat="-38.1923167" lon="145.0651667"><name>Squid</name><desc>Davey’s Bay Squid
26/05/202519/05/202512/05/20255/05/202528/04/2025</desc><time>26/05/2025</time><sym>circle,aqua</sym></wpt>
<wpt lat="-38.1923333" lon="144.7323333"><name>Squid</name><desc>
24/10/2025</desc><time>24/10/2025</time><sym>circle,aqua</sym></wpt>
<wpt lat="-38.1935333" lon="145.0581667"><name>Snapper</name><desc>
24/10/202516/10/2025</desc><time>24/10/2025</time><sym>bigfish</sym></wpt>
<wpt lat="-38.19605" lon="144.776"><name>Gummy</name><desc>West Channel
11/12/20256/11/202524/10/2025</desc><time>11/12/2025</time><sym>bigfish</sym></wpt>
<wpt lat="-38.1983833" lon="144.7282667"><name>Squid</name><desc>St Leonards / Indent
11/12/20256/11/202524/10/2025</desc><time>11/12/2025</time><sym>circle,aqua</sym></wpt>
<wpt lat="-38.2000333" lon="144.7238333"><name>Whiting</name><desc>St Leonards
6/11/202524/10/2025</desc><time>6/11/2025</time><sym>circle,yellow</sym></wpt>
<wpt lat="-38.2066" lon="144.77485"><name>Whiting</name><desc>St Leonards
24/03/202517/03/20253/03/202524/02/202517/02/2025</desc><time>24/03/2025</time><sym>circle,yellow</sym></wpt>
<wpt lat="-38.2071333" lon="144.714"><name>Squid</name><desc>
24/10/2025</desc><time>24/10/2025</time><sym>circle,aqua</sym></wpt>
<wpt lat="-38.20715" lon="144.7715"><name>Squid</name><desc>
24/10/2025</desc><time>24/10/2025</time><sym>circle,aqua</sym></wpt>
<wpt lat="-38.2095667" lon="144.7698333"><name>Squid</name><desc>
24/10/2025</desc><time>24/10/2025</time><sym>circle,aqua</sym></wpt>
<wpt lat="-38.2096333" lon="144.7200167"><name>Whiting</name><desc>St Leonards
6/11/202524/10/2025</desc><time>6/11/2025</time><sym>circle,yellow</sym></wpt>
<wpt lat="-38.2101667" lon="144.9092167"><name>Snapper</name><desc>Out deep
1/09/202525/08/202518/08/202511/08/20254/08/2025</desc><time>1/09/2025</time><sym>bigfish</sym></wpt>
<wpt lat="-38.2146167" lon="144.7883333"><name>Squid</name><desc>
24/10/2025</desc><time>24/10/2025</time><sym>circle,aqua</sym></wpt>
<wpt lat="-38.215" lon="144.7136667"><name>Squid</name><desc>
24/10/2025</desc><time>24/10/2025</time><sym>circle,aqua</sym></wpt>
<wpt lat="-38.2154667" lon="144.7119333"><name>Squid</name><desc>St Leonards / Indent
11/12/20256/11/202524/10/2025</desc><time>11/12/2025</time><sym>circle,aqua</sym></wpt>
<wpt lat="-38.21555" lon="144.7090333"><name>Whiting</name><desc>St Leonards
6/11/202524/10/2025</desc><time>6/11/2025</time><sym>circle,yellow</sym></wpt>
<wpt lat="-38.2156833" lon="145.0311833"><name>Squid</name><desc>Mornington
26/05/202519/05/202512/05/20255/05/202528/04/2025</desc><time>26/05/2025</time><sym>circle,aqua</sym></wpt>
<wpt lat="-38.2157167" lon="144.9353167"><name>Snapper</name><desc>
24/10/2025</desc><time>24/10/2025</time><sym>bigfish</sym></wpt>
<wpt lat="-38.2175333" lon="144.7266667"><name>Squid</name><desc>
24/10/2025</desc><time>24/10/2025</time><sym>circle,aqua</sym></wpt>
<wpt lat="-38.2185667" lon="144.7251667"><name>Squid</name><desc>
24/10/202516/10/2025</desc><time>24/10/2025</time><sym>circle,aqua</sym></wpt>
<wpt lat="-38.2202333" lon="144.7225"><name>Squid</name><desc>
16/10/2025</desc><time>16/10/2025</time><sym>circle,aqua</sym></wpt>
<wpt lat="-38.22065" lon="144.7351"><name>Whiting</name><desc>Swan Bay Coles Channel
5/01/202630/12/202522/12/202515/12/20258/12/2025</desc><time>5/01/2026</time><sym>circle,yellow</sym></wpt>
<wpt lat="-38.2218167" lon="144.7247"><name>Squid</name><desc>St Leonards / Indent
11/12/20256/11/202524/10/2025</desc><time>11/12/2025</time><sym>circle,aqua</sym></wpt>
<wpt lat="-38.2240833" lon="145.3026667"><name>Trevally</name><desc>
16/10/2025</desc><time>16/10/2025</time><sym>circle,green</sym></wpt>
<wpt lat="-38.2253167" lon="144.9140833"><name>Snapper</name><desc>Mt Martha Deep
5/01/202630/12/202522/12/202515/12/20258/12/2025</desc><time>5/01/2026</time><sym>bigfish</sym></wpt>
<wpt lat="-38.2264" lon="145.0215"><name>Snapper</name><desc>
24/10/202516/10/2025</desc><time>24/10/2025</time><sym>bigfish</sym></wpt>
<wpt lat="-38.22835" lon="144.6945"><name>Squid</name><desc>
16/10/2025</desc><time>16/10/2025</time><sym>circle,aqua</sym></wpt>
<wpt lat="-38.2296167" lon="145.3063333"><name>Trevally</name><desc>
16/10/2025</desc><time>16/10/2025</time><sym>circle,green</sym></wpt>
<wpt lat="-38.2309333" lon="145.3063333"><name>Trevally</name><desc>
16/10/2025</desc><time>16/10/2025</time><sym>circle,green</sym></wpt>
<wpt lat="-38.2320833" lon="144.7020167"><name>Squid</name><desc>Swan Bay
11/12/20256/11/202524/10/2025</desc><time>11/12/2025</time><sym>circle,aqua</sym></wpt>
<wpt lat="-38.2332333" lon="144.782"><name>Squid</name><desc>
16/10/2025</desc><time>16/10/2025</time><sym>circle,aqua</sym></wpt>
<wpt lat="-38.2341167" lon="144.6968833"><name>Squid</name><desc>Swan Bay
24/03/202517/03/20253/03/202524/02/202517/02/2025</desc><time>24/03/2025</time><sym>circle,aqua</sym></wpt>
<wpt lat="-38.2359333" lon="144.7011667"><name>Squid</name><desc>
16/10/2025</desc><time>16/10/2025</time><sym>circle,aqua</sym></wpt>
<wpt lat="-38.23615" lon="144.7014333"><name>Squid</name><desc>Queenscliff
6/11/202524/10/2025</desc><time>6/11/2025</time><sym>circle,aqua</sym></wpt>
<wpt lat="-38.2366833" lon="144.7022667"><name>Squid</name><desc>Swan Bay
11/12/20256/11/202524/10/2025</desc><time>11/12/2025</time><sym>circle,aqua</sym></wpt>
<wpt lat="-38.2388833" lon="144.70715"><name>Whiting</name><desc>Swan Bay
20/11/202513/11/20256/11/202524/10/2025</desc><time>20/11/2025</time><sym>circle,yellow</sym></wpt>
<wpt lat="-38.2403167" lon="144.7083"><name>Whiting</name><desc>Swan Bay
5/01/202630/12/202522/12/202515/12/20258/12/2025</desc><time>5/01/2026</time><sym>circle,yellow</sym></wpt>
<wpt lat="-38.2427" lon="144.7084167"><name>Whiting</name><desc>Swan Bay
20/11/202513/11/20256/11/202524/10/2025</desc><time>20/11/2025</time><sym>circle,yellow</sym></wpt>
<wpt lat="-38.2433" lon="145.4206"><name>Snapper</name><desc>Lsalls
22/09/202515/09/20258/09/20251/09/202525/08/2025</desc><time>22/09/2025</time><sym>bigfish</sym></wpt>
<wpt lat="-38.2437167" lon="145.42135"><name>Snapper</name><desc>Llyalls
5/01/202630/12/202522/12/202515/12/20258/12/2025</desc><time>5/01/2026</time><sym>bigfish</sym></wpt>
<wpt lat="-38.2442833" lon="145.4215833"><name>Snapper</name><desc>Lyallas channel
5/01/202630/12/202522/12/202515/12/20258/12/2025</desc><time>5/01/2026</time><sym>bigfish</sym></wpt>
<wpt lat="-38.2445833" lon="145.4204333"><name>Snapper</name><desc>Lyalls
5/05/202528/04/202521/04/202514/04/20257/04/2025</desc><time>5/05/2025</time><sym>bigfish</sym></wpt>
<wpt lat="-38.2447333" lon="145.3973333"><name>Whiting</name><desc>
24/10/202516/10/2025</desc><time>24/10/2025</time><sym>circle,yellow</sym></wpt>
<wpt lat="-38.2448167" lon="145.4183333"><name>Snapper</name><desc>
16/10/2025</desc><time>16/10/2025</time><sym>bigfish</sym></wpt>
<wpt lat="-38.2479667" lon="145.4282667"><name>Gummy</name><desc>Lyalls
3/03/202524/02/202517/02/202510/02/202527/01/2025</desc><time>3/03/2025</time><sym>bigfish</sym></wpt>
<wpt lat="-38.2483833" lon="145.3721667"><name>Whiting</name><desc>
24/10/202516/10/2025</desc><time>24/10/2025</time><sym>circle,yellow</sym></wpt>
<wpt lat="-38.2504167" lon="145.3166667"><name>Whiting</name><desc>
24/10/202516/10/2025</desc><time>24/10/2025</time><sym>circle,yellow</sym></wpt>
<wpt lat="-38.2505" lon="145.401"><name>Whiting</name><desc>
16/10/2025</desc><time>16/10/2025</time><sym>circle,yellow</sym></wpt>
<wpt lat="-38.25055" lon="144.8045"><name>Squid</name><desc>
16/10/2025</desc><time>16/10/2025</time><sym>circle,aqua</sym></wpt>
<wpt lat="-38.2508167" lon="144.8079"><name>Squid</name><desc>Around Mud Island
11/12/202513/11/20256/11/202524/10/2025</desc><time>11/12/2025</time><sym>circle,aqua</sym></wpt>
<wpt lat="-38.2510667" lon="145.3295"><name>Whiting</name><desc>
24/10/202516/10/2025</desc><time>24/10/2025</time><sym>circle,yellow</sym></wpt>
<wpt lat="-38.2515167" lon="144.7556"><name>Gummy</name><desc>Mud Island connecting areas
8/12/20251/12/202524/11/202517/11/202510/11/2025</desc><time>8/12/2025</time><sym>bigfish</sym></wpt>
<wpt lat="-38.2515167" lon="144.7556"><name>Snapper</name><desc>Mud Island connecting areas 
5/01/2026</desc><time>5/01/2026</time><sym>bigfish</sym></wpt>
<wpt lat="-38.2515167" lon="144.7556"><name>Squid</name><desc>Mud Island connecting areas 
30/12/202515/12/2025</desc><time>30/12/2025</time><sym>circle,aqua</sym></wpt>
<wpt lat="-38.2515167" lon="144.7556"><name>Whiting</name><desc>Mud Island connecting areas 
22/12/2025</desc><time>22/12/2025</time><sym>circle,yellow</sym></wpt>
<wpt lat="-38.2523833" lon="145.3171667"><name>Whiting</name><desc>
24/10/202516/10/2025</desc><time>24/10/2025</time><sym>circle,yellow</sym></wpt>
<wpt lat="-38.2524333" lon="145.3173333"><name>Whiting</name><desc>
24/10/202516/10/2025</desc><time>24/10/2025</time><sym>circle,yellow</sym></wpt>
<wpt lat="-38.25255" lon="145.3594667"><name>Gummy</name><desc>Warneet
19/05/202512/05/20255/05/202528/04/202521/04/2025</desc><time>19/05/2025</time><sym>bigfish</sym></wpt>
<wpt lat="-38.25285" lon="144.8033333"><name>Whiting</name><desc>
24/10/202516/10/2025</desc><time>24/10/2025</time><sym>circle,yellow</sym></wpt>
<wpt lat="-38.2531667" lon="145.3475"><name>Whiting</name><desc>
24/10/202516/10/2025</desc><time>24/10/2025</time><sym>circle,yellow</sym></wpt>
<wpt lat="-38.2540333" lon="145.2733667"><name>Squid</name><desc>Quail Bank
7/04/202531/03/202524/03/202517/03/20253/03/2025</desc><time>7/04/2025</time><sym>circle,aqua</sym></wpt>
<wpt lat="-38.2545333" lon="144.8075"><name>Gummy</name><desc>
24/10/2025</desc><time>24/10/2025</time><sym>bigfish</sym></wpt>
<wpt lat="-38.2549167" lon="144.807"><name>Gummy</name><desc>
24/10/2025</desc><time>24/10/2025</time><sym>bigfish</sym></wpt>
<wpt lat="-38.2549667" lon="144.8069333"><name>Whiting</name><desc>
24/10/2025</desc><time>24/10/2025</time><sym>circle,yellow</sym></wpt>
<wpt lat="-38.2550667" lon="144.7451833"><name>Gummy</name><desc>Symonds Channel
11/12/20256/11/202524/10/2025</desc><time>11/12/2025</time><sym>bigfish</sym></wpt>
<wpt lat="-38.2552333" lon="145.3309833"><name>Whiting</name><desc>Warnett
19/05/202512/05/20255/05/202528/04/202521/04/2025</desc><time>19/05/2025</time><sym>circle,yellow</sym></wpt>
<wpt lat="-38.2552833" lon="145.3363833"><name>Gummy</name><desc>Warneet 
30/12/2025</desc><time>30/12/2025</time><sym>bigfish</sym></wpt>
<wpt lat="-38.2552833" lon="145.3363833"><name>Snapper</name><desc>Warneet 
22/12/2025</desc><time>22/12/2025</time><sym>bigfish</sym></wpt>
<wpt lat="-38.2552833" lon="145.3363833"><name>Whiting</name><desc>Warneet
5/01/202615/12/20258/12/20251/12/202524/11/2025</desc><time>5/01/2026</time><sym>circle,yellow</sym></wpt>
<wpt lat="-38.2569333" lon="145.3393333"><name>Whiting</name><desc>
24/10/202516/10/2025</desc><time>24/10/2025</time><sym>circle,yellow</sym></wpt>
<wpt lat="-38.2572833" lon="144.6871833"><name>Squid</name><desc>Queenscliff
6/11/202524/10/2025</desc><time>6/11/2025</time><sym>circle,aqua</sym></wpt>
<wpt lat="-38.2573833" lon="144.6903333"><name>Squid</name><desc>
16/10/2025</desc><time>16/10/2025</time><sym>circle,aqua</sym></wpt>
<wpt lat="-38.2577167" lon="145.3935"><name>Snapper</name><desc>
16/10/2025</desc><time>16/10/2025</time><sym>bigfish</sym></wpt>
<wpt lat="-38.2583167" lon="145.3815"><name>Whiting</name><desc>
24/10/202516/10/2025</desc><time>24/10/2025</time><sym>circle,yellow</sym></wpt>
<wpt lat="-38.2584833" lon="144.7506333"><name>Gummy</name><desc>Symonds channel
8/12/20251/12/202524/11/202517/11/202510/11/2025</desc><time>8/12/2025</time><sym>bigfish</sym></wpt>
<wpt lat="-38.2584833" lon="144.7506333"><name>Snapper</name><desc>Symonds channel 
5/01/2026</desc><time>5/01/2026</time><sym>bigfish</sym></wpt>
<wpt lat="-38.2584833" lon="144.7506333"><name>Squid</name><desc>Symonds channel 
30/12/202515/12/2025</desc><time>30/12/2025</time><sym>circle,aqua</sym></wpt>
<wpt lat="-38.2584833" lon="144.7506333"><name>Whiting</name><desc>Symonds channel 
22/12/2025</desc><time>22/12/2025</time><sym>circle,yellow</sym></wpt>
<wpt lat="-38.25855" lon="145.3507167"><name>Gummy</name><desc>Warneet
5/01/202630/12/202522/12/202515/12/20258/12/2025</desc><time>5/01/2026</time><sym>bigfish</sym></wpt>
<wpt lat="-38.259" lon="145.2790333"><name>Squid</name><desc>Quail Bank
30/12/202522/12/202515/12/20258/12/20251/12/2025</desc><time>30/12/2025</time><sym>circle,aqua</sym></wpt>
<wpt lat="-38.259" lon="145.2790333"><name>Whiting</name><desc>Quail Bank 
5/01/2026</desc><time>5/01/2026</time><sym>circle,yellow</sym></wpt>
<wpt lat="-38.2592333" lon="144.754"><name>Squid</name><desc>
16/10/2025</desc><time>16/10/2025</time><sym>circle,aqua</sym></wpt>
<wpt lat="-38.2596833" lon="144.7865667"><name>Flathead</name><desc>Mud Island
5/01/202630/12/202522/12/202515/12/20258/12/2025</desc><time>5/01/2026</time><sym>circle,yellow</sym></wpt>
<wpt lat="-38.2599167" lon="144.6904"><name>Whiting</name><desc>Swan Island
7/07/20251/07/202523/06/202516/06/20259/06/2025</desc><time>7/07/2025</time><sym>circle,yellow</sym></wpt>
<wpt lat="-38.2600333" lon="144.6941"><name>Whiting</name><desc>Queenscliff
6/11/202524/10/2025</desc><time>6/11/2025</time><sym>circle,yellow</sym></wpt>
<wpt lat="-38.2602333" lon="144.6871667"><name>Squid</name><desc>
16/10/2025</desc><time>16/10/2025</time><sym>circle,aqua</sym></wpt>
<wpt lat="-38.2604667" lon="144.6869167"><name>Whiting</name><desc>Swan Bay
7/07/20251/07/202523/06/202516/06/20259/06/2025</desc><time>7/07/2025</time><sym>circle,yellow</sym></wpt>
<wpt lat="-38.2605667" lon="145.316"><name>Whiting</name><desc>
24/12/202524/10/202516/10/2025</desc><time>24/12/2025</time><sym>circle,yellow</sym></wpt>
<wpt lat="-38.2610167" lon="144.6856667"><name>Squid</name><desc>
16/10/2025</desc><time>16/10/2025</time><sym>circle,aqua</sym></wpt>
<wpt lat="-38.2612667" lon="144.6902167"><name>Whiting</name><desc>Queenscliff
6/11/202524/10/2025</desc><time>6/11/2025</time><sym>circle,yellow</sym></wpt>
<wpt lat="-38.2619333" lon="144.6875333"><name>Whiting</name><desc>Queenscliff
6/11/202524/10/2025</desc><time>6/11/2025</time><sym>circle,yellow</sym></wpt>
<wpt lat="-38.2621" lon="145.2845667"><name>Gummy</name><desc>Eagle Rock 
30/12/2025</desc><time>30/12/2025</time><sym>bigfish</sym></wpt>
<wpt lat="-38.2621" lon="145.2845667"><name>Snapper</name><desc>Eagle Rock 
22/12/2025</desc><time>22/12/2025</time><sym>bigfish</sym></wpt>
<wpt lat="-38.2621" lon="145.2845667"><name>Whiting</name><desc>Eagle Rock
5/01/202615/12/20258/12/20251/12/202524/11/2025</desc><time>5/01/2026</time><sym>circle,yellow</sym></wpt>
<wpt lat="-38.2628333" lon="145.3916667"><name>Whiting</name><desc>
16/10/2025</desc><time>16/10/2025</time><sym>circle,yellow</sym></wpt>
<wpt lat="-38.26335" lon="144.7415667"><name>Gummy</name><desc>Symonds
8/12/20251/12/202524/11/202517/11/202510/11/2025</desc><time>8/12/2025</time><sym>bigfish</sym></wpt>
<wpt lat="-38.26335" lon="144.7415667"><name>Snapper</name><desc>Symonds 
5/01/2026</desc><time>5/01/2026</time><sym>bigfish</sym></wpt>
<wpt lat="-38.26335" lon="144.7415667"><name>Squid</name><desc>Symonds 
30/12/202515/12/2025</desc><time>30/12/2025</time><sym>circle,aqua</sym></wpt>
<wpt lat="-38.26335" lon="144.7415667"><name>Whiting</name><desc>Symonds 
22/12/2025</desc><time>22/12/2025</time><sym>circle,yellow</sym></wpt>
<wpt lat="-38.2659833" lon="145.2976333"><name>Snapper</name><desc>Crawfish Rock
24/03/202517/03/20253/03/202524/02/202517/02/2025</desc><time>24/03/2025</time><sym>bigfish</sym></wpt>
<wpt lat="-38.2660333" lon="145.2477667"><name>Whiting</name><desc>Tyab Bank
19/05/202512/05/20255/05/202528/04/202521/04/2025</desc><time>19/05/2025</time><sym>circle,yellow</sym></wpt>
<wpt lat="-38.2660833" lon="145.3275"><name>Whiting</name><desc>
24/10/202516/10/2025</desc><time>24/10/2025</time><sym>circle,yellow</sym></wpt>
<wpt lat="-38.2667667" lon="145.25135"><name>Whiting</name><desc>Tyab Bank
14/07/2025</desc><time>14/07/2025</time><sym>circle,yellow</sym></wpt>
<wpt lat="-38.2670167" lon="145.2981667"><name>Snapper</name><desc>
24/10/202516/10/2025</desc><time>24/10/2025</time><sym>bigfish</sym></wpt>
<wpt lat="-38.2674333" lon="145.3293333"><name>Whiting</name><desc>
24/10/202516/10/2025</desc><time>24/10/2025</time><sym>circle,yellow</sym></wpt>
<wpt lat="-38.2681167" lon="145.3035"><name>Snapper</name><desc>
24/10/202516/10/2025</desc><time>24/10/2025</time><sym>bigfish</sym></wpt>
<wpt lat="-38.26815" lon="145.3353333"><name>Whiting</name><desc>
16/10/2025</desc><time>16/10/2025</time><sym>circle,yellow</sym></wpt>
<wpt lat="-38.2683167" lon="145.2861667"><name>Snapper</name><desc>
16/10/2025</desc><time>16/10/2025</time><sym>bigfish</sym></wpt>
<wpt lat="-38.2686833" lon="145.2825"><name>Snapper</name><desc>
16/10/2025</desc><time>16/10/2025</time><sym>bigfish</sym></wpt>
<wpt lat="-38.2689333" lon="145.4253333"><name>Whiting</name><desc>
24/10/202516/10/2025</desc><time>24/10/2025</time><sym>circle,yellow</sym></wpt>
<wpt lat="-38.269" lon="145.3125"><name>Snapper</name><desc>
24/10/202516/10/2025</desc><time>24/10/2025</time><sym>bigfish</sym></wpt>
<wpt lat="-38.2690333" lon="145.3371667"><name>Snapper</name><desc>
24/10/2025</desc><time>24/10/2025</time><sym>bigfish</sym></wpt>
<wpt lat="-38.2691" lon="145.273"><name>Snapper</name><desc>
16/10/2025</desc><time>16/10/2025</time><sym>bigfish</sym></wpt>
<wpt lat="-38.2692333" lon="145.3498333"><name>Whiting</name><desc>
16/10/2025</desc><time>16/10/2025</time><sym>circle,yellow</sym></wpt>
<wpt lat="-38.2697333" lon="145.2513167"><name>Squid</name><desc>Tyab Bank
26/05/202519/05/202512/05/20255/05/202528/04/2025</desc><time>26/05/2025</time><sym>circle,aqua</sym></wpt>
<wpt lat="-38.2699" lon="145.4258333"><name>Whiting</name><desc>
24/10/202516/10/2025</desc><time>24/10/2025</time><sym>circle,yellow</sym></wpt>
<wpt lat="-38.2702" lon="144.736"><name>Gummy</name><desc>Sorrento
8/12/20251/12/202524/11/202517/11/202510/11/2025</desc><time>8/12/2025</time><sym>bigfish</sym></wpt>
<wpt lat="-38.2702" lon="144.736"><name>Snapper</name><desc>Sorrento 
5/01/2026</desc><time>5/01/2026</time><sym>bigfish</sym></wpt>
<wpt lat="-38.2702" lon="144.736"><name>Squid</name><desc>Sorrento 
30/12/202515/12/2025</desc><time>30/12/2025</time><sym>circle,aqua</sym></wpt>
<wpt lat="-38.2702" lon="144.736"><name>Whiting</name><desc>Sorrento 
22/12/2025</desc><time>22/12/2025</time><sym>circle,yellow</sym></wpt>
<wpt lat="-38.2703167" lon="145.2771667"><name>Snapper</name><desc>
16/10/2025</desc><time>16/10/2025</time><sym>bigfish</sym></wpt>
<wpt lat="-38.2704333" lon="144.7556"><name>Gummy</name><desc>Mud Island
8/12/20251/12/202524/11/202517/11/202510/11/2025</desc><time>8/12/2025</time><sym>bigfish</sym></wpt>
<wpt lat="-38.2704333" lon="144.7556"><name>Snapper</name><desc>Mud Island 
5/01/2026</desc><time>5/01/2026</time><sym>bigfish</sym></wpt>
<wpt lat="-38.2704333" lon="144.7556"><name>Squid</name><desc>Mud Island 
30/12/202515/12/2025</desc><time>30/12/2025</time><sym>circle,aqua</sym></wpt>
<wpt lat="-38.2704333" lon="144.7556"><name>Whiting</name><desc>Mud Island 
22/12/2025</desc><time>22/12/2025</time><sym>circle,yellow</sym></wpt>
<wpt lat="-38.2704833" lon="145.4041667"><name>Whiting</name><desc>
24/10/202516/10/2025</desc><time>24/10/2025</time><sym>circle,yellow</sym></wpt>
<wpt lat="-38.2705667" lon="145.2578333"><name>Snapper</name><desc>
24/10/2025</desc><time>24/10/2025</time><sym>bigfish</sym></wpt>
<wpt lat="-38.2706833" lon="145.2914"><name>Whiting</name><desc>Crawfish Rock
17/03/20253/03/202524/02/202517/02/202510/02/2025</desc><time>17/03/2025</time><sym>circle,yellow</sym></wpt>
<wpt lat="-38.2708333" lon="145.4395"><name>Snapper</name><desc>
24/10/2025</desc><time>24/10/2025</time><sym>bigfish</sym></wpt>
<wpt lat="-38.2711667" lon="144.6691667"><name>Squid</name><desc>
16/10/2025</desc><time>16/10/2025</time><sym>circle,aqua</sym></wpt>
<wpt lat="-38.2712167" lon="145.4282"><name>Snapper</name><desc>Boutlons
5/01/202630/12/202522/12/202515/12/20258/12/2025</desc><time>5/01/2026</time><sym>bigfish</sym></wpt>
<wpt lat="-38.2713333" lon="145.4496667"><name>Whiting</name><desc>Boultans Channel
14/11/202524/10/202516/10/2025</desc><time>14/11/2025</time><sym>circle,yellow</sym></wpt>
<wpt lat="-38.2716333" lon="144.8093333"><name>Whiting</name><desc>
24/10/202516/10/2025</desc><time>24/10/2025</time><sym>circle,yellow</sym></wpt>
<wpt lat="-38.2717" lon="145.4683333"><name>Snapper</name><desc>
16/10/2025</desc><time>16/10/2025</time><sym>bigfish</sym></wpt>
<wpt lat="-38.2717333" lon="144.7988333"><name>Squid</name><desc>
16/10/2025</desc><time>16/10/2025</time><sym>circle,aqua</sym></wpt>
<wpt lat="-38.2717333" lon="145.4218333"><name>Snapper</name><desc>
24/10/2025</desc><time>24/10/2025</time><sym>bigfish</sym></wpt>
<wpt lat="-38.2719667" lon="145.4198333"><name>Snapper</name><desc>
16/10/2025</desc><time>16/10/2025</time><sym>bigfish</sym></wpt>
<wpt lat="-38.2725333" lon="144.66475"><name>Squid</name><desc>Queenscliff
5/01/202630/12/202522/12/202515/12/20258/12/2025</desc><time>5/01/2026</time><sym>circle,aqua</sym></wpt>
<wpt lat="-38.2728333" lon="144.9906667"><name>Snapper</name><desc>
24/10/202516/10/2025</desc><time>24/10/2025</time><sym>bigfish</sym></wpt>
<wpt lat="-38.2729667" lon="144.8098"><name>Whiting</name><desc>Pinnace Channel Mud
24/02/202517/02/202510/02/202527/01/2025</desc><time>24/02/2025</time><sym>circle,yellow</sym></wpt>
<wpt lat="-38.2730833" lon="145.3553333"><name>Snapper</name><desc>
16/10/2025</desc><time>16/10/2025</time><sym>bigfish</sym></wpt>
<wpt lat="-38.27315" lon="144.6641667"><name>Squid</name><desc>
16/10/2025</desc><time>16/10/2025</time><sym>circle,aqua</sym></wpt>
<wpt lat="-38.27315" lon="145.354"><name>Whiting</name><desc>
16/10/2025</desc><time>16/10/2025</time><sym>circle,yellow</sym></wpt>
<wpt lat="-38.2732667" lon="145.2636667"><name>Snapper</name><desc>
24/10/2025</desc><time>24/10/2025</time><sym>bigfish</sym></wpt>
<wpt lat="-38.2736" lon="144.8092333"><name>Whiting</name><desc>
24/10/2025</desc><time>24/10/2025</time><sym>circle,yellow</sym></wpt>
<wpt lat="-38.2737167" lon="144.79645"><name>Squid</name><desc>Around Mud Island
11/12/202513/11/20256/11/202524/10/2025</desc><time>11/12/2025</time><sym>circle,aqua</sym></wpt>
<wpt lat="-38.2739167" lon="144.6626667"><name>Squid</name><desc>Lonsdale Bight
24/12/202510/12/202530/10/202516/10/2025</desc><time>24/12/2025</time><sym>circle,aqua</sym></wpt>
<wpt lat="-38.2739333" lon="144.6630833"><name>Squid</name><desc>Queenscliff
5/05/202528/04/202521/04/202514/04/20257/04/2025</desc><time>5/05/2025</time><sym>circle,aqua</sym></wpt>
<wpt lat="-38.2739333" lon="145.3914167"><name>Gummy</name><desc>Bouchers
24/03/202517/03/20253/03/202524/02/202517/02/2025</desc><time>24/03/2025</time><sym>bigfish</sym></wpt>
<wpt lat="-38.27395" lon="145.2775"><name>Snapper</name><desc>
24/10/2025</desc><time>24/10/2025</time><sym>bigfish</sym></wpt>
<wpt lat="-38.27405" lon="145.2406833"><name>Squid</name><desc>Tyab Bank
7/04/202531/03/202524/03/202517/03/20253/03/2025</desc><time>7/04/2025</time><sym>circle,aqua</sym></wpt>
<wpt lat="-38.2741" lon="144.8025833"><name>Squid</name><desc>Pinnace Channel
30/12/202522/12/202515/12/20258/12/20251/12/2025</desc><time>30/12/2025</time><sym>circle,aqua</sym></wpt>
<wpt lat="-38.2741" lon="144.8025833"><name>Whiting</name><desc>Pinnace Channel 
5/01/2026</desc><time>5/01/2026</time><sym>circle,yellow</sym></wpt>
<wpt lat="-38.2742833" lon="144.6618333"><name>Squid</name><desc>
16/10/2025</desc><time>16/10/2025</time><sym>circle,aqua</sym></wpt>
<wpt lat="-38.27435" lon="144.8006667"><name>Squid</name><desc>
16/10/2025</desc><time>16/10/2025</time><sym>circle,aqua</sym></wpt>
<wpt lat="-38.27435" lon="145.357"><name>Whiting</name><desc>
16/10/2025</desc><time>16/10/2025</time><sym>circle,yellow</sym></wpt>
<wpt lat="-38.2744833" lon="144.65485"><name>Whiting</name><desc>Point Lonsdale
7/07/20251/07/202523/06/202516/06/20259/06/2025</desc><time>7/07/2025</time><sym>circle,yellow</sym></wpt>
<wpt lat="-38.2745" lon="145.2410333"><name>Squid</name><desc>Tyab Bank
30/12/202522/12/202515/12/20258/12/20251/12/2025</desc><time>30/12/2025</time><sym>circle,aqua</sym></wpt>
<wpt lat="-38.2745" lon="145.2410333"><name>Whiting</name><desc>Tyab Bank 
5/01/2026</desc><time>5/01/2026</time><sym>circle,yellow</sym></wpt>
<wpt lat="-38.2745833" lon="145.4019667"><name>Whiting</name><desc>Tooradin
12/05/20255/05/202528/04/202521/04/202514/04/2025</desc><time>12/05/2025</time><sym>circle,yellow</sym></wpt>
<wpt lat="-38.2746" lon="144.6537167"><name>Whiting</name><desc>Queenscliff
12/05/20255/05/202528/04/202521/04/202514/04/2025</desc><time>12/05/2025</time><sym>circle,yellow</sym></wpt>
<wpt lat="-38.2746333" lon="144.6437"><name>Snook</name><desc>Queenscliff
15/09/20258/09/20251/09/202525/08/202518/08/2025</desc><time>15/09/2025</time><sym>circle,green</sym></wpt>
<wpt lat="-38.2746667" lon="144.809"><name>Whiting</name><desc>
24/10/202516/10/2025</desc><time>24/10/2025</time><sym>circle,yellow</sym></wpt>
<wpt lat="-38.2747333" lon="145.457"><name>Snapper</name><desc>
24/10/202516/10/2025</desc><time>24/10/2025</time><sym>bigfish</sym></wpt>
<wpt lat="-38.2747667" lon="145.3933333"><name>Whiting</name><desc>
24/10/202516/10/2025</desc><time>24/10/2025</time><sym>circle,yellow</sym></wpt>
<wpt lat="-38.2748833" lon="144.6497333"><name>Squid</name><desc>Queenscliff
5/05/202528/04/202521/04/202514/04/20257/04/2025</desc><time>5/05/2025</time><sym>circle,aqua</sym></wpt>
<wpt lat="-38.2749167" lon="144.6553333"><name>Squid</name><desc>Queenscliff
6/11/202524/10/2025</desc><time>6/11/2025</time><sym>circle,aqua</sym></wpt>
<wpt lat="-38.2750333" lon="144.8130667"><name>Whiting</name><desc>Mud Island
5/01/202630/12/202522/12/202515/12/20258/12/2025</desc><time>5/01/2026</time><sym>circle,yellow</sym></wpt>
<wpt lat="-38.2751167" lon="144.6576"><name>Squid</name><desc>Queenscliff
24/03/202517/03/20253/03/202524/02/202517/02/2025</desc><time>24/03/2025</time><sym>circle,aqua</sym></wpt>
<wpt lat="-38.2757833" lon="144.8154333"><name>Whiting</name><desc>Mud Island
5/01/202630/12/202522/12/202515/12/20258/12/2025</desc><time>5/01/2026</time><sym>circle,yellow</sym></wpt>
<wpt lat="-38.2759333" lon="145.3281667"><name>Snapper</name><desc>
24/10/2025</desc><time>24/10/2025</time><sym>bigfish</sym></wpt>
<wpt lat="-38.2761833" lon="145.3593"><name>Snapper</name><desc>Joe’s Island
5/01/202630/12/202522/12/202515/12/20258/12/2025</desc><time>5/01/2026</time><sym>bigfish</sym></wpt>
<wpt lat="-38.2762333" lon="145.4595"><name>Whiting</name><desc>
24/10/202516/10/2025</desc><time>24/10/2025</time><sym>circle,yellow</sym></wpt>
<wpt lat="-38.2765" lon="145.3747833"><name>Gummy</name><desc>Cockyanes
24/03/202517/03/20253/03/202524/02/202517/02/2025</desc><time>24/03/2025</time><sym>bigfish</sym></wpt>
<wpt lat="-38.2768167" lon="144.9444167"><name>Snapper</name><desc>Mt Martha
24/03/202517/03/20253/03/202524/02/202517/02/2025</desc><time>24/03/2025</time><sym>bigfish</sym></wpt>
<wpt lat="-38.2768333" lon="144.7998"><name>Squid</name><desc>Mud Island
5/01/202630/12/202522/12/202515/12/20258/12/2025</desc><time>5/01/2026</time><sym>circle,aqua</sym></wpt>
<wpt lat="-38.2768667" lon="144.6466667"><name>Squid</name><desc>
16/10/2025</desc><time>16/10/2025</time><sym>circle,aqua</sym></wpt>
<wpt lat="-38.277" lon="144.8089333"><name>Whiting</name><desc>
24/10/2025</desc><time>24/10/2025</time><sym>circle,yellow</sym></wpt>
<wpt lat="-38.27745" lon="145.3567833"><name>Snapper</name><desc>Joe’s Island
5/01/202630/12/202522/12/202515/12/20258/12/2025</desc><time>5/01/2026</time><sym>bigfish</sym></wpt>
<wpt lat="-38.2775167" lon="145.2560833"><name>Gummy</name><desc>Tyab Bank
3/03/202524/02/202517/02/202510/02/202527/01/2025</desc><time>3/03/2025</time><sym>bigfish</sym></wpt>
<wpt lat="-38.2782833" lon="145.3281667"><name>Whiting</name><desc>
24/10/202516/10/2025</desc><time>24/10/2025</time><sym>circle,yellow</sym></wpt>
<wpt lat="-38.2791833" lon="145.4248333"><name>Whiting</name><desc>
24/10/202516/10/2025</desc><time>24/10/2025</time><sym>circle,yellow</sym></wpt>
<wpt lat="-38.2797167" lon="145.412"><name>Whiting</name><desc>
24/10/202516/10/2025</desc><time>24/10/2025</time><sym>circle,yellow</sym></wpt>
<wpt lat="-38.2798833" lon="145.363"><name>Snapper</name><desc>
16/10/2025</desc><time>16/10/2025</time><sym>bigfish</sym></wpt>
<wpt lat="-38.2800333" lon="145.3618333"><name>Snapper</name><desc>
24/10/2025</desc><time>24/10/2025</time><sym>bigfish</sym></wpt>
<wpt lat="-38.2801333" lon="145.2398333"><name>Snapper</name><desc>
24/10/2025</desc><time>24/10/2025</time><sym>bigfish</sym></wpt>
<wpt lat="-38.28015" lon="145.23465"><name>Squid</name><desc>Tyab Bank
30/12/202522/12/202515/12/20258/12/20251/12/2025</desc><time>30/12/2025</time><sym>circle,aqua</sym></wpt>
<wpt lat="-38.28015" lon="145.23465"><name>Whiting</name><desc>Tyab Bank 
5/01/2026</desc><time>5/01/2026</time><sym>circle,yellow</sym></wpt>
<wpt lat="-38.2807167" lon="145.4341667"><name>Whiting</name><desc>
24/10/202516/10/2025</desc><time>24/10/2025</time><sym>circle,yellow</sym></wpt>
<wpt lat="-38.2811333" lon="144.6322"><name>Squid</name><desc>Queenscliff
6/11/202524/10/2025</desc><time>6/11/2025</time><sym>circle,aqua</sym></wpt>
<wpt lat="-38.2813167" lon="144.635"><name>Squid</name><desc>
16/10/2025</desc><time>16/10/2025</time><sym>circle,aqua</sym></wpt>
<wpt lat="-38.2820167" lon="144.8300833"><name>Gummy</name><desc>Mud Island
8/12/20251/12/202524/11/202517/11/202510/11/2025</desc><time>8/12/2025</time><sym>bigfish</sym></wpt>
<wpt lat="-38.2820167" lon="144.8300833"><name>Snapper</name><desc>Mud Island 
5/01/2026</desc><time>5/01/2026</time><sym>bigfish</sym></wpt>
<wpt lat="-38.2820167" lon="144.8300833"><name>Squid</name><desc>Mud Island 
30/12/202515/12/2025</desc><time>30/12/2025</time><sym>circle,aqua</sym></wpt>
<wpt lat="-38.2820167" lon="144.8300833"><name>Whiting</name><desc>Mud Island 
22/12/2025</desc><time>22/12/2025</time><sym>circle,yellow</sym></wpt>
<wpt lat="-38.2828667" lon="144.7835"><name>Squid</name><desc>
16/10/2025</desc><time>16/10/2025</time><sym>circle,aqua</sym></wpt>
<wpt lat="-38.28305" lon="144.9775833"><name>Snook</name><desc>Mt Martha
15/09/20258/09/20251/09/202525/08/202518/08/2025</desc><time>15/09/2025</time><sym>circle,green</sym></wpt>
<wpt lat="-38.2831167" lon="145.3672167"><name>Gummy</name><desc>Joes Island
24/03/202517/03/20253/03/202524/02/202517/02/2025</desc><time>24/03/2025</time><sym>bigfish</sym></wpt>
<wpt lat="-38.2838833" lon="144.6326667"><name>Squid</name><desc>
16/10/2025</desc><time>16/10/2025</time><sym>circle,aqua</sym></wpt>
<wpt lat="-38.2848667" lon="145.26665"><name>Gummy</name><desc>Tyab Bank 
30/12/2025</desc><time>30/12/2025</time><sym>bigfish</sym></wpt>
<wpt lat="-38.2848667" lon="145.26665"><name>Snapper</name><desc>Tyab Bank 
22/12/2025</desc><time>22/12/2025</time><sym>bigfish</sym></wpt>
<wpt lat="-38.2848667" lon="145.26665"><name>Whiting</name><desc>Tyab Bank
5/01/202615/12/20258/12/20251/12/202524/11/2025</desc><time>5/01/2026</time><sym>circle,yellow</sym></wpt>
<wpt lat="-38.2848667" lon="145.3583333"><name>Whiting</name><desc>
24/10/2025</desc><time>24/10/2025</time><sym>circle,yellow</sym></wpt>
<wpt lat="-38.2872833" lon="145.3535"><name>Whiting</name><desc>
24/10/2025</desc><time>24/10/2025</time><sym>circle,yellow</sym></wpt>
<wpt lat="-38.2874167" lon="144.9711667"><name>Squid</name><desc>Mt Martha
30/12/202522/12/202515/12/20258/12/20251/12/2025</desc><time>30/12/2025</time><sym>circle,aqua</sym></wpt>
<wpt lat="-38.2874167" lon="144.9711667"><name>Whiting</name><desc>Mt Martha 
5/01/2026</desc><time>5/01/2026</time><sym>circle,yellow</sym></wpt>
<wpt lat="-38.2881333" lon="144.7805"><name>Squid</name><desc>
16/10/2025</desc><time>16/10/2025</time><sym>circle,aqua</sym></wpt>
<wpt lat="-38.2882" lon="145.2644667"><name>Whiting</name><desc>Tyab Bank
19/05/202512/05/20255/05/202528/04/202521/04/2025</desc><time>19/05/2025</time><sym>circle,yellow</sym></wpt>
<wpt lat="-38.28865" lon="145.367"><name>Whiting</name><desc>
24/10/202516/10/2025</desc><time>24/10/2025</time><sym>circle,yellow</sym></wpt>
<wpt lat="-38.2897833" lon="145.361"><name>Whiting</name><desc>
24/10/2025</desc><time>24/10/2025</time><sym>circle,yellow</sym></wpt>
<wpt lat="-38.28985" lon="145.3613333"><name>Whiting</name><desc>
24/10/202516/10/2025</desc><time>24/10/2025</time><sym>circle,yellow</sym></wpt>
<wpt lat="-38.2905" lon="144.9726667"><name>Snapper</name><desc>Mt Martha Artificial
14/11/202524/10/202516/10/2025</desc><time>14/11/2025</time><sym>bigfish</sym></wpt>
<wpt lat="-38.2917167" lon="145.367"><name>Whiting</name><desc>
24/10/202516/10/2025</desc><time>24/10/2025</time><sym>circle,yellow</sym></wpt>
<wpt lat="-38.2922167" lon="144.7876667"><name>Squid</name><desc>Pinnace
1/01/20264/12/202527/11/202530/10/202516/10/2025</desc><time>1/01/2026</time><sym>circle,aqua</sym></wpt>
<wpt lat="-38.2944167" lon="144.70975"><name>Gummy</name><desc>South Channel
11/12/20256/11/202524/10/2025</desc><time>11/12/2025</time><sym>bigfish</sym></wpt>
<wpt lat="-38.2952333" lon="144.6321167"><name>Kingfish</name><desc>The Rip
7/04/202531/03/202524/03/202517/03/20253/03/2025</desc><time>7/04/2025</time><sym>bigfish</sym></wpt>
<wpt lat="-38.2957" lon="144.7042667"><name>Gummy</name><desc>Portsea
8/12/20251/12/202524/11/202517/11/202510/11/2025</desc><time>8/12/2025</time><sym>bigfish</sym></wpt>
<wpt lat="-38.2957" lon="144.7042667"><name>Snapper</name><desc>Portsea 
5/01/2026</desc><time>5/01/2026</time><sym>bigfish</sym></wpt>
<wpt lat="-38.2957" lon="144.7042667"><name>Squid</name><desc>Portsea 
30/12/202515/12/2025</desc><time>30/12/2025</time><sym>circle,aqua</sym></wpt>
<wpt lat="-38.2957" lon="144.7042667"><name>Whiting</name><desc>Portsea 
22/12/2025</desc><time>22/12/2025</time><sym>circle,yellow</sym></wpt>
<wpt lat="-38.2963667" lon="144.72"><name>Gummy</name><desc>
24/10/2025</desc><time>24/10/2025</time><sym>bigfish</sym></wpt>
<wpt lat="-38.2967167" lon="144.7313833"><name>Gummy</name><desc>Good action this week
8/12/20251/12/202524/11/202517/11/202510/11/2025</desc><time>8/12/2025</time><sym>bigfish</sym></wpt>
<wpt lat="-38.2967167" lon="144.7313833"><name>Snapper</name><desc>Good action this week 
5/01/2026</desc><time>5/01/2026</time><sym>bigfish</sym></wpt>
<wpt lat="-38.2967167" lon="144.7313833"><name>Squid</name><desc>Good action this week 
30/12/202515/12/2025</desc><time>30/12/2025</time><sym>circle,aqua</sym></wpt>
<wpt lat="-38.2967167" lon="144.7313833"><name>Whiting</name><desc>Good action this week 
22/12/2025</desc><time>22/12/2025</time><sym>circle,yellow</sym></wpt>
<wpt lat="-38.2983" lon="144.8375"><name>Whiting</name><desc>
24/10/2025</desc><time>24/10/2025</time><sym>circle,yellow</sym></wpt>
<wpt lat="-38.2986833" lon="144.8378333"><name>Whiting</name><desc>
24/10/2025</desc><time>24/10/2025</time><sym>circle,yellow</sym></wpt>
<wpt lat="-38.29885" lon="144.8371667"><name>Squid</name><desc>
16/10/2025</desc><time>16/10/2025</time><sym>circle,aqua</sym></wpt>
<wpt lat="-38.2997333" lon="145.2445"><name>Gummy</name><desc>Lysarts
19/05/202512/05/20255/05/202528/04/202521/04/2025</desc><time>19/05/2025</time><sym>bigfish</sym></wpt>
<wpt lat="-38.2997833" lon="144.8386667"><name>Squid</name><desc>
24/10/202516/10/2025</desc><time>24/10/2025</time><sym>circle,aqua</sym></wpt>
<wpt lat="-38.2999167" lon="144.8286667"><name>Squid</name><desc>
24/10/202516/10/2025</desc><time>24/10/2025</time><sym>circle,aqua</sym></wpt>
<wpt lat="-38.30025" lon="144.8123333"><name>Squid</name><desc>
24/10/202516/10/2025</desc><time>24/10/2025</time><sym>circle,aqua</sym></wpt>
<wpt lat="-38.3003667" lon="144.7886167"><name>Flathead</name><desc>Pinnace Channel
5/01/202630/12/202522/12/202515/12/20258/12/2025</desc><time>5/01/2026</time><sym>circle,yellow</sym></wpt>
<wpt lat="-38.3013167" lon="145.2495667"><name>Snapper</name><desc>Hastings
5/05/202528/04/202521/04/202514/04/20257/04/2025</desc><time>5/05/2025</time><sym>bigfish</sym></wpt>
<wpt lat="-38.3026667" lon="145.2387"><name>Snapper</name><desc>Tyab
5/05/202528/04/202521/04/202514/04/20257/04/2025</desc><time>5/05/2025</time><sym>bigfish</sym></wpt>
<wpt lat="-38.3027833" lon="144.762"><name>Gummy</name><desc>
24/10/2025</desc><time>24/10/2025</time><sym>bigfish</sym></wpt>
<wpt lat="-38.3028333" lon="144.7598333"><name>Gummy</name><desc>
24/10/2025</desc><time>24/10/2025</time><sym>bigfish</sym></wpt>
<wpt lat="-38.30395" lon="145.2361667"><name>Snapper</name><desc>Buoy 31 early
5/01/202630/12/202522/12/202515/12/20258/12/2025</desc><time>5/01/2026</time><sym>bigfish</sym></wpt>
<wpt lat="-38.30415" lon="144.8369167"><name>Flathead</name><desc>Mud Island
21/07/202514/07/20257/07/20251/07/202523/06/2025</desc><time>21/07/2025</time><sym>circle,yellow</sym></wpt>
<wpt lat="-38.3042" lon="144.84"><name>Squid</name><desc>
24/10/202516/10/2025</desc><time>24/10/2025</time><sym>circle,aqua</sym></wpt>
<wpt lat="-38.30655" lon="144.8000667"><name>Garfish</name><desc>
24/10/2025</desc><time>24/10/2025</time><sym>circle,green</sym></wpt>
<wpt lat="-38.3068" lon="145.4974"><name>Snapper</name><desc>Lang Lang
22/09/202515/09/20258/09/20251/09/202525/08/2025</desc><time>22/09/2025</time><sym>bigfish</sym></wpt>
<wpt lat="-38.30695" lon="144.8009333"><name>Garfish</name><desc>
24/10/2025</desc><time>24/10/2025</time><sym>circle,green</sym></wpt>
<wpt lat="-38.3073667" lon="144.7341667"><name>Gummy</name><desc>
24/10/2025</desc><time>24/10/2025</time><sym>bigfish</sym></wpt>
<wpt lat="-38.3074167" lon="144.4564667"><name>Tuna</name><desc>Breamlea
7/04/202531/03/202524/03/202517/03/20253/03/2025</desc><time>7/04/2025</time><sym>bigfish</sym></wpt>
<wpt lat="-38.3075333" lon="144.7332667"><name>Gummy</name><desc>South Channel
11/12/20256/11/202524/10/2025</desc><time>11/12/2025</time><sym>bigfish</sym></wpt>
<wpt lat="-38.30765" lon="144.7346667"><name>Gummy</name><desc>
24/10/2025</desc><time>24/10/2025</time><sym>bigfish</sym></wpt>
<wpt lat="-38.30805" lon="144.7821667"><name>Gummy</name><desc>
24/10/2025</desc><time>24/10/2025</time><sym>bigfish</sym></wpt>
<wpt lat="-38.3083167" lon="144.5747167"><name>Gummy</name><desc>Offshore outside heads
8/12/20251/12/202524/11/202517/11/202510/11/2025</desc><time>8/12/2025</time><sym>bigfish</sym></wpt>
<wpt lat="-38.3083167" lon="144.5747167"><name>Snapper</name><desc>Offshore outside heads 
5/01/2026</desc><time>5/01/2026</time><sym>bigfish</sym></wpt>
<wpt lat="-38.3083167" lon="144.5747167"><name>Squid</name><desc>Offshore outside heads 
30/12/202515/12/2025</desc><time>30/12/2025</time><sym>circle,aqua</sym></wpt>
<wpt lat="-38.3083167" lon="144.5747167"><name>Whiting</name><desc>Offshore outside heads 
22/12/2025</desc><time>22/12/2025</time><sym>circle,yellow</sym></wpt>
<wpt lat="-38.30875" lon="144.5571167"><name>Gummy</name><desc>Offshore 
11/12/202520/11/202513/11/20256/11/202524/10/2025</desc><time>11/12/2025</time><sym>bigfish</sym></wpt>
<wpt lat="-38.3099333" lon="144.7441667"><name>Gummy</name><desc>
24/10/2025</desc><time>24/10/2025</time><sym>bigfish</sym></wpt>
<wpt lat="-38.3104167" lon="145.4949167"><name>Snapper</name><desc>Lang Lang
5/01/202630/12/202522/12/202515/12/20258/12/2025</desc><time>5/01/2026</time><sym>bigfish</sym></wpt>
<wpt lat="-38.3116667" lon="144.8163333"><name>Squid</name><desc>
24/10/2025</desc><time>24/10/2025</time><sym>circle,aqua</sym></wpt>
<wpt lat="-38.3125833" lon="144.8161667"><name>Squid</name><desc>
24/10/2025</desc><time>24/10/2025</time><sym>circle,aqua</sym></wpt>
<wpt lat="-38.3129167" lon="144.8927833"><name>Snapper</name><desc>Rosebud
5/01/202630/12/202522/12/202515/12/20258/12/2025</desc><time>5/01/2026</time><sym>bigfish</sym></wpt>
<wpt lat="-38.3138333" lon="144.8691333"><name>Flathead</name><desc>Rosebud Deep
5/05/202528/04/202521/04/202514/04/20257/04/2025</desc><time>5/05/2025</time><sym>circle,yellow</sym></wpt>
<wpt lat="-38.3149167" lon="144.7071667"><name>Squid</name><desc>
24/10/2025</desc><time>24/10/2025</time><sym>circle,aqua</sym></wpt>
<wpt lat="-38.3151" lon="144.77285"><name>Gummy</name><desc>South Channel
11/12/20256/11/202524/10/2025</desc><time>11/12/2025</time><sym>bigfish</sym></wpt>
<wpt lat="-38.3152667" lon="144.7977"><name>Gummy</name><desc>South Channel
8/12/20251/12/202524/11/202517/11/202510/11/2025</desc><time>8/12/2025</time><sym>bigfish</sym></wpt>
<wpt lat="-38.3152667" lon="144.7977"><name>Snapper</name><desc>South Channel 
5/01/2026</desc><time>5/01/2026</time><sym>bigfish</sym></wpt>
<wpt lat="-38.3152667" lon="144.7977"><name>Squid</name><desc>South Channel 
30/12/202515/12/2025</desc><time>30/12/2025</time><sym>circle,aqua</sym></wpt>
<wpt lat="-38.3152667" lon="144.7977"><name>Whiting</name><desc>South Channel 
22/12/2025</desc><time>22/12/2025</time><sym>circle,yellow</sym></wpt>
<wpt lat="-38.3155" lon="144.5380667"><name>Gummy</name><desc>Offshore 
11/12/202520/11/202513/11/20256/11/202524/10/2025</desc><time>11/12/2025</time><sym>bigfish</sym></wpt>
<wpt lat="-38.3157833" lon="144.7098333"><name>Squid</name><desc>
24/10/2025</desc><time>24/10/2025</time><sym>circle,aqua</sym></wpt>
<wpt lat="-38.3172667" lon="144.7157167"><name>Whiting</name><desc>Portsea
5/01/202630/12/202522/12/202515/12/20258/12/2025</desc><time>5/01/2026</time><sym>circle,yellow</sym></wpt>
<wpt lat="-38.3172667" lon="144.7159333"><name>Squid</name><desc>Portsea
30/12/202522/12/202515/12/20258/12/20251/12/2025</desc><time>30/12/2025</time><sym>circle,aqua</sym></wpt>
<wpt lat="-38.3172667" lon="144.7159333"><name>Whiting</name><desc>Portsea 
5/01/2026</desc><time>5/01/2026</time><sym>circle,yellow</sym></wpt>
<wpt lat="-38.3172667" lon="144.7164333"><name>Whiting</name><desc>Portsea
7/07/20251/07/202523/06/202516/06/20259/06/2025</desc><time>7/07/2025</time><sym>circle,yellow</sym></wpt>
<wpt lat="-38.3176833" lon="144.8413333"><name>Squid</name><desc>
24/10/2025</desc><time>24/10/2025</time><sym>circle,aqua</sym></wpt>
<wpt lat="-38.3178333" lon="144.8428333"><name>Whiting</name><desc>
24/10/2025</desc><time>24/10/2025</time><sym>circle,yellow</sym></wpt>
<wpt lat="-38.3182" lon="144.7236667"><name>Squid</name><desc>
24/10/2025</desc><time>24/10/2025</time><sym>circle,aqua</sym></wpt>
<wpt lat="-38.3182667" lon="144.4514333"><name>Gummy</name><desc>Barwon Heads
8/12/20251/12/202524/11/202517/11/202510/11/2025</desc><time>8/12/2025</time><sym>bigfish</sym></wpt>
<wpt lat="-38.3182667" lon="144.4514333"><name>Snapper</name><desc>Barwon Heads 
5/01/2026</desc><time>5/01/2026</time><sym>bigfish</sym></wpt>
<wpt lat="-38.3182667" lon="144.4514333"><name>Squid</name><desc>Barwon Heads 
30/12/202515/12/2025</desc><time>30/12/2025</time><sym>circle,aqua</sym></wpt>
<wpt lat="-38.3182667" lon="144.4514333"><name>Whiting</name><desc>Barwon Heads 
22/12/2025</desc><time>22/12/2025</time><sym>circle,yellow</sym></wpt>
<wpt lat="-38.3185833" lon="144.76995"><name>Squid</name><desc>Sorrento
30/12/202522/12/202515/12/20258/12/20251/12/2025</desc><time>30/12/2025</time><sym>circle,aqua</sym></wpt>
<wpt lat="-38.3185833" lon="144.76995"><name>Whiting</name><desc>Sorrento 
5/01/2026</desc><time>5/01/2026</time><sym>circle,yellow</sym></wpt>
<wpt lat="-38.3187667" lon="145.2339833"><name>Snapper</name><desc>Hastings
3/03/202524/02/202517/02/202510/02/202527/01/2025</desc><time>3/03/2025</time><sym>bigfish</sym></wpt>
<wpt lat="-38.3188167" lon="145.2357"><name>Snapper</name><desc>Hastings
17/11/202510/11/20253/11/202527/10/202520/10/2025</desc><time>17/11/2025</time><sym>bigfish</sym></wpt>
<wpt lat="-38.3188833" lon="144.7271667"><name>Squid</name><desc>
24/10/202524/10/2025</desc><time>24/10/2025</time><sym>circle,aqua</sym></wpt>
<wpt lat="-38.3193333" lon="144.8401667"><name>Squid</name><desc>
24/10/2025</desc><time>24/10/2025</time><sym>circle,aqua</sym></wpt>
<wpt lat="-38.3207167" lon="144.8408333"><name>Gummy</name><desc>
24/10/2025</desc><time>24/10/2025</time><sym>bigfish</sym></wpt>
<wpt lat="-38.3207167" lon="144.8408333"><name>Whiting</name><desc>
24/10/2025</desc><time>24/10/2025</time><sym>circle,yellow</sym></wpt>
<wpt lat="-38.32185" lon="144.9625167"><name>Whiting</name><desc>Dromama
24/02/202517/02/202510/02/202527/01/2025</desc><time>24/02/2025</time><sym>circle,yellow</sym></wpt>
<wpt lat="-38.3223667" lon="144.7601667"><name>Squid</name><desc>Sorrento Side / Rye
11/12/20256/11/202524/10/2025</desc><time>11/12/2025</time><sym>circle,aqua</sym></wpt>
<wpt lat="-38.3227333" lon="144.5352833"><name>Kingfish</name><desc>Barwon Heads
7/04/202531/03/202524/03/202517/03/20253/03/2025</desc><time>7/04/2025</time><sym>bigfish</sym></wpt>
<wpt lat="-38.3227333" lon="144.5352833"><name>Tuna</name><desc>Barwon Heads
7/04/202531/03/202524/03/202517/03/20253/03/2025</desc><time>7/04/2025</time><sym>bigfish</sym></wpt>
<wpt lat="-38.3228833" lon="144.7743333"><name>Whiting</name><desc>
24/10/2025</desc><time>24/10/2025</time><sym>circle,yellow</sym></wpt>
<wpt lat="-38.32445" lon="145.2510333"><name>Whiting</name><desc>Lower Middle Spit
19/05/202512/05/20255/05/202528/04/202521/04/2025</desc><time>19/05/2025</time><sym>circle,yellow</sym></wpt>
<wpt lat="-38.3259833" lon="145.2489333"><name>Gummy</name><desc>Middle Spit 
30/12/2025</desc><time>30/12/2025</time><sym>bigfish</sym></wpt>
<wpt lat="-38.3259833" lon="145.2489333"><name>Whiting</name><desc>Middle Spit
5/01/202622/12/202515/12/20258/12/20251/12/2025</desc><time>5/01/2026</time><sym>circle,yellow</sym></wpt>
<wpt lat="-38.3260333" lon="144.7755"><name>Gummy</name><desc>
24/10/2025</desc><time>24/10/2025</time><sym>bigfish</sym></wpt>
<wpt lat="-38.3268667" lon="144.8077667"><name>Squid</name><desc>Sorrento Side / Rye
11/12/20256/11/202524/10/2025</desc><time>11/12/2025</time><sym>circle,aqua</sym></wpt>
<wpt lat="-38.3272" lon="144.7448333"><name>Squid</name><desc>
24/10/2025</desc><time>24/10/2025</time><sym>circle,aqua</sym></wpt>
<wpt lat="-38.3281" lon="145.4985"><name>Snapper</name><desc>Lang Lang
7/04/202531/03/2025</desc><time>7/04/2025</time><sym>bigfish</sym></wpt>
<wpt lat="-38.32815" lon="145.50385"><name>Snapper</name><desc>Lang Lang
24/03/202517/03/20253/03/202524/02/202517/02/2025</desc><time>24/03/2025</time><sym>bigfish</sym></wpt>
<wpt lat="-38.3299167" lon="145.22225"><name>Squid</name><desc>Hastings
30/12/202522/12/202515/12/20258/12/20251/12/2025</desc><time>30/12/2025</time><sym>circle,aqua</sym></wpt>
<wpt lat="-38.3299167" lon="145.22225"><name>Whiting</name><desc>Hastings 
5/01/2026</desc><time>5/01/2026</time><sym>circle,yellow</sym></wpt>
<wpt lat="-38.3299333" lon="144.7425"><name>Squid</name><desc>
24/10/2025</desc><time>24/10/2025</time><sym>circle,aqua</sym></wpt>
<wpt lat="-38.3321333" lon="144.4896"><name>Snapper</name><desc>Hopefully this Thurs
6/11/202524/10/2025</desc><time>6/11/2025</time><sym>bigfish</sym></wpt>
<wpt lat="-38.3327" lon="144.7745"><name>Gummy</name><desc>
24/10/2025</desc><time>24/10/2025</time><sym>bigfish</sym></wpt>
<wpt lat="-38.3336333" lon="144.7703833"><name>Squid</name><desc>Sorrento Side / Rye
11/12/20256/11/202524/10/2025</desc><time>11/12/2025</time><sym>circle,aqua</sym></wpt>
<wpt lat="-38.3345167" lon="145.5028333"><name>Gummy</name><desc>Lang Lang
11/08/20254/08/202528/07/202521/07/202514/07/2025</desc><time>11/08/2025</time><sym>bigfish</sym></wpt>
<wpt lat="-38.33455" lon="145.49465"><name>Snapper</name><desc>Jam Jerrup
5/01/202630/12/202522/12/202515/12/20258/12/2025</desc><time>5/01/2026</time><sym>bigfish</sym></wpt>
<wpt lat="-38.3350833" lon="145.4916333"><name>Snapper</name><desc>Albion
24/03/202517/03/20253/03/202524/02/202517/02/2025</desc><time>24/03/2025</time><sym>bigfish</sym></wpt>
<wpt lat="-38.33515" lon="144.7468333"><name>Squid</name><desc>
24/10/2025</desc><time>24/10/2025</time><sym>circle,aqua</sym></wpt>
<wpt lat="-38.3362667" lon="145.49475"><name>Snapper</name><desc>Jam Jerrup
6/10/202529/09/202522/09/202515/09/20258/09/2025</desc><time>6/10/2025</time><sym>bigfish</sym></wpt>
<wpt lat="-38.3366167" lon="144.7698333"><name>Squid</name><desc>
24/10/2025</desc><time>24/10/2025</time><sym>circle,aqua</sym></wpt>
<wpt lat="-38.33745" lon="145.4944333"><name>Gummy</name><desc>Jam Jerrup
5/01/202630/12/202522/12/202515/12/20258/12/2025</desc><time>5/01/2026</time><sym>bigfish</sym></wpt>
<wpt lat="-38.3384" lon="145.24855"><name>Whiting</name><desc>Middle Spit
14/07/20257/07/20251/07/202523/06/202516/06/2025</desc><time>14/07/2025</time><sym>circle,yellow</sym></wpt>
<wpt lat="-38.3396" lon="144.7641667"><name>Whiting</name><desc>Sorrento
5/01/202630/12/202522/12/202515/12/20258/12/2025</desc><time>5/01/2026</time><sym>circle,yellow</sym></wpt>
<wpt lat="-38.3399" lon="144.4949667"><name>Snapper</name><desc>Hopefully this Thurs
6/11/202524/10/2025</desc><time>6/11/2025</time><sym>bigfish</sym></wpt>
<wpt lat="-38.3405" lon="145.2471"><name>Whiting</name><desc>The Spit Hastings
21/04/202514/04/20257/04/202531/03/202524/03/2025</desc><time>21/04/2025</time><sym>circle,yellow</sym></wpt>
<wpt lat="-38.3408833" lon="144.7638333"><name>Gummy</name><desc>
24/10/2025</desc><time>24/10/2025</time><sym>bigfish</sym></wpt>
<wpt lat="-38.3409333" lon="144.752"><name>Squid</name><desc>
24/10/2025</desc><time>24/10/2025</time><sym>circle,aqua</sym></wpt>
<wpt lat="-38.3422833" lon="144.8966667"><name>Whiting</name><desc>
24/10/202516/10/2025</desc><time>24/10/2025</time><sym>circle,yellow</sym></wpt>
<wpt lat="-38.3432333" lon="144.7623333"><name>Squid</name><desc>
24/10/2025</desc><time>24/10/2025</time><sym>circle,aqua</sym></wpt>
<wpt lat="-38.3433667" lon="144.7686333"><name>Snook</name><desc>Sorrento
15/09/20258/09/20251/09/202525/08/202518/08/2025</desc><time>15/09/2025</time><sym>circle,green</sym></wpt>
<wpt lat="-38.3440167" lon="144.7583333"><name>Squid</name><desc>
24/10/2025</desc><time>24/10/2025</time><sym>circle,aqua</sym></wpt>
<wpt lat="-38.34425" lon="144.8951667"><name>Whiting</name><desc>
24/10/202516/10/2025</desc><time>24/10/2025</time><sym>circle,yellow</sym></wpt>
<wpt lat="-38.34565" lon="144.904"><name>Whiting</name><desc>
24/10/202516/10/2025</desc><time>24/10/2025</time><sym>circle,yellow</sym></wpt>
<wpt lat="-38.3459" lon="144.4573833"><name>Snapper</name><desc>Hopefully this Thurs
6/11/202524/10/2025</desc><time>6/11/2025</time><sym>bigfish</sym></wpt>
<wpt lat="-38.3459" lon="144.8843333"><name>Whiting</name><desc>
24/10/202516/10/2025</desc><time>24/10/2025</time><sym>circle,yellow</sym></wpt>
<wpt lat="-38.3460167" lon="144.7979167"><name>Whiting</name><desc>
24/10/2025</desc><time>24/10/2025</time><sym>circle,yellow</sym></wpt>
<wpt lat="-38.3463333" lon="144.8858333"><name>Snapper</name><desc>Rosebud
5/01/202630/12/202522/12/202515/12/20258/12/2025</desc><time>5/01/2026</time><sym>bigfish</sym></wpt>
<wpt lat="-38.3466333" lon="144.8852167"><name>Whiting</name><desc>Rosebud
5/01/202630/12/202522/12/202515/12/20258/12/2025</desc><time>5/01/2026</time><sym>circle,yellow</sym></wpt>
<wpt lat="-38.3470333" lon="144.7676167"><name>Whiting</name><desc>
24/10/2025</desc><time>24/10/2025</time><sym>circle,yellow</sym></wpt>
<wpt lat="-38.3478333" lon="144.7688833"><name>Squid</name><desc>Blairgowrie
30/12/202522/12/202515/12/20258/12/20251/12/2025</desc><time>30/12/2025</time><sym>circle,aqua</sym></wpt>
<wpt lat="-38.3478333" lon="144.7688833"><name>Whiting</name><desc>Blairgowrie 
5/01/2026</desc><time>5/01/2026</time><sym>circle,yellow</sym></wpt>
<wpt lat="-38.34785" lon="144.748"><name>Squid</name><desc>
24/10/2025</desc><time>24/10/2025</time><sym>circle,aqua</sym></wpt>
<wpt lat="-38.3478833" lon="144.8124167"><name>Squid</name><desc>Rye
30/12/202522/12/202515/12/20258/12/20251/12/2025</desc><time>30/12/2025</time><sym>circle,aqua</sym></wpt>
<wpt lat="-38.3478833" lon="144.8124167"><name>Whiting</name><desc>Rye 
5/01/2026</desc><time>5/01/2026</time><sym>circle,yellow</sym></wpt>
<wpt lat="-38.3479667" lon="144.76875"><name>Whiting</name><desc>Blairgowrie
5/05/202528/04/202521/04/202514/04/20257/04/2025</desc><time>5/05/2025</time><sym>circle,yellow</sym></wpt>
<wpt lat="-38.3485333" lon="144.7952"><name>Squid</name><desc>Sorrento Side / Rye
11/12/20256/11/202524/10/2025</desc><time>11/12/2025</time><sym>circle,aqua</sym></wpt>
<wpt lat="-38.3496167" lon="144.8577167"><name>Whiting</name><desc>Tootgarook
5/01/202630/12/202522/12/202515/12/20258/12/2025</desc><time>5/01/2026</time><sym>circle,yellow</sym></wpt>
<wpt lat="-38.3497333" lon="144.875"><name>Whiting</name><desc>
24/10/202516/10/2025</desc><time>24/10/2025</time><sym>circle,yellow</sym></wpt>
<wpt lat="-38.3512833" lon="145.2310667"><name>Flathead</name><desc>Crib point
5/01/202630/12/202522/12/202515/12/20258/12/2025</desc><time>5/01/2026</time><sym>circle,yellow</sym></wpt>
<wpt lat="-38.3522667" lon="144.8783333"><name>Whiting</name><desc>
24/10/202516/10/2025</desc><time>24/10/2025</time><sym>circle,yellow</sym></wpt>
<wpt lat="-38.3525" lon="145.2220833"><name>Gummy</name><desc>Crib Point 
30/12/2025</desc><time>30/12/2025</time><sym>bigfish</sym></wpt>
<wpt lat="-38.3525" lon="145.2220833"><name>Snapper</name><desc>Crib Point 
22/12/2025</desc><time>22/12/2025</time><sym>bigfish</sym></wpt>
<wpt lat="-38.3525" lon="145.2220833"><name>Whiting</name><desc>Crib Point
5/01/202615/12/20258/12/20251/12/202524/11/2025</desc><time>5/01/2026</time><sym>circle,yellow</sym></wpt>
<wpt lat="-38.3525667" lon="144.77005"><name>Whiting</name><desc>Blairgowrie
5/01/202630/12/202522/12/202515/12/20258/12/2025</desc><time>5/01/2026</time><sym>circle,yellow</sym></wpt>
<wpt lat="-38.3531667" lon="145.225"><name>Squid</name><desc>Crib Point
30/12/202522/12/202515/12/20258/12/20251/12/2025</desc><time>30/12/2025</time><sym>circle,aqua</sym></wpt>
<wpt lat="-38.3531667" lon="145.225"><name>Whiting</name><desc>Crib Point 
5/01/2026</desc><time>5/01/2026</time><sym>circle,yellow</sym></wpt>
<wpt lat="-38.3538333" lon="144.8638333"><name>Whiting</name><desc>
24/10/202516/10/2025</desc><time>24/10/2025</time><sym>circle,yellow</sym></wpt>
<wpt lat="-38.35435" lon="145.2249667"><name>Squid</name><desc>Crib Point
30/12/202522/12/202515/12/20258/12/20251/12/2025</desc><time>30/12/2025</time><sym>circle,aqua</sym></wpt>
<wpt lat="-38.35435" lon="145.2249667"><name>Whiting</name><desc>Crib Point 
5/01/2026</desc><time>5/01/2026</time><sym>circle,yellow</sym></wpt>
<wpt lat="-38.3547167" lon="144.8663333"><name>Whiting</name><desc>
24/10/202516/10/2025</desc><time>24/10/2025</time><sym>circle,yellow</sym></wpt>
<wpt lat="-38.3548833" lon="144.8625"><name>Whiting</name><desc>
24/10/202516/10/2025</desc><time>24/10/2025</time><sym>circle,yellow</sym></wpt>
<wpt lat="-38.3593333" lon="145.47815"><name>Gummy</name><desc>Blue Gum Point
5/01/202630/12/202522/12/202515/12/20258/12/2025</desc><time>5/01/2026</time><sym>bigfish</sym></wpt>
<wpt lat="-38.3594833" lon="145.5122333"><name>Snapper</name><desc>Jam Jerrup
11/08/20254/08/202528/07/202521/07/202514/07/2025</desc><time>11/08/2025</time><sym>bigfish</sym></wpt>
<wpt lat="-38.3608" lon="144.8103333"><name>Whiting</name><desc>
24/10/202516/10/2025</desc><time>24/10/2025</time><sym>circle,yellow</sym></wpt>
<wpt lat="-38.3630167" lon="145.5112333"><name>Gummy</name><desc>Spit Point
3/03/202524/02/202517/02/202510/02/202527/01/2025</desc><time>3/03/2025</time><sym>bigfish</sym></wpt>
<wpt lat="-38.3638833" lon="145.5033333"><name>Snapper</name><desc>Spit Point
24/03/202517/03/20253/03/202524/02/202517/02/2025</desc><time>24/03/2025</time><sym>bigfish</sym></wpt>
<wpt lat="-38.3663333" lon="145.2540167"><name>Gummy</name><desc>Stoney Point 
30/12/2025</desc><time>30/12/2025</time><sym>bigfish</sym></wpt>
<wpt lat="-38.3663333" lon="145.2540167"><name>Snapper</name><desc>Stoney Point 
22/12/2025</desc><time>22/12/2025</time><sym>bigfish</sym></wpt>
<wpt lat="-38.3663333" lon="145.2540167"><name>Whiting</name><desc>Stoney Point
5/01/202615/12/20258/12/20251/12/202524/11/2025</desc><time>5/01/2026</time><sym>circle,yellow</sym></wpt>
<wpt lat="-38.36795" lon="145.5005833"><name>Snapper</name><desc>Spit Point
5/01/202630/12/202522/12/202515/12/20258/12/2025</desc><time>5/01/2026</time><sym>bigfish</sym></wpt>
<wpt lat="-38.3684167" lon="145.5235"><name>Gummy</name><desc>Grantville
11/08/20254/08/202528/07/202521/07/202514/07/2025</desc><time>11/08/2025</time><sym>bigfish</sym></wpt>
<wpt lat="-38.36935" lon="145.4781167"><name>Gummy</name><desc>Blue Gum Point
3/03/202524/02/202517/02/202510/02/202527/01/2025</desc><time>3/03/2025</time><sym>bigfish</sym></wpt>
<wpt lat="-38.3703667" lon="145.4751667"><name>Snapper</name><desc>
16/10/2025</desc><time>16/10/2025</time><sym>bigfish</sym></wpt>
<wpt lat="-38.3708667" lon="145.2259833"><name>Squid</name><desc>Stoney Point
30/12/202522/12/202515/12/20258/12/20251/12/2025</desc><time>30/12/2025</time><sym>circle,aqua</sym></wpt>
<wpt lat="-38.3708667" lon="145.2259833"><name>Whiting</name><desc>Stoney Point 
5/01/2026</desc><time>5/01/2026</time><sym>circle,yellow</sym></wpt>
<wpt lat="-38.37225" lon="144.3600333"><name>Gummy</name><desc>Port Phillip Bay
8/12/20251/12/202524/11/202517/11/202510/11/2025</desc><time>8/12/2025</time><sym>bigfish</sym></wpt>
<wpt lat="-38.37225" lon="144.3600333"><name>Snapper</name><desc>Port Phillip Bay 
5/01/2026</desc><time>5/01/2026</time><sym>bigfish</sym></wpt>
<wpt lat="-38.37225" lon="144.3600333"><name>Squid</name><desc>Port Phillip Bay 
30/12/202515/12/2025</desc><time>30/12/2025</time><sym>circle,aqua</sym></wpt>
<wpt lat="-38.37225" lon="144.3600333"><name>Whiting</name><desc>Port Phillip Bay 
22/12/2025</desc><time>22/12/2025</time><sym>circle,yellow</sym></wpt>
<wpt lat="-38.373" lon="145.47155"><name>Elephant</name><desc>Bluegum point
14/04/20257/04/202531/03/202524/03/202517/03/2025</desc><time>14/04/2025</time><sym>bigfish</sym></wpt>
<wpt lat="-38.3738333" lon="145.4741667"><name>Snapper</name><desc>
16/10/2025</desc><time>16/10/2025</time><sym>bigfish</sym></wpt>
<wpt lat="-38.37525" lon="145.4771667"><name>Snapper</name><desc>Blue Gum
5/01/202630/12/202522/12/202515/12/20258/12/2025</desc><time>5/01/2026</time><sym>bigfish</sym></wpt>
<wpt lat="-38.3758167" lon="145.4223333"><name>Snapper</name><desc>
24/10/2025</desc><time>24/10/2025</time><sym>bigfish</sym></wpt>
<wpt lat="-38.3763" lon="144.3531167"><name>Gummy</name><desc>Offshore 
11/12/202520/11/202513/11/20256/11/202524/10/2025</desc><time>11/12/2025</time><sym>bigfish</sym></wpt>
<wpt lat="-38.3763" lon="145.428"><name>Snapper</name><desc>
24/10/2025</desc><time>24/10/2025</time><sym>bigfish</sym></wpt>
<wpt lat="-38.3771833" lon="145.4335"><name>Gummy</name><desc>Mosquito Channel
3/03/202524/02/202517/02/202510/02/202527/01/2025</desc><time>3/03/2025</time><sym>bigfish</sym></wpt>
<wpt lat="-38.3774167" lon="145.4148667"><name>Gummy</name><desc>Mosquite Channel
5/01/202630/12/202522/12/202515/12/20258/12/2025</desc><time>5/01/2026</time><sym>bigfish</sym></wpt>
<wpt lat="-38.3777167" lon="145.2281333"><name>Squid</name><desc>Stoney Point
19/05/202512/05/20255/05/202528/04/202521/04/2025</desc><time>19/05/2025</time><sym>circle,aqua</sym></wpt>
<wpt lat="-38.3790167" lon="145.4438333"><name>Snapper</name><desc>
16/10/2025</desc><time>16/10/2025</time><sym>bigfish</sym></wpt>
<wpt lat="-38.3790833" lon="145.4162333"><name>Snapper</name><desc>Mosquito Channel
5/01/202630/12/202522/12/202515/12/20258/12/2025</desc><time>5/01/2026</time><sym>bigfish</sym></wpt>
<wpt lat="-38.3792" lon="144.3318833"><name>Tuna</name><desc>Torquay
7/04/202531/03/202524/03/202517/03/20253/03/2025</desc><time>7/04/2025</time><sym>bigfish</sym></wpt>
<wpt lat="-38.3792" lon="145.4406667"><name>Snapper</name><desc>
16/10/2025</desc><time>16/10/2025</time><sym>bigfish</sym></wpt>
<wpt lat="-38.3796667" lon="145.4762167"><name>Snapper</name><desc>Blue Gum Point
24/03/202517/03/20253/03/202524/02/202517/02/2025</desc><time>24/03/2025</time><sym>bigfish</sym></wpt>
<wpt lat="-38.38005" lon="145.4730167"><name>Snapper</name><desc>Tenby Deeper
5/01/202630/12/202522/12/202515/12/20258/12/2025</desc><time>5/01/2026</time><sym>bigfish</sym></wpt>
<wpt lat="-38.3803833" lon="145.4155"><name>Snapper</name><desc>
16/10/2025</desc><time>16/10/2025</time><sym>bigfish</sym></wpt>
<wpt lat="-38.3827" lon="145.4095"><name>Snapper</name><desc>
24/10/2025</desc><time>24/10/2025</time><sym>bigfish</sym></wpt>
<wpt lat="-38.3838333" lon="145.4086667"><name>Snapper</name><desc>
16/10/2025</desc><time>16/10/2025</time><sym>bigfish</sym></wpt>
<wpt lat="-38.3845833" lon="145.26405"><name>Whiting</name><desc>Tankerton
12/05/20255/05/202528/04/202521/04/202514/04/2025</desc><time>12/05/2025</time><sym>circle,yellow</sym></wpt>
<wpt lat="-38.3849167" lon="145.4327"><name>Snapper</name><desc>Settlement Point
1/12/202524/11/202517/11/202510/11/20253/11/2025</desc><time>1/12/2025</time><sym>bigfish</sym></wpt>
<wpt lat="-38.3852667" lon="145.4552"><name>Snapper</name><desc>Tenby Reef
5/01/202630/12/202522/12/202515/12/20258/12/2025</desc><time>5/01/2026</time><sym>bigfish</sym></wpt>
<wpt lat="-38.38605" lon="145.4971333"><name>Elephant</name><desc>Grantville
14/04/20257/04/202531/03/202524/03/202517/03/2025</desc><time>14/04/2025</time><sym>bigfish</sym></wpt>
<wpt lat="-38.3863333" lon="145.2676"><name>Squid</name><desc>Tankerton
19/05/202512/05/20255/05/202528/04/202521/04/2025</desc><time>19/05/2025</time><sym>circle,aqua</sym></wpt>
<wpt lat="-38.3877333" lon="145.26535"><name>Gummy</name><desc>Stoney point
5/01/202630/12/202522/12/202515/12/20258/12/2025</desc><time>5/01/2026</time><sym>bigfish</sym></wpt>
<wpt lat="-38.3891167" lon="145.4192833"><name>Snapper</name><desc>Tenby Point
3/03/202524/02/202517/02/202510/02/202527/01/2025</desc><time>3/03/2025</time><sym>bigfish</sym></wpt>
<wpt lat="-38.3918333" lon="145.2358667"><name>Gummy</name><desc>Hans Inlet 
30/12/2025</desc><time>30/12/2025</time><sym>bigfish</sym></wpt>
<wpt lat="-38.3918333" lon="145.2358667"><name>Snapper</name><desc>Hans Inlet 
22/12/2025</desc><time>22/12/2025</time><sym>bigfish</sym></wpt>
<wpt lat="-38.3918333" lon="145.2358667"><name>Whiting</name><desc>Hans Inlet
5/01/202615/12/20258/12/20251/12/202524/11/2025</desc><time>5/01/2026</time><sym>circle,yellow</sym></wpt>
<wpt lat="-38.39205" lon="145.2364667"><name>Whiting</name><desc>Hanns Inlet
5/05/202528/04/202521/04/202514/04/20257/04/2025</desc><time>5/05/2025</time><sym>circle,yellow</sym></wpt>
<wpt lat="-38.3938333" lon="145.3993333"><name>Snapper</name><desc>
24/10/2025</desc><time>24/10/2025</time><sym>bigfish</sym></wpt>
<wpt lat="-38.39385" lon="145.4015"><name>Snapper</name><desc>
24/10/2025</desc><time>24/10/2025</time><sym>bigfish</sym></wpt>
<wpt lat="-38.39465" lon="145.4015833"><name>Elephant</name><desc>Corinella
14/04/20257/04/202531/03/202524/03/202517/03/2025</desc><time>14/04/2025</time><sym>bigfish</sym></wpt>
<wpt lat="-38.3960833" lon="145.4075667"><name>Whiting</name><desc>Corinella
17/03/20253/03/202524/02/202517/02/202510/02/2025</desc><time>17/03/2025</time><sym>circle,yellow</sym></wpt>
<wpt lat="-38.3977167" lon="145.4086167"><name>Gummy</name><desc>Corinella 
30/12/2025</desc><time>30/12/2025</time><sym>bigfish</sym></wpt>
<wpt lat="-38.3977167" lon="145.4086167"><name>Whiting</name><desc>Corinella
5/01/202622/12/202515/12/20258/12/20251/12/2025</desc><time>5/01/2026</time><sym>circle,yellow</sym></wpt>
<wpt lat="-38.3996833" lon="145.42035"><name>Whiting</name><desc>Corinella
19/05/202512/05/20255/05/202528/04/202521/04/2025</desc><time>19/05/2025</time><sym>circle,yellow</sym></wpt>
<wpt lat="-38.4015667" lon="145.1388667"><name>Squid</name><desc>Balnaring
30/12/202522/12/202515/12/20258/12/20251/12/2025</desc><time>30/12/2025</time><sym>circle,aqua</sym></wpt>
<wpt lat="-38.4015667" lon="145.1388667"><name>Whiting</name><desc>Balnaring 
5/01/2026</desc><time>5/01/2026</time><sym>circle,yellow</sym></wpt>
<wpt lat="-38.4021" lon="145.3954167"><name>Gummy</name><desc>Corinella
29/09/202522/09/202515/09/20258/09/20251/09/2025</desc><time>29/09/2025</time><sym>bigfish</sym></wpt>
<wpt lat="-38.4048333" lon="145.4189833"><name>Snook</name><desc>Pelican Island ( high tide )
15/09/20258/09/20251/09/202525/08/202518/08/2025</desc><time>15/09/2025</time><sym>circle,green</sym></wpt>
<wpt lat="-38.4055" lon="145.4026667"><name>Snapper</name><desc>Pelican island
5/05/202528/04/202521/04/202514/04/20257/04/2025</desc><time>5/05/2025</time><sym>bigfish</sym></wpt>
<wpt lat="-38.4092333" lon="145.1417333"><name>Gummy</name><desc>Balnarring
10/02/202527/01/2025</desc><time>10/02/2025</time><sym>bigfish</sym></wpt>
<wpt lat="-38.4116667" lon="145.1417333"><name>Gummy</name><desc>Balnarring
5/01/202630/12/202522/12/202515/12/20258/12/2025</desc><time>5/01/2026</time><sym>bigfish</sym></wpt>
<wpt lat="-38.4116667" lon="145.1864333"><name>Gummy</name><desc>Somers
5/01/202630/12/202522/12/202515/12/20258/12/2025</desc><time>5/01/2026</time><sym>bigfish</sym></wpt>
<wpt lat="-38.4117833" lon="145.1830333"><name>Gummy</name><desc>Somers 
30/12/2025</desc><time>30/12/2025</time><sym>bigfish</sym></wpt>
<wpt lat="-38.4117833" lon="145.1830333"><name>Snapper</name><desc>Somers 
22/12/2025</desc><time>22/12/2025</time><sym>bigfish</sym></wpt>
<wpt lat="-38.4117833" lon="145.1830333"><name>Whiting</name><desc>Somers
5/01/202615/12/20258/12/20251/12/202524/11/2025</desc><time>5/01/2026</time><sym>circle,yellow</sym></wpt>
<wpt lat="-38.41215" lon="145.1830333"><name>Gummy</name><desc>Somers 
30/12/2025</desc><time>30/12/2025</time><sym>bigfish</sym></wpt>
<wpt lat="-38.41215" lon="145.1830333"><name>Snapper</name><desc>Somers 
22/12/2025</desc><time>22/12/2025</time><sym>bigfish</sym></wpt>
<wpt lat="-38.41215" lon="145.1830333"><name>Whiting</name><desc>Somers
5/01/202615/12/20258/12/20251/12/202524/11/2025</desc><time>5/01/2026</time><sym>circle,yellow</sym></wpt>
<wpt lat="-38.4127833" lon="145.1671833"><name>Whiting</name><desc>Somers
19/05/202512/05/20255/05/202528/04/202521/04/2025</desc><time>19/05/2025</time><sym>circle,yellow</sym></wpt>
<wpt lat="-38.4151833" lon="145.4013667"><name>Snapper</name><desc>Pelican Island
5/01/202630/12/202522/12/202515/12/20258/12/2025</desc><time>5/01/2026</time><sym>bigfish</sym></wpt>
<wpt lat="-38.4158667" lon="145.3576667"><name>Whiting</name><desc>
24/10/2025</desc><time>24/10/2025</time><sym>circle,yellow</sym></wpt>
<wpt lat="-38.4172167" lon="145.3578333"><name>Whiting</name><desc>
24/10/2025</desc><time>24/10/2025</time><sym>circle,yellow</sym></wpt>
<wpt lat="-38.41725" lon="145.3997333"><name>Gummy</name><desc>Pelican Island 
30/12/2025</desc><time>30/12/2025</time><sym>bigfish</sym></wpt>
<wpt lat="-38.41725" lon="145.3997333"><name>Snapper</name><desc>Pelican Island 
22/12/2025</desc><time>22/12/2025</time><sym>bigfish</sym></wpt>
<wpt lat="-38.41725" lon="145.3997333"><name>Whiting</name><desc>Pelican Island
5/01/202615/12/20258/12/20251/12/202524/11/2025</desc><time>5/01/2026</time><sym>circle,yellow</sym></wpt>
<wpt lat="-38.4176667" lon="145.3791667"><name>Snapper</name><desc>
24/10/2025</desc><time>24/10/2025</time><sym>bigfish</sym></wpt>
<wpt lat="-38.4187333" lon="145.389"><name>Snapper</name><desc>Elizabeth Island wil
7/11/202524/10/2025</desc><time>7/11/2025</time><sym>bigfish</sym></wpt>
<wpt lat="-38.4191833" lon="145.3601833"><name>Snook</name><desc>Bird Rock
15/09/20258/09/20251/09/202525/08/202518/08/2025</desc><time>15/09/2025</time><sym>circle,green</sym></wpt>
<wpt lat="-38.4192667" lon="145.3578333"><name>Whiting</name><desc>
24/10/2025</desc><time>24/10/2025</time><sym>circle,yellow</sym></wpt>
<wpt lat="-38.4200167" lon="145.3600833"><name>Whiting</name><desc>Bird Rock
21/04/202514/04/20257/04/202531/03/202524/03/2025</desc><time>21/04/2025</time><sym>circle,yellow</sym></wpt>
<wpt lat="-38.4202167" lon="145.3716167"><name>Gummy</name><desc>Elizabeth Island 
30/12/2025</desc><time>30/12/2025</time><sym>bigfish</sym></wpt>
<wpt lat="-38.4202167" lon="145.3716167"><name>Whiting</name><desc>Elizabeth Island
5/01/202622/12/202515/12/20258/12/20251/12/2025</desc><time>5/01/2026</time><sym>circle,yellow</sym></wpt>
<wpt lat="-38.4207833" lon="145.3821333"><name>Gummy</name><desc>Elizabeth Island
19/05/202512/05/20255/05/202528/04/202521/04/2025</desc><time>19/05/2025</time><sym>bigfish</sym></wpt>
<wpt lat="-38.4221333" lon="145.3787167"><name>Gummy</name><desc>Elizabeth Island
29/09/202522/09/202515/09/20258/09/20251/09/2025</desc><time>29/09/2025</time><sym>bigfish</sym></wpt>
<wpt lat="-38.4230167" lon="145.2763"><name>Gummy</name><desc>Tortoise Bank 
30/12/2025</desc><time>30/12/2025</time><sym>bigfish</sym></wpt>
<wpt lat="-38.4230167" lon="145.2763"><name>Snapper</name><desc>Tortoise Bank 
22/12/2025</desc><time>22/12/2025</time><sym>bigfish</sym></wpt>
<wpt lat="-38.4230167" lon="145.2763"><name>Whiting</name><desc>Tortoise Bank
5/01/202615/12/20258/12/20251/12/202524/11/2025</desc><time>5/01/2026</time><sym>circle,yellow</sym></wpt>
<wpt lat="-38.4270167" lon="145.3998"><name>Gummy</name><desc>Coronet Bay
3/03/202524/02/202517/02/202510/02/202527/01/2025</desc><time>3/03/2025</time><sym>bigfish</sym></wpt>
<wpt lat="-38.42795" lon="145.3742167"><name>Gummy</name><desc>Elizabeth Island
5/01/202630/12/202522/12/202515/12/20258/12/2025</desc><time>5/01/2026</time><sym>bigfish</sym></wpt>
<wpt lat="-38.4286333" lon="145.37705"><name>Snapper</name><desc>Elizabeth Island
5/01/202630/12/202522/12/202515/12/20258/12/2025</desc><time>5/01/2026</time><sym>bigfish</sym></wpt>
<wpt lat="-38.4314" lon="145.1037"><name>Gummy</name><desc>Pt Leo
24/02/202517/02/202510/02/202527/01/2025</desc><time>24/02/2025</time><sym>bigfish</sym></wpt>
<wpt lat="-38.4314833" lon="145.3956667"><name>Snapper</name><desc>
24/10/2025</desc><time>24/10/2025</time><sym>bigfish</sym></wpt>
<wpt lat="-38.4334" lon="145.4104333"><name>Flathead</name><desc>Coronet Bay
5/01/202630/12/202522/12/202515/12/20258/12/2025</desc><time>5/01/2026</time><sym>circle,yellow</sym></wpt>
<wpt lat="-38.4354833" lon="145.1971333"><name>Kingfish</name><desc>Buoy 12
17/03/20253/03/202524/02/202517/02/202510/02/2025</desc><time>17/03/2025</time><sym>bigfish</sym></wpt>
<wpt lat="-38.4376833" lon="145.3849667"><name>Snapper</name><desc>Coronet Bay
5/01/202630/12/202522/12/202515/12/20258/12/2025</desc><time>5/01/2026</time><sym>bigfish</sym></wpt>
<wpt lat="-38.4385833" lon="145.2456"><name>Snapper</name><desc>Cowes
1/12/202524/11/202517/11/202510/11/20253/11/2025</desc><time>1/12/2025</time><sym>bigfish</sym></wpt>
<wpt lat="-38.4395" lon="145.0891333"><name>Gummy</name><desc>Point Leo
5/01/202630/12/202522/12/202515/12/20258/12/2025</desc><time>5/01/2026</time><sym>bigfish</sym></wpt>
<wpt lat="-38.4396167" lon="145.1007167"><name>Gummy</name><desc>Shoreham
5/01/202630/12/202522/12/202515/12/20258/12/2025</desc><time>5/01/2026</time><sym>bigfish</sym></wpt>
<wpt lat="-38.4403333" lon="145.2808333"><name>Snapper</name><desc>
16/10/2025</desc><time>16/10/2025</time><sym>bigfish</sym></wpt>
<wpt lat="-38.4415167" lon="145.2971667"><name>Snapper</name><desc>
16/10/2025</desc><time>16/10/2025</time><sym>bigfish</sym></wpt>
<wpt lat="-38.4423333" lon="145.2319333"><name>Gummy</name><desc>Cowes
5/01/202630/12/202522/12/202515/12/20258/12/2025</desc><time>5/01/2026</time><sym>bigfish</sym></wpt>
<wpt lat="-38.4424667" lon="145.1173833"><name>Gummy</name><desc>Shoreham
5/01/202630/12/202522/12/202515/12/20258/12/2025</desc><time>5/01/2026</time><sym>bigfish</sym></wpt>
<wpt lat="-38.4426333" lon="145.3034"><name>Snapper</name><desc>Silverleaves
24/03/202517/03/20253/03/202524/02/202517/02/2025</desc><time>24/03/2025</time><sym>bigfish</sym></wpt>
<wpt lat="-38.4426833" lon="145.3073333"><name>Snapper</name><desc>
16/10/2025</desc><time>16/10/2025</time><sym>bigfish</sym></wpt>
<wpt lat="-38.4444333" lon="145.2948333"><name>Snapper</name><desc>
16/10/2025</desc><time>16/10/2025</time><sym>bigfish</sym></wpt>
<wpt lat="-38.4445833" lon="145.3053333"><name>Snapper</name><desc>
24/10/2025</desc><time>24/10/2025</time><sym>bigfish</sym></wpt>
<wpt lat="-38.4457167" lon="145.3081"><name>Snapper</name><desc>Silverleaves
5/01/202630/12/202522/12/202515/12/20258/12/2025</desc><time>5/01/2026</time><sym>bigfish</sym></wpt>
<wpt lat="-38.4462" lon="145.1986833"><name>Whiting</name><desc>Red Rock point
21/04/202514/04/20257/04/202531/03/202524/03/2025</desc><time>21/04/2025</time><sym>circle,yellow</sym></wpt>
<wpt lat="-38.4467333" lon="145.1997667"><name>Whiting</name><desc>Cowes
5/05/202528/04/202521/04/202514/04/20257/04/2025</desc><time>5/05/2025</time><sym>circle,yellow</sym></wpt>
<wpt lat="-38.4468833" lon="145.231"><name>Squid</name><desc>
24/10/2025</desc><time>24/10/2025</time><sym>circle,aqua</sym></wpt>
<wpt lat="-38.4471667" lon="145.07705"><name>Gummy</name><desc>Shoreham
24/02/202517/02/202510/02/202527/01/2025</desc><time>24/02/2025</time><sym>bigfish</sym></wpt>
<wpt lat="-38.4476167" lon="145.2165833"><name>Squid</name><desc>Cowes
30/12/202522/12/202515/12/20258/12/20251/12/2025</desc><time>30/12/2025</time><sym>circle,aqua</sym></wpt>
<wpt lat="-38.4476167" lon="145.2165833"><name>Whiting</name><desc>Cowes 
5/01/2026</desc><time>5/01/2026</time><sym>circle,yellow</sym></wpt>
<wpt lat="-38.4479333" lon="145.212"><name>Squid</name><desc>
24/10/2025</desc><time>24/10/2025</time><sym>circle,aqua</sym></wpt>
<wpt lat="-38.4480667" lon="145.3055"><name>Snapper</name><desc>
24/10/2025</desc><time>24/10/2025</time><sym>bigfish</sym></wpt>
<wpt lat="-38.4483833" lon="145.2198333"><name>Squid</name><desc>
24/10/2025</desc><time>24/10/2025</time><sym>circle,aqua</sym></wpt>
<wpt lat="-38.4497333" lon="145.17335"><name>Kingfish</name><desc>Vetnor
17/03/20253/03/202524/02/202517/02/202510/02/2025</desc><time>17/03/2025</time><sym>bigfish</sym></wpt>
<wpt lat="-38.4501333" lon="145.2031667"><name>Squid</name><desc>Penguin Rock bay 
1/01/202610/12/20254/12/202520/11/202514/11/2025</desc><time>1/01/2026</time><sym>circle,aqua</sym></wpt>
<wpt lat="-38.4504167" lon="145.0463333"><name>Squid</name><desc>
16/10/2025</desc><time>16/10/2025</time><sym>circle,aqua</sym></wpt>
<wpt lat="-38.4504667" lon="145.2021667"><name>Squid</name><desc>
24/10/2025</desc><time>24/10/2025</time><sym>circle,aqua</sym></wpt>
<wpt lat="-38.4506667" lon="145.19335"><name>Squid</name><desc>Red Rock point
19/05/202512/05/20255/05/202528/04/202521/04/2025</desc><time>19/05/2025</time><sym>circle,aqua</sym></wpt>
<wpt lat="-38.4510167" lon="145.317"><name>Snapper</name><desc>
24/10/2025</desc><time>24/10/2025</time><sym>bigfish</sym></wpt>
<wpt lat="-38.45145" lon="145.3613833"><name>Snapper</name><desc>The Corals
5/01/202630/12/202522/12/202515/12/20258/12/2025</desc><time>5/01/2026</time><sym>bigfish</sym></wpt>
<wpt lat="-38.45145" lon="145.3792333"><name>Flathead</name><desc>The Corals
5/01/202630/12/202522/12/202515/12/20258/12/2025</desc><time>5/01/2026</time><sym>circle,yellow</sym></wpt>
<wpt lat="-38.4530167" lon="145.3607833"><name>Snapper</name><desc>The Corals
24/03/202517/03/20253/03/202524/02/202517/02/2025</desc><time>24/03/2025</time><sym>bigfish</sym></wpt>
<wpt lat="-38.45325" lon="145.0782167"><name>Gummy</name><desc>Shoreham
21/07/202514/07/20257/07/20251/07/202523/06/2025</desc><time>21/07/2025</time><sym>bigfish</sym></wpt>
<wpt lat="-38.4601167" lon="145.04"><name>Squid</name><desc>
16/10/2025</desc><time>16/10/2025</time><sym>circle,aqua</sym></wpt>
<wpt lat="-38.4625333" lon="145.1248833"><name>Gummy</name><desc>Ventnor
24/03/202517/03/20253/03/202524/02/202517/02/2025</desc><time>24/03/2025</time><sym>bigfish</sym></wpt>
<wpt lat="-38.4638" lon="145.0365"><name>Squid</name><desc>
16/10/2025</desc><time>16/10/2025</time><sym>circle,aqua</sym></wpt>
<wpt lat="-38.4657" lon="145.3888167"><name>Snook</name><desc>The Corals
15/09/20258/09/20251/09/202525/08/202518/08/2025</desc><time>15/09/2025</time><sym>circle,green</sym></wpt>
<wpt lat="-38.46825" lon="145.3071667"><name>Whiting</name><desc>
24/10/2025</desc><time>24/10/2025</time><sym>circle,yellow</sym></wpt>
<wpt lat="-38.46965" lon="145.39305"><name>Squid</name><desc>Reef Island
1/09/202525/08/202518/08/202511/08/20254/08/2025</desc><time>1/09/2025</time><sym>circle,aqua</sym></wpt>
<wpt lat="-38.4699167" lon="145.4018167"><name>Squid</name><desc>Reef island (high tide )
5/01/202630/12/202522/12/202515/12/20258/12/2025</desc><time>5/01/2026</time><sym>circle,aqua</sym></wpt>
<wpt lat="-38.4723167" lon="145.318"><name>Whiting</name><desc>
24/10/2025</desc><time>24/10/2025</time><sym>circle,yellow</sym></wpt>
<wpt lat="-38.47275" lon="145.0445"><name>Squid</name><desc>Ten Metre Ledge
19/12/202514/11/202530/10/202516/10/2025</desc><time>19/12/2025</time><sym>circle,aqua</sym></wpt>
<wpt lat="-38.47275" lon="145.3883333"><name>Squid</name><desc>Reef Island
5/01/202630/12/202522/12/202515/12/20258/12/2025</desc><time>5/01/2026</time><sym>circle,aqua</sym></wpt>
<wpt lat="-38.4730833" lon="145.041"><name>Squid</name><desc>
16/10/2025</desc><time>16/10/2025</time><sym>circle,aqua</sym></wpt>
<wpt lat="-38.4742333" lon="145.3068333"><name>Whiting</name><desc>
24/10/2025</desc><time>24/10/2025</time><sym>circle,yellow</sym></wpt>
<wpt lat="-38.4743667" lon="145.0405667"><name>Squid</name><desc>Flinders
5/01/202630/12/202522/12/202515/12/20258/12/2025</desc><time>5/01/2026</time><sym>circle,aqua</sym></wpt>
<wpt lat="-38.4759833" lon="145.0334167"><name>Gummy</name><desc>Flinders 
30/12/2025</desc><time>30/12/2025</time><sym>bigfish</sym></wpt>
<wpt lat="-38.4759833" lon="145.0334167"><name>Whiting</name><desc>Flinders
5/01/202622/12/202515/12/20258/12/20251/12/2025</desc><time>5/01/2026</time><sym>circle,yellow</sym></wpt>
<wpt lat="-38.4762333" lon="145.3028333"><name>Whiting</name><desc>
24/10/2025</desc><time>24/10/2025</time><sym>circle,yellow</sym></wpt>
<wpt lat="-38.4772167" lon="145.0371667"><name>Squid</name><desc>
16/10/2025</desc><time>16/10/2025</time><sym>circle,aqua</sym></wpt>
<wpt lat="-38.4773667" lon="145.15005"><name>Gummy</name><desc>Tyro Reef 
30/12/2025</desc><time>30/12/2025</time><sym>bigfish</sym></wpt>
<wpt lat="-38.4773667" lon="145.15005"><name>Snapper</name><desc>Tyro Reef 
22/12/2025</desc><time>22/12/2025</time><sym>bigfish</sym></wpt>
<wpt lat="-38.4773667" lon="145.15005"><name>Whiting</name><desc>Tyro Reef
5/01/202615/12/20258/12/20251/12/202524/11/2025</desc><time>5/01/2026</time><sym>circle,yellow</sym></wpt>
<wpt lat="-38.4778167" lon="145.0337667"><name>Whiting</name><desc>Flinders
17/03/20253/03/202524/02/202517/02/202510/02/2025</desc><time>17/03/2025</time><sym>circle,yellow</sym></wpt>
<wpt lat="-38.4793833" lon="145.2971667"><name>Whiting</name><desc>
24/10/2025</desc><time>24/10/2025</time><sym>circle,yellow</sym></wpt>
<wpt lat="-38.4794" lon="145.3236667"><name>Whiting</name><desc>
24/10/2025</desc><time>24/10/2025</time><sym>circle,yellow</sym></wpt>
<wpt lat="-38.4798" lon="145.04305"><name>Squid</name><desc>Flinders
5/01/202630/12/202522/12/202515/12/20258/12/2025</desc><time>5/01/2026</time><sym>circle,aqua</sym></wpt>
<wpt lat="-38.4804" lon="145.0339"><name>Whiting</name><desc>Flinders
19/05/202512/05/20255/05/202528/04/202521/04/2025</desc><time>19/05/2025</time><sym>circle,yellow</sym></wpt>
<wpt lat="-38.48065" lon="145.3243333"><name>Whiting</name><desc>
24/10/2025</desc><time>24/10/2025</time><sym>circle,yellow</sym></wpt>
<wpt lat="-38.48365" lon="145.0426667"><name>Squid</name><desc>
16/10/2025</desc><time>16/10/2025</time><sym>circle,aqua</sym></wpt>
<wpt lat="-38.4840833" lon="145.0506667"><name>Squid</name><desc>
16/10/2025</desc><time>16/10/2025</time><sym>circle,aqua</sym></wpt>
<wpt lat="-38.4854333" lon="145.0443333"><name>Squid</name><desc>
16/10/2025</desc><time>16/10/2025</time><sym>circle,aqua</sym></wpt>
<wpt lat="-38.4920333" lon="145.051"><name>Squid</name><desc>
16/10/2025</desc><time>16/10/2025</time><sym>circle,aqua</sym></wpt>
<wpt lat="-38.4931" lon="145.0435"><name>Squid</name><desc>
16/10/2025</desc><time>16/10/2025</time><sym>circle,aqua</sym></wpt>
<wpt lat="-38.49435" lon="145.0191333"><name>Kingfish</name><desc>Cape Schnack
14/04/20257/04/202531/03/202524/03/202517/03/2025</desc><time>14/04/2025</time><sym>bigfish</sym></wpt>
<wpt lat="-38.4963167" lon="145.1392667"><name>Flathead</name><desc>Cat Bay
5/01/202630/12/202522/12/202515/12/20258/12/2025</desc><time>5/01/2026</time><sym>circle,yellow</sym></wpt>
<wpt lat="-38.49795" lon="145.0428333"><name>Squid</name><desc>
16/10/2025</desc><time>16/10/2025</time><sym>circle,aqua</sym></wpt>
<wpt lat="-38.50085" lon="145.1400833"><name>Whiting</name><desc>Cat Bay
19/05/202512/05/20255/05/202528/04/202521/04/2025</desc><time>19/05/2025</time><sym>circle,yellow</sym></wpt>
<wpt lat="-38.5011333" lon="145.3793167"><name>Squid</name><desc>Newhaven
30/12/202522/12/202515/12/20258/12/20251/12/2025</desc><time>30/12/2025</time><sym>circle,aqua</sym></wpt>
<wpt lat="-38.5011333" lon="145.3793167"><name>Whiting</name><desc>Newhaven 
5/01/2026</desc><time>5/01/2026</time><sym>circle,yellow</sym></wpt>
<wpt lat="-38.5013167" lon="145.14055"><name>Gummy</name><desc>Cat Bay 
30/12/2025</desc><time>30/12/2025</time><sym>bigfish</sym></wpt>
<wpt lat="-38.5013167" lon="145.14055"><name>Snook</name><desc>Cat Bay
15/09/20258/09/20251/09/202525/08/202518/08/2025</desc><time>15/09/2025</time><sym>circle,green</sym></wpt>
<wpt lat="-38.5013167" lon="145.14055"><name>Whiting</name><desc>Cat Bay
5/01/202622/12/202515/12/20258/12/20251/12/2025</desc><time>5/01/2026</time><sym>circle,yellow</sym></wpt>
<wpt lat="-38.5032" lon="145.1333333"><name>Whiting</name><desc>Shelley Beach
14/07/20257/07/20251/07/202523/06/202516/06/2025</desc><time>14/07/2025</time><sym>circle,yellow</sym></wpt>
<wpt lat="-38.50345" lon="145.1438833"><name>Squid</name><desc>Cat Bay
30/12/202522/12/202515/12/20258/12/20251/12/2025</desc><time>30/12/2025</time><sym>circle,aqua</sym></wpt>
<wpt lat="-38.50345" lon="145.1438833"><name>Whiting</name><desc>Cat Bay 
5/01/2026</desc><time>5/01/2026</time><sym>circle,yellow</sym></wpt>
<wpt lat="-38.50565" lon="144.963"><name>Squid</name><desc>Cairns Bay
5/01/202630/12/202522/12/202515/12/20258/12/2025</desc><time>5/01/2026</time><sym>circle,aqua</sym></wpt>
<wpt lat="-38.5057167" lon="145.3737333"><name>Squid</name><desc>Newhaven
5/01/202630/12/202522/12/202515/12/20258/12/2025</desc><time>5/01/2026</time><sym>circle,aqua</sym></wpt>
<wpt lat="-38.5085" lon="144.88395"><name>Gummy</name><desc>Cape Schnack
5/01/202630/12/202522/12/202515/12/20258/12/2025</desc><time>5/01/2026</time><sym>bigfish</sym></wpt>
<wpt lat="-38.5097" lon="145.3884667"><name>Whiting</name><desc>San Remo
19/05/202512/05/20255/05/202528/04/202521/04/2025</desc><time>19/05/2025</time><sym>circle,yellow</sym></wpt>
<wpt lat="-38.5105667" lon="145.3885333"><name>Whiting</name><desc>San Remo
14/07/20257/07/20251/07/202523/06/202516/06/2025</desc><time>14/07/2025</time><sym>circle,yellow</sym></wpt>
<wpt lat="-38.51065" lon="145.3892833"><name>Gummy</name><desc>San Remo 
30/12/2025</desc><time>30/12/2025</time><sym>bigfish</sym></wpt>
<wpt lat="-38.51065" lon="145.3892833"><name>Whiting</name><desc>San Remo
5/01/202622/12/202515/12/20258/12/20251/12/2025</desc><time>5/01/2026</time><sym>circle,yellow</sym></wpt>
<wpt lat="-38.51085" lon="145.38675"><name>Whiting</name><desc>San Remo
11/08/20254/08/202528/07/202521/07/202514/07/2025</desc><time>11/08/2025</time><sym>circle,yellow</sym></wpt>
<wpt lat="-38.5118167" lon="144.8892333"><name>Gummy</name><desc>Western entrance
5/01/202630/12/202522/12/202515/12/20258/12/2025</desc><time>5/01/2026</time><sym>bigfish</sym></wpt>
<wpt lat="-38.5129667" lon="144.9008"><name>Gummy</name><desc>Western Port Heads
5/01/202630/12/202522/12/202515/12/20258/12/2025</desc><time>5/01/2026</time><sym>bigfish</sym></wpt>
<wpt lat="-38.51465" lon="144.8845667"><name>Gummy</name><desc>Cape Schnack
5/01/202630/12/202522/12/202515/12/20258/12/2025</desc><time>5/01/2026</time><sym>bigfish</sym></wpt>
<wpt lat="-38.5229667" lon="145.3491667"><name>Squid</name><desc>
16/10/2025</desc><time>16/10/2025</time><sym>circle,aqua</sym></wpt>
<wpt lat="-38.52655" lon="145.3581667"><name>Gummy</name><desc>Cleeland Bite 
30/12/2025</desc><time>30/12/2025</time><sym>bigfish</sym></wpt>
<wpt lat="-38.52655" lon="145.3581667"><name>Whiting</name><desc>Cleeland Bite
5/01/202622/12/202515/12/20258/12/20251/12/2025</desc><time>5/01/2026</time><sym>circle,yellow</sym></wpt>
<wpt lat="-38.5268833" lon="145.3536667"><name>Squid</name><desc>Cleeland Bight
5/01/202630/12/202522/12/202515/12/20258/12/2025</desc><time>5/01/2026</time><sym>circle,aqua</sym></wpt>
<wpt lat="-38.529" lon="145.3571667"><name>Squid</name><desc>Clealand Bight 
27/11/202514/11/202530/10/202516/10/2025</desc><time>27/11/2025</time><sym>circle,aqua</sym></wpt>
<wpt lat="-38.5294833" lon="145.3558333"><name>Squid</name><desc>
16/10/2025</desc><time>16/10/2025</time><sym>circle,aqua</sym></wpt>
<wpt lat="-38.5340833" lon="145.3431667"><name>Squid</name><desc>
16/10/2025</desc><time>16/10/2025</time><sym>circle,aqua</sym></wpt>
<wpt lat="-38.5341" lon="145.3521667"><name>Squid</name><desc>
16/10/2025</desc><time>16/10/2025</time><sym>circle,aqua</sym></wpt>
<wpt lat="-38.53655" lon="145.3498333"><name>Squid</name><desc>
16/10/2025</desc><time>16/10/2025</time><sym>circle,aqua</sym></wpt>
<wpt lat="-38.5368" lon="145.3518833"><name>Whiting</name><desc>Cleeland Bite
11/08/20254/08/202528/07/202521/07/202514/07/2025</desc><time>11/08/2025</time><sym>circle,yellow</sym></wpt>
<wpt lat="-38.5377167" lon="145.346"><name>Squid</name><desc>
16/10/2025</desc><time>16/10/2025</time><sym>circle,aqua</sym></wpt>
<wpt lat="-38.5444667" lon="145.3515"><name>Squid</name><desc>
16/10/2025</desc><time>16/10/2025</time><sym>circle,aqua</sym></wpt>
<wpt lat="-38.5464667" lon="145.4102"><name>Gummy</name><desc>Half Moon Bay
5/01/202630/12/202522/12/202515/12/20258/12/2025</desc><time>5/01/2026</time><sym>bigfish</sym></wpt>
<wpt lat="-38.5487" lon="145.3566667"><name>Squid</name><desc>
16/10/2025</desc><time>16/10/2025</time><sym>circle,aqua</sym></wpt>
<wpt lat="-38.5498" lon="145.41665"><name>Gummy</name><desc>Half Moon Bay
21/07/202514/07/20257/07/20251/07/202523/06/2025</desc><time>21/07/2025</time><sym>bigfish</sym></wpt>
<wpt lat="-38.5526833" lon="145.4428833"><name>Gummy</name><desc>Kilcunda
5/01/202630/12/202522/12/202515/12/20258/12/2025</desc><time>5/01/2026</time><sym>bigfish</sym></wpt>
<wpt lat="-38.56785" lon="145.32955"><name>Gummy</name><desc>Cape Woolomai
29/09/202522/09/202515/09/20258/09/20251/09/2025</desc><time>29/09/2025</time><sym>bigfish</sym></wpt>
<wpt lat="-38.56925" lon="145.33105"><name>Gummy</name><desc>Cape Woolamai
11/08/20254/08/2025</desc><time>11/08/2025</time><sym>bigfish</sym></wpt>
<wpt lat="-38.5721667" lon="145.3324"><name>Gummy</name><desc>Cape Woolomai
5/01/202630/12/202522/12/202515/12/20258/12/2025</desc><time>5/01/2026</time><sym>bigfish</sym></wpt>
<wpt lat="-38.6003667" lon="145.4978"><name>Kingfish</name><desc>Kilcunda/Inverloch
14/04/20257/04/202531/03/202524/03/202517/03/2025</desc><time>14/04/2025</time><sym>bigfish</sym></wpt>
<wpt lat="-38.76975" lon="146.4641"><name>Kingfish</name><desc>Inside Heads
27/01/2025</desc><time>27/01/2025</time><sym>bigfish</sym></wpt>
<wpt lat="-38.7807833" lon="146.4758667"><name>Kingfish</name><desc>Buoy 6 Heads
27/01/2025</desc><time>27/01/2025</time><sym>bigfish</sym></wpt>
<wpt lat="-38.7988167" lon="146.4947167"><name>Kingfish</name><desc>Outside heads
27/01/2025</desc><time>27/01/2025</time><sym>bigfish</sym></wpt>
<wpt lat="-38.8216167" lon="146.5566667"><name>Kingfish</name><desc>entrance
27/01/2025</desc><time>27/01/2025</time><sym>bigfish</sym></wpt>
<wpt lat="-37.8758833" lon="144.9010333"><name>Snapper</name><desc>Williamstown
5/01/202630/12/202522/12/202515/12/20258/12/2025</desc><time>5/01/2026</time><sym>bigfish</sym></wpt>
<wpt lat="-37.8781333" lon="144.87125"><name>Snapper</name><desc>Altona reef
5/01/202630/12/202522/12/202515/12/20258/12/2025</desc><time>5/01/2026</time><sym>bigfish</sym></wpt>
<wpt lat="-37.8841" lon="144.9675"><name>Snapper</name><desc>St Kilda
5/01/202630/12/202522/12/202515/12/20258/12/2025</desc><time>5/01/2026</time><sym>bigfish</sym></wpt>
<wpt lat="-37.9068167" lon="144.9692833"><name>Snapper</name><desc>Sandringham
5/01/202630/12/202522/12/202515/12/20258/12/2025</desc><time>5/01/2026</time><sym>bigfish</sym></wpt>
<wpt lat="-37.92685" lon="144.8941833"><name>Snapper</name><desc>Beyond P2
8/12/20251/12/202524/11/202517/11/202510/11/2025</desc><time>8/12/2025</time><sym>bigfish</sym></wpt>
<wpt lat="-37.9272333" lon="144.8811667"><name>Snapper</name><desc>P2 Deep
30/12/202522/12/202515/12/20258/12/20251/12/2025</desc><time>30/12/2025</time><sym>bigfish</sym></wpt>
<wpt lat="-37.9795667" lon="145.0042"><name>Snapper</name><desc>Black Rock
5/01/202630/12/202522/12/202515/12/20258/12/2025</desc><time>5/01/2026</time><sym>bigfish</sym></wpt>
<wpt lat="-37.9876" lon="144.8804333"><name>Snapper</name><desc>Spoils
5/01/202630/12/202522/12/202515/12/20258/12/2025</desc><time>5/01/2026</time><sym>bigfish</sym></wpt>
<wpt lat="-37.9972" lon="145.01685"><name>Snapper</name><desc>Black Rock
8/12/20251/12/202524/11/202517/11/202510/11/2025</desc><time>8/12/2025</time><sym>bigfish</sym></wpt>
<wpt lat="-38.0021667" lon="145.03135"><name>Snapper</name><desc>Ricketts point
10/11/20253/11/202527/10/2025</desc><time>10/11/2025</time><sym>bigfish</sym></wpt>
<wpt lat="-38.0083667" lon="145.02865"><name>Snapper</name><desc>Ricketts point
5/01/202630/12/202522/12/202515/12/20258/12/2025</desc><time>5/01/2026</time><sym>bigfish</sym></wpt>
<wpt lat="-38.0386667" lon="144.56925"><name>Whiting</name><desc>Wedge Spit
5/01/202630/12/202522/12/202515/12/20258/12/2025</desc><time>5/01/2026</time><sym>circle,yellow</sym></wpt>
<wpt lat="-38.0734167" lon="144.5370833"><name>Whiting</name><desc>Point Wilson
5/01/202630/12/202522/12/202515/12/20258/12/2025</desc><time>5/01/2026</time><sym>circle,yellow</sym></wpt>
<wpt lat="-38.1296167" lon="144.52145"><name>Snapper</name><desc>Clifton Springs
8/12/20251/12/202524/11/202517/11/202510/11/2025</desc><time>8/12/2025</time><sym>bigfish</sym></wpt>
<wpt lat="-38.1315833" lon="144.5321833"><name>Snapper</name><desc>Clifton Springs
5/01/202630/12/202522/12/202515/12/20258/12/2025</desc><time>5/01/2026</time><sym>bigfish</sym></wpt>
<wpt lat="-38.2549667" lon="145.3371333"><name>Gummy</name><desc>Tooradin 
30/12/2025</desc><time>30/12/2025</time><sym>bigfish</sym></wpt>
<wpt lat="-38.2549667" lon="145.3371333"><name>Whiting</name><desc>Tooradin
5/01/202622/12/202515/12/20258/12/20251/12/2025</desc><time>5/01/2026</time><sym>circle,yellow</sym></wpt>
<wpt lat="-38.2618833" lon="145.39385"><name>Gummy</name><desc>Lyalls 
30/12/2025</desc><time>30/12/2025</time><sym>bigfish</sym></wpt>
<wpt lat="-38.2618833" lon="145.39385"><name>Whiting</name><desc>Lyalls
5/01/202622/12/202515/12/20258/12/20251/12/2025</desc><time>5/01/2026</time><sym>circle,yellow</sym></wpt>
<wpt lat="-38.2686667" lon="145.2853333"><name>Snapper</name><desc>Eagle Rock
5/01/202630/12/202522/12/202515/12/20258/12/2025</desc><time>5/01/2026</time><sym>bigfish</sym></wpt>
<wpt lat="-38.2734167" lon="145.2762333"><name>Snapper</name><desc>Baggage Harbour
5/01/202630/12/202522/12/202515/12/20258/12/2025</desc><time>5/01/2026</time><sym>bigfish</sym></wpt>
<wpt lat="-38.2765833" lon="145.2502667"><name>Snapper</name><desc>Tyab Bank Shallows
5/01/202630/12/202522/12/202515/12/20258/12/2025</desc><time>5/01/2026</time><sym>bigfish</sym></wpt>
<wpt lat="-38.277" lon="145.4589"><name>Gummy</name><desc>Boultons 
30/12/2025</desc><time>30/12/2025</time><sym>bigfish</sym></wpt>
<wpt lat="-38.277" lon="145.4589"><name>Whiting</name><desc>Boultons
5/01/202622/12/202515/12/20258/12/20251/12/2025</desc><time>5/01/2026</time><sym>circle,yellow</sym></wpt>
<wpt lat="-38.2957833" lon="145.2544333"><name>Snapper</name><desc>Lysarts
5/01/202630/12/202522/12/202515/12/20258/12/2025</desc><time>5/01/2026</time><sym>bigfish</sym></wpt>
<wpt lat="-38.31875" lon="145.2313667"><name>Snapper</name><desc>Hastings
5/01/202630/12/202522/12/202515/12/20258/12/2025</desc><time>5/01/2026</time><sym>bigfish</sym></wpt>
<wpt lat="-38.4251167" lon="145.2397167"><name>Gummy</name><desc>Tortoise Head
5/01/202630/12/202522/12/202515/12/20258/12/2025</desc><time>5/01/2026</time><sym>bigfish</sym></wpt>
<wpt lat="-38.4399" lon="145.1209167"><name>Gummy</name><desc>Pt Leo
5/01/202630/12/202522/12/202515/12/20258/12/2025</desc><time>5/01/2026</time><sym>bigfish</sym></wpt>
<wpt lat="-38.45025" lon="145.2028833"><name>Squid</name><desc>Cowes
5/01/202630/12/202522/12/202515/12/20258/12/2025</desc><time>5/01/2026</time><sym>circle,aqua</sym></wpt>
<wpt lat="-38.4637833" lon="145.1679333"><name>Gummy</name><desc>Ventnor
5/01/202630/12/202522/12/202515/12/20258/12/2025</desc><time>5/01/2026</time><sym>bigfish</sym></wpt>
<wpt lat="-38.48575" lon="145.1336167"><name>Gummy</name><desc>Cat Bay
5/01/202630/12/202522/12/202515/12/20258/12/2025</desc><time>5/01/2026</time><sym>bigfish</sym></wpt>
<wpt lat="-38.5023833" lon="145.0646"><name>Gummy</name><desc>Flinders
5/01/202630/12/202522/12/202515/12/20258/12/2025</desc><time>5/01/2026</time><sym>bigfish</sym></wpt>
<wpt lat="-38.5132167" lon="145.3691833"><name>Squid</name><desc>San Remo
5/01/202630/12/202522/12/202515/12/20258/12/2025</desc><time>5/01/2026</time><sym>circle,aqua</sym></wpt>
<wpt lat="-37.8961833" lon="144.9099833"><name>Snapper</name><desc>Willi Deep
5/01/202630/12/202522/12/202515/12/20258/12/2025</desc><time>5/01/2026</time><sym>bigfish</sym></wpt>
<wpt lat="-37.9242333" lon="144.8926833"><name>Snapper</name><desc>P2
5/01/202630/12/202522/12/202515/12/20258/12/2025</desc><time>5/01/2026</time><sym>bigfish</sym></wpt>
<wpt lat="-37.9521833" lon="144.9283167"><name>Snapper</name><desc>Fawkner Beacon
30/12/202522/12/202515/12/20258/12/2025</desc><time>30/12/2025</time><sym>bigfish</sym></wpt>
<wpt lat="-38.4387333" lon="145.2482333"><name>Snapper</name><desc>Cowes
5/01/202630/12/202522/12/202515/12/20258/12/2025</desc><time>5/01/2026</time><sym>bigfish</sym></wpt>
<wpt lat="-38.4442333" lon="145.3039833"><name>Snapper</name><desc>Observation Point
5/01/202630/12/202522/12/202515/12/20258/12/2025</desc><time>5/01/2026</time><sym>bigfish</sym></wpt>
<wpt lat="-38.45145" lon="145.3510333"><name>Snapper</name><desc>Corals
5/01/202630/12/202522/12/202515/12/20258/12/2025</desc><time>5/01/2026</time><sym>bigfish</sym></wpt>
<wpt lat="-37.8536833" lon="144.95125"><name>Snapper</name><desc>Albert Park
20/11/20257/11/2025</desc><time>20/11/2025</time><sym>bigfish</sym></wpt>
<wpt lat="-37.8562" lon="144.9530833"><name>Snapper</name><desc>Albert Park
20/11/20257/11/2025</desc><time>20/11/2025</time><sym>bigfish</sym></wpt>
<wpt lat="-37.8723333" lon="144.86155"><name>Snapper</name><desc>Altona
20/11/202514/11/20257/11/2025</desc><time>20/11/2025</time><sym>bigfish</sym></wpt>
<wpt lat="-37.8741833" lon="144.9141333"><name>Snapper</name><desc>Williamstown
20/11/202514/11/20257/11/2025</desc><time>20/11/2025</time><sym>bigfish</sym></wpt>
<wpt lat="-37.8764" lon="144.9126333"><name>Snapper</name><desc>Willy 
14/11/202530/10/2025</desc><time>14/11/2025</time><sym>bigfish</sym></wpt>
<wpt lat="-37.8766667" lon="144.9099667"><name>Snapper</name><desc>Williamstown
20/11/202514/11/20257/11/2025</desc><time>20/11/2025</time><sym>bigfish</sym></wpt>
<wpt lat="-37.877" lon="144.9001833"><name>Snapper</name><desc>Williamstown
20/11/202514/11/20257/11/2025</desc><time>20/11/2025</time><sym>bigfish</sym></wpt>
<wpt lat="-37.8839167" lon="144.8557333"><name>Snapper</name><desc>Altona
20/11/202514/11/20257/11/2025</desc><time>20/11/2025</time><sym>bigfish</sym></wpt>
<wpt lat="-37.8839667" lon="144.8640833"><name>Snapper</name><desc>Altona
20/11/202514/11/20257/11/2025</desc><time>20/11/2025</time><sym>bigfish</sym></wpt>
<wpt lat="-37.8868333" lon="144.8934833"><name>Snapper</name><desc>Altona 
13/11/2025</desc><time>13/11/2025</time><sym>bigfish</sym></wpt>
<wpt lat="-37.8886333" lon="144.8678333"><name>Snapper</name><desc>Altona 
13/11/2025</desc><time>13/11/2025</time><sym>bigfish</sym></wpt>
<wpt lat="-37.8910833" lon="144.8545"><name>Snapper</name><desc>Altona
14/11/202530/10/2025</desc><time>14/11/2025</time><sym>bigfish</sym></wpt>
<wpt lat="-37.8921" lon="144.8618667"><name>Snapper</name><desc>Altona (north of the
6/11/202531/10/2025</desc><time>6/11/2025</time><sym>bigfish</sym></wpt>
<wpt lat="-37.8947667" lon="144.8466167"><name>Snapper</name><desc>Altona (north of the
6/11/202531/10/2025</desc><time>6/11/2025</time><sym>bigfish</sym></wpt>
<wpt lat="-37.89495" lon="144.8919"><name>Snapper</name><desc>Altona (north of the
31/10/2025</desc><time>31/10/2025</time><sym>bigfish</sym></wpt>
<wpt lat="-37.8969833" lon="144.84585"><name>Snapper</name><desc>Altona
14/11/202530/10/2025</desc><time>14/11/2025</time><sym>bigfish</sym></wpt>
<wpt lat="-37.9032333" lon="144.8867667"><name>Snapper</name><desc>Altona 
11/12/2025</desc><time>11/12/2025</time><sym>bigfish</sym></wpt>
<wpt lat="-37.9065333" lon="144.8640667"><name>Snapper</name><desc>Altona (north of the
6/11/202531/10/2025</desc><time>6/11/2025</time><sym>bigfish</sym></wpt>
<wpt lat="-37.9086667" lon="144.8679167"><name>Snapper</name><desc>Altona 
13/11/2025</desc><time>13/11/2025</time><sym>bigfish</sym></wpt>
<wpt lat="-37.9087167" lon="144.8614333"><name>Snapper</name><desc>Altona 
4/12/2025</desc><time>4/12/2025</time><sym>bigfish</sym></wpt>
<wpt lat="-37.9087167" lon="144.8668167"><name>Snapper</name><desc>Altona 
4/12/2025</desc><time>4/12/2025</time><sym>bigfish</sym></wpt>
<wpt lat="-37.90895" lon="144.8613"><name>Snapper</name><desc>Altona 
13/11/2025</desc><time>13/11/2025</time><sym>bigfish</sym></wpt>
<wpt lat="-37.9090833" lon="144.8633333"><name>Snapper</name><desc>Altona 
20/11/2025</desc><time>20/11/2025</time><sym>bigfish</sym></wpt>
<wpt lat="-37.9092" lon="144.8663333"><name>Snapper</name><desc>Altona (north of the
6/11/202531/10/2025</desc><time>6/11/2025</time><sym>bigfish</sym></wpt>
<wpt lat="-37.90945" lon="144.8666833"><name>Snapper</name><desc>Altona (north of the
6/11/202531/10/2025</desc><time>6/11/2025</time><sym>bigfish</sym></wpt>
<wpt lat="-37.9100667" lon="144.86745"><name>Snapper</name><desc>Altona area/North
4/12/202527/11/2025</desc><time>4/12/2025</time><sym>bigfish</sym></wpt>
<wpt lat="-37.9101833" lon="144.86755"><name>Snapper</name><desc>Altona 
13/11/2025</desc><time>13/11/2025</time><sym>bigfish</sym></wpt>
<wpt lat="-37.9106" lon="144.8673333"><name>Snapper</name><desc>Altona 
13/11/2025</desc><time>13/11/2025</time><sym>bigfish</sym></wpt>
<wpt lat="-37.9114167" lon="144.87405"><name>Snapper</name><desc>Altona 
20/11/2025</desc><time>20/11/2025</time><sym>bigfish</sym></wpt>
<wpt lat="-37.9137667" lon="144.8728167"><name>Snapper</name><desc>Altona 
20/11/2025</desc><time>20/11/2025</time><sym>bigfish</sym></wpt>
<wpt lat="-37.9149" lon="144.84675"><name>Snapper</name><desc>Altona area/North
4/12/202527/11/2025</desc><time>4/12/2025</time><sym>bigfish</sym></wpt>
<wpt lat="-37.9152833" lon="144.8509833"><name>Snapper</name><desc>Altona 
13/11/2025</desc><time>13/11/2025</time><sym>bigfish</sym></wpt>
<wpt lat="-37.9191667" lon="144.8819167"><name>Snapper</name><desc>P2
14/11/202530/10/2025</desc><time>14/11/2025</time><sym>bigfish</sym></wpt>
<wpt lat="-37.9210167" lon="144.9024667"><name>Snapper</name><desc>Altona 
11/12/2025</desc><time>11/12/2025</time><sym>bigfish</sym></wpt>
<wpt lat="-37.92265" lon="144.9136833"><name>Snapper</name><desc>T16
10/12/2025</desc><time>10/12/2025</time><sym>bigfish</sym></wpt>
<wpt lat="-37.9244167" lon="144.8855833"><name>Snapper</name><desc>P2
14/11/202530/10/2025</desc><time>14/11/2025</time><sym>bigfish</sym></wpt>
<wpt lat="-37.9271" lon="144.8723833"><name>Snapper</name><desc>Altona 
11/12/2025</desc><time>11/12/2025</time><sym>bigfish</sym></wpt>
<wpt lat="-37.9301167" lon="144.8608333"><name>Snapper</name><desc>Altona 
13/11/2025</desc><time>13/11/2025</time><sym>bigfish</sym></wpt>
<wpt lat="-37.9301333" lon="144.9343667"><name>Snapper</name><desc>T15
10/12/2025</desc><time>10/12/2025</time><sym>bigfish</sym></wpt>
<wpt lat="-37.9307333" lon="144.9126"><name>Snapper</name><desc>Altona 
11/12/2025</desc><time>11/12/2025</time><sym>bigfish</sym></wpt>
<wpt lat="-37.9321333" lon="144.9348833"><name>Snapper</name><desc>St Kilda (wide)
20/11/2025</desc><time>20/11/2025</time><sym>bigfish</sym></wpt>
<wpt lat="-37.9321833" lon="144.9096167"><name>Snapper</name><desc>Altona 
20/11/2025</desc><time>20/11/2025</time><sym>bigfish</sym></wpt>
<wpt lat="-37.93545" lon="144.9074833"><name>Snapper</name><desc>Deep of Altona
10/12/2025</desc><time>10/12/2025</time><sym>bigfish</sym></wpt>
<wpt lat="-37.9355333" lon="144.9348167"><name>Snapper</name><desc>St Kilda (wide)
20/11/2025</desc><time>20/11/2025</time><sym>bigfish</sym></wpt>
<wpt lat="-37.9370667" lon="144.9332333"><name>Snapper</name><desc>St Kilda / Sandringh
13/11/2025</desc><time>13/11/2025</time><sym>bigfish</sym></wpt>
<wpt lat="-37.9382333" lon="144.9825333"><name>Snapper</name><desc>Sandringham
14/11/202530/10/2025</desc><time>14/11/2025</time><sym>bigfish</sym></wpt>
<wpt lat="-37.9394333" lon="144.8991667"><name>Snapper</name><desc>Deep of Altona
10/12/2025</desc><time>10/12/2025</time><sym>bigfish</sym></wpt>
<wpt lat="-37.9435167" lon="144.9153667"><name>Snapper</name><desc>Altona 
20/11/2025</desc><time>20/11/2025</time><sym>bigfish</sym></wpt>
<wpt lat="-37.9443833" lon="144.97115"><name>Snapper</name><desc>Sandringham
14/11/202530/10/2025</desc><time>14/11/2025</time><sym>bigfish</sym></wpt>
<wpt lat="-37.9469833" lon="144.9767333"><name>Snapper</name><desc>Sandringham
14/11/202530/10/2025</desc><time>14/11/2025</time><sym>bigfish</sym></wpt>
<wpt lat="-37.9484167" lon="144.9762"><name>Snapper</name><desc>Sandringham
20/11/2025</desc><time>20/11/2025</time><sym>bigfish</sym></wpt>
<wpt lat="-37.9484167" lon="144.9762167"><name>Snapper</name><desc>Sandringham
4/12/20256/11/202531/10/2025</desc><time>4/12/2025</time><sym>bigfish</sym></wpt>
<wpt lat="-37.9484333" lon="144.9762167"><name>Snapper</name><desc>St Kilda / Sandringh
13/11/2025</desc><time>13/11/2025</time><sym>bigfish</sym></wpt>
<wpt lat="-37.9499" lon="144.7495"><name>Squid</name><desc>Werribee / Wedge Spi
20/11/2025</desc><time>20/11/2025</time><sym>circle,aqua</sym></wpt>
<wpt lat="-37.95025" lon="144.93235"><name>Snapper</name><desc>Fawkner beacon
4/12/2025</desc><time>4/12/2025</time><sym>bigfish</sym></wpt>
<wpt lat="-37.9513833" lon="144.72915"><name>Squid</name><desc>Werribee / Wedge Spi
20/11/2025</desc><time>20/11/2025</time><sym>circle,aqua</sym></wpt>
<wpt lat="-37.9516667" lon="144.9489333"><name>Snapper</name><desc>St Kilda / Sandringh
13/11/2025</desc><time>13/11/2025</time><sym>bigfish</sym></wpt>
<wpt lat="-37.9589333" lon="144.8984167"><name>Snapper</name><desc>Wide of Altona
4/12/2025</desc><time>4/12/2025</time><sym>bigfish</sym></wpt>
<wpt lat="-37.9590667" lon="144.8984833"><name>Snapper</name><desc>Altona 
13/11/2025</desc><time>13/11/2025</time><sym>bigfish</sym></wpt>
<wpt lat="-37.9597167" lon="144.96205"><name>Snapper</name><desc>Sandringham
6/11/202531/10/2025</desc><time>6/11/2025</time><sym>bigfish</sym></wpt>
<wpt lat="-37.9597167" lon="144.9622"><name>Snapper</name><desc>Sandringham
20/11/2025</desc><time>20/11/2025</time><sym>bigfish</sym></wpt>
<wpt lat="-37.9599167" lon="144.9694667"><name>Snapper</name><desc>Sandringham
4/12/202520/11/20256/11/202531/10/2025</desc><time>4/12/2025</time><sym>bigfish</sym></wpt>
<wpt lat="-37.9599167" lon="144.9694833"><name>Snapper</name><desc>St Kilda / Sandringh
13/11/2025</desc><time>13/11/2025</time><sym>bigfish</sym></wpt>
<wpt lat="-37.97095" lon="144.8347333"><name>Snapper</name><desc>Altona area/North
4/12/202527/11/2025</desc><time>4/12/2025</time><sym>bigfish</sym></wpt>
<wpt lat="-37.9733667" lon="145.0022333"><name>Snapper</name><desc>Black Rock to Ricket
13/11/2025</desc><time>13/11/2025</time><sym>bigfish</sym></wpt>
<wpt lat="-37.9743833" lon="145.0045167"><name>Snapper</name><desc>Further down the bay
7/11/2025</desc><time>7/11/2025</time><sym>bigfish</sym></wpt>
<wpt lat="-37.9747333" lon="145.0065333"><name>Snapper</name><desc>Black Rock
4/12/202527/11/2025</desc><time>4/12/2025</time><sym>bigfish</sym></wpt>
<wpt lat="-37.9755167" lon="144.9998833"><name>Snapper</name><desc>Black Rock
4/12/202520/11/20256/11/202531/10/2025</desc><time>4/12/2025</time><sym>bigfish</sym></wpt>
<wpt lat="-37.9775167" lon="145.0091167"><name>Snapper</name><desc>Further down the bay
7/11/2025</desc><time>7/11/2025</time><sym>bigfish</sym></wpt>
<wpt lat="-37.9779" lon="145.0033167"><name>Snapper</name><desc>Can be snaggy in her
31/10/2025</desc><time>31/10/2025</time><sym>bigfish</sym></wpt>
<wpt lat="-37.9816333" lon="144.9929"><name>Snapper</name><desc>Black Rock
26/12/202519/12/202511/12/2025</desc><time>26/12/2025</time><sym>bigfish</sym></wpt>
<wpt lat="-37.9816667" lon="144.9925667"><name>Snapper</name><desc>Black Rock
4/12/202520/11/202531/10/2025</desc><time>4/12/2025</time><sym>bigfish</sym></wpt>
<wpt lat="-37.98285" lon="145.0103333"><name>Snapper</name><desc>Can be snaggy in her
6/11/202531/10/2025</desc><time>6/11/2025</time><sym>bigfish</sym></wpt>
<wpt lat="-37.9832667" lon="144.9357"><name>Snapper</name><desc>Altona 
20/11/2025</desc><time>20/11/2025</time><sym>bigfish</sym></wpt>
<wpt lat="-37.98515" lon="145.0138"><name>Snapper</name><desc>Black Rock
26/12/202519/12/202511/12/2025</desc><time>26/12/2025</time><sym>bigfish</sym></wpt>
<wpt lat="-37.9863667" lon="145.0129"><name>Snapper</name><desc>Further down the bay
7/11/2025</desc><time>7/11/2025</time><sym>bigfish</sym></wpt>
<wpt lat="-37.9864333" lon="145.0116667"><name>Snapper</name><desc>Black Rock
4/12/2025</desc><time>4/12/2025</time><sym>bigfish</sym></wpt>
<wpt lat="-37.9869333" lon="145.0128833"><name>Snapper</name><desc>Black Rock
4/12/202527/11/2025</desc><time>4/12/2025</time><sym>bigfish</sym></wpt>
<wpt lat="-37.9881" lon="144.98455"><name>Snapper</name><desc>Black Rock to Ricket
13/11/2025</desc><time>13/11/2025</time><sym>bigfish</sym></wpt>
<wpt lat="-37.9882333" lon="145.0142"><name>Snapper</name><desc>Black Rock
14/11/202530/10/2025</desc><time>14/11/2025</time><sym>bigfish</sym></wpt>
<wpt lat="-37.9900833" lon="144.8980833"><name>Snapper</name><desc>The spoil ground 
4/12/2025</desc><time>4/12/2025</time><sym>bigfish</sym></wpt>
<wpt lat="-37.9908167" lon="145.0178"><name>Snapper</name><desc>Black Rock to Ricket
13/11/2025</desc><time>13/11/2025</time><sym>bigfish</sym></wpt>
<wpt lat="-37.9910167" lon="144.9857"><name>Snapper</name><desc>Beaumaris 
27/11/2025</desc><time>27/11/2025</time><sym>bigfish</sym></wpt>
<wpt lat="-37.9919" lon="145.0209167"><name>Snapper</name><desc>Black Rock
4/12/202527/11/2025</desc><time>4/12/2025</time><sym>bigfish</sym></wpt>
<wpt lat="-37.993" lon="145.0203333"><name>Snapper</name><desc>Black Rock
14/11/202530/10/2025</desc><time>14/11/2025</time><sym>bigfish</sym></wpt>
<wpt lat="-37.9935333" lon="145.0200333"><name>Snapper</name><desc>Black Rock
26/12/202519/12/202511/12/2025</desc><time>26/12/2025</time><sym>bigfish</sym></wpt>
<wpt lat="-37.99395" lon="144.8922833"><name>Snapper</name><desc>Spoil Ground
6/11/202531/10/2025</desc><time>6/11/2025</time><sym>bigfish</sym></wpt>
<wpt lat="-37.9968833" lon="145.02355"><name>Snapper</name><desc>Can be snaggy in her
31/10/2025</desc><time>31/10/2025</time><sym>bigfish</sym></wpt>
<wpt lat="-37.9999667" lon="145.0560833"><name>Snapper</name><desc>Parkdale in shallow 
27/11/2025</desc><time>27/11/2025</time><sym>bigfish</sym></wpt>
<wpt lat="-38.00015" lon="144.87545"><name>Snapper</name><desc>The spoil ground 
4/12/2025</desc><time>4/12/2025</time><sym>bigfish</sym></wpt>
<wpt lat="-38.0003333" lon="144.9361167"><name>Snapper</name><desc>Altona 
20/11/2025</desc><time>20/11/2025</time><sym>bigfish</sym></wpt>
<wpt lat="-38.0012167" lon="144.9742167"><name>Snapper</name><desc>Black Rock
4/12/2025</desc><time>4/12/2025</time><sym>bigfish</sym></wpt>
<wpt lat="-38.0037333" lon="145.06495"><name>Snapper</name><desc>Parkdale in shallow 
27/11/2025</desc><time>27/11/2025</time><sym>bigfish</sym></wpt>
<wpt lat="-38.0044833" lon="145.0235"><name>Snapper</name><desc>Black Rock
14/11/202530/10/2025</desc><time>14/11/2025</time><sym>bigfish</sym></wpt>
<wpt lat="-38.00515" lon="144.8945667"><name>Snapper</name><desc>Spoil Ground
6/11/202531/10/2025</desc><time>6/11/2025</time><sym>bigfish</sym></wpt>
<wpt lat="-38.0053167" lon="144.9991"><name>Snapper</name><desc>Black Rock to Ricket
13/11/2025</desc><time>13/11/2025</time><sym>bigfish</sym></wpt>
<wpt lat="-38.0053833" lon="144.9989"><name>Snapper</name><desc>Black Rock down to R
6/11/2025</desc><time>6/11/2025</time><sym>bigfish</sym></wpt>
<wpt lat="-38.0055333" lon="145.0145833"><name>Snapper</name><desc>Can be snaggy in her
20/11/20256/11/202531/10/2025</desc><time>20/11/2025</time><sym>bigfish</sym></wpt>
<wpt lat="-38.0058167" lon="145.0709333"><name>Snapper</name><desc>Parkdale in shallow 
27/11/2025</desc><time>27/11/2025</time><sym>bigfish</sym></wpt>
<wpt lat="-38.0063167" lon="144.8945333"><name>Gummy</name><desc>Spoil Grounds
20/11/2025</desc><time>20/11/2025</time><sym>bigfish</sym></wpt>
<wpt lat="-38.0066167" lon="144.9407833"><name>Snapper</name><desc>T1
4/12/2025</desc><time>4/12/2025</time><sym>bigfish</sym></wpt>
<wpt lat="-38.0066333" lon="144.89435"><name>Snapper</name><desc>Spoil Ground (wide o
13/11/2025</desc><time>13/11/2025</time><sym>bigfish</sym></wpt>
<wpt lat="-38.0069667" lon="144.6715667"><name>Whiting</name><desc>Wedge Spit
19/12/20254/12/2025</desc><time>19/12/2025</time><sym>circle,yellow</sym></wpt>
<wpt lat="-38.0070667" lon="144.91295"><name>Snapper</name><desc>T2 
4/12/202513/11/2025</desc><time>4/12/2025</time><sym>bigfish</sym></wpt>
<wpt lat="-38.01115" lon="144.61465"><name>Whiting</name><desc>Wedge Spit (later in
13/11/2025</desc><time>13/11/2025</time><sym>circle,yellow</sym></wpt>
<wpt lat="-38.0114667" lon="144.9102667"><name>Snapper</name><desc>Spoil Ground (wide o
13/11/2025</desc><time>13/11/2025</time><sym>bigfish</sym></wpt>
<wpt lat="-38.0119667" lon="144.68375"><name>Whiting</name><desc>Wedge Spit
19/12/20254/12/2025</desc><time>19/12/2025</time><sym>circle,yellow</sym></wpt>
<wpt lat="-38.01255" lon="145.027"><name>Snapper</name><desc>Beaumaris
4/12/2025</desc><time>4/12/2025</time><sym>bigfish</sym></wpt>
<wpt lat="-38.01315" lon="144.6158833"><name>Whiting</name><desc>Wedge Spit
20/11/2025</desc><time>20/11/2025</time><sym>circle,yellow</sym></wpt>
<wpt lat="-38.0132333" lon="144.6144"><name>Whiting</name><desc>Wedge Spit
19/12/20254/12/2025</desc><time>19/12/2025</time><sym>circle,yellow</sym></wpt>
<wpt lat="-38.0135167" lon="144.8891"><name>Snapper</name><desc>Spoil Ground
4/12/2025</desc><time>4/12/2025</time><sym>bigfish</sym></wpt>
<wpt lat="-38.01395" lon="144.8914333"><name>Snapper</name><desc>Spoil Ground (wide o
13/11/2025</desc><time>13/11/2025</time><sym>bigfish</sym></wpt>
<wpt lat="-38.0143833" lon="144.9985167"><name>Snapper</name><desc>Can be snaggy in her
6/11/202531/10/2025</desc><time>6/11/2025</time><sym>bigfish</sym></wpt>
<wpt lat="-38.0144667" lon="144.99895"><name>Snapper</name><desc>Black Rock to Ricket
13/11/2025</desc><time>13/11/2025</time><sym>bigfish</sym></wpt>
<wpt lat="-38.0144833" lon="144.9989667"><name>Snapper</name><desc>Beaumaris 
27/11/2025</desc><time>27/11/2025</time><sym>bigfish</sym></wpt>
<wpt lat="-38.0149833" lon="144.8874"><name>Gummy</name><desc>Spoil Grounds
20/11/2025</desc><time>20/11/2025</time><sym>bigfish</sym></wpt>
<wpt lat="-38.0159333" lon="144.601"><name>Whiting</name><desc>Wedge Spit
19/12/20254/12/2025</desc><time>19/12/2025</time><sym>circle,yellow</sym></wpt>
<wpt lat="-38.0188" lon="144.67645"><name>Whiting</name><desc>Wedge Spit
31/10/2025</desc><time>31/10/2025</time><sym>circle,yellow</sym></wpt>
<wpt lat="-38.0201833" lon="144.59835"><name>Whiting</name><desc>Wedge Spit
6/11/2025</desc><time>6/11/2025</time><sym>circle,yellow</sym></wpt>
<wpt lat="-38.02045" lon="144.6374"><name>Squid</name><desc>Werribee / Wedge Spi
4/12/2025</desc><time>4/12/2025</time><sym>circle,aqua</sym></wpt>
<wpt lat="-38.0205833" lon="144.6469333"><name>Squid</name><desc>Werribee / Wedge Spi
19/12/20254/12/2025</desc><time>19/12/2025</time><sym>circle,aqua</sym></wpt>
<wpt lat="-38.0219833" lon="144.5956167"><name>Whiting</name><desc>Wedge Spit
2/01/202620/11/2025</desc><time>2/01/2026</time><sym>circle,yellow</sym></wpt>
<wpt lat="-38.0220667" lon="145.0583333"><name>Snapper</name><desc>Mordialloc
30/10/2025</desc><time>30/10/2025</time><sym>bigfish</sym></wpt>
<wpt lat="-38.0223" lon="145.0586833"><name>Snapper</name><desc>Mordialloc
20/11/2025</desc><time>20/11/2025</time><sym>bigfish</sym></wpt>
<wpt lat="-38.0225333" lon="145.0584333"><name>Snapper</name><desc>Mordialloc
4/12/2025</desc><time>4/12/2025</time><sym>bigfish</sym></wpt>
<wpt lat="-38.0234167" lon="145.075"><name>Snapper</name><desc>Mordialloc
30/10/2025</desc><time>30/10/2025</time><sym>bigfish</sym></wpt>
<wpt lat="-38.0234833" lon="145.0234833"><name>Snapper</name><desc>Black Rock to Ricket
20/11/2025</desc><time>20/11/2025</time><sym>bigfish</sym></wpt>
<wpt lat="-38.0246667" lon="145.0555833"><name>Snapper</name><desc>Mordialloc
20/11/2025</desc><time>20/11/2025</time><sym>bigfish</sym></wpt>
<wpt lat="-38.0264167" lon="145.0086833"><name>Snapper</name><desc>Beaumaris
4/12/2025</desc><time>4/12/2025</time><sym>bigfish</sym></wpt>
<wpt lat="-38.02695" lon="145.0185167"><name>Snapper</name><desc>Beaumaris (wide)
4/12/2025</desc><time>4/12/2025</time><sym>bigfish</sym></wpt>
<wpt lat="-38.02705" lon="144.5927833"><name>Whiting</name><desc>Wedge Spit
6/11/2025</desc><time>6/11/2025</time><sym>circle,yellow</sym></wpt>
<wpt lat="-38.0292333" lon="145.02145"><name>Snapper</name><desc>Black Rock to Ricket
20/11/2025</desc><time>20/11/2025</time><sym>bigfish</sym></wpt>
<wpt lat="-38.0305333" lon="144.65835"><name>Whiting</name><desc>Wedge Spit
31/10/2025</desc><time>31/10/2025</time><sym>circle,yellow</sym></wpt>
<wpt lat="-38.0310167" lon="144.9134333"><name>Snapper</name><desc>Altona 
4/12/2025</desc><time>4/12/2025</time><sym>bigfish</sym></wpt>
<wpt lat="-38.0314333" lon="145.0561333"><name>Snapper</name><desc>Chelsea
20/11/2025</desc><time>20/11/2025</time><sym>bigfish</sym></wpt>
<wpt lat="-38.0324833" lon="144.5936833"><name>Whiting</name><desc>Wedge Spit
19/12/20254/12/2025</desc><time>19/12/2025</time><sym>circle,yellow</sym></wpt>
<wpt lat="-38.0343333" lon="145.0248333"><name>Snapper</name><desc>Mordialloc
4/12/20254/12/20254/12/20254/12/2025</desc><time>4/12/2025</time><sym>bigfish</sym></wpt>
<wpt lat="-38.0345667" lon="145.02515"><name>Snapper</name><desc>Beaumaris (wide)
4/12/2025</desc><time>4/12/2025</time><sym>bigfish</sym></wpt>
<wpt lat="-38.0393167" lon="145.0709833"><name>Snapper</name><desc>Chelsea 
13/11/2025</desc><time>13/11/2025</time><sym>bigfish</sym></wpt>
<wpt lat="-38.0398" lon="144.5621333"><name>Whiting</name><desc>Wedge Spit (later in
13/11/2025</desc><time>13/11/2025</time><sym>circle,yellow</sym></wpt>
<wpt lat="-38.0399667" lon="144.5630333"><name>Whiting</name><desc>Wedge Spit
2/01/202620/11/2025</desc><time>2/01/2026</time><sym>circle,yellow</sym></wpt>
<wpt lat="-38.0430833" lon="144.9544333"><name>Snapper</name><desc>Black Rock to Ricket
13/11/2025</desc><time>13/11/2025</time><sym>bigfish</sym></wpt>
<wpt lat="-38.04445" lon="145.05405"><name>Snapper</name><desc>Carrum to Mornington
19/12/20256/11/2025</desc><time>19/12/2025</time><sym>bigfish</sym></wpt>
<wpt lat="-38.0446" lon="144.95515"><name>Snapper</name><desc>Aspendale
4/12/2025</desc><time>4/12/2025</time><sym>bigfish</sym></wpt>
<wpt lat="-38.0448333" lon="144.9753333"><name>Snapper</name><desc>Aspendale
4/12/2025</desc><time>4/12/2025</time><sym>bigfish</sym></wpt>
<wpt lat="-38.0457833" lon="145.0313667"><name>Snapper</name><desc>Carrum / Chelsea / F
19/12/202511/12/2025</desc><time>19/12/2025</time><sym>bigfish</sym></wpt>
<wpt lat="-38.0478833" lon="145.0778833"><name>Snapper</name><desc>Chelsea
4/12/2025</desc><time>4/12/2025</time><sym>bigfish</sym></wpt>
<wpt lat="-38.0479" lon="145.0765333"><name>Snapper</name><desc>Chelsea 
13/11/2025</desc><time>13/11/2025</time><sym>bigfish</sym></wpt>
<wpt lat="-38.0496167" lon="145.0547333"><name>Snapper</name><desc>Chelsea
4/12/2025</desc><time>4/12/2025</time><sym>bigfish</sym></wpt>
<wpt lat="-38.0496833" lon="145.0554167"><name>Snapper</name><desc>Chelsea (sounding th
6/11/2025</desc><time>6/11/2025</time><sym>bigfish</sym></wpt>
<wpt lat="-38.0499167" lon="145.0490667"><name>Snapper</name><desc>Chelsea (sounding th
6/11/2025</desc><time>6/11/2025</time><sym>bigfish</sym></wpt>
<wpt lat="-38.0500833" lon="145.0554"><name>Snapper</name><desc>Carrum / Chelsea / F
19/12/202511/12/2025</desc><time>19/12/2025</time><sym>bigfish</sym></wpt>
<wpt lat="-38.0501333" lon="145.075"><name>Snapper</name><desc>Chelsea 
20/11/2025</desc><time>20/11/2025</time><sym>bigfish</sym></wpt>
<wpt lat="-38.0502833" lon="145.0792833"><name>Snapper</name><desc>Chelsea
20/11/2025</desc><time>20/11/2025</time><sym>bigfish</sym></wpt>
<wpt lat="-38.0504833" lon="144.9966667"><name>Snapper</name><desc>Gasso 
4/12/2025</desc><time>4/12/2025</time><sym>bigfish</sym></wpt>
<wpt lat="-38.0514167" lon="145.0779167"><name>Snapper</name><desc>Chelsea 
20/11/2025</desc><time>20/11/2025</time><sym>bigfish</sym></wpt>
<wpt lat="-38.0525333" lon="144.8382333"><name>Snapper</name><desc>The wrecks out wide 
10/12/2025</desc><time>10/12/2025</time><sym>bigfish</sym></wpt>
<wpt lat="-38.0526" lon="145.0807"><name>Snapper</name><desc>Chelsea (sounding th
6/11/2025</desc><time>6/11/2025</time><sym>bigfish</sym></wpt>
<wpt lat="-38.0526" lon="145.0818167"><name>Snapper</name><desc>Chelsea 
13/11/2025</desc><time>13/11/2025</time><sym>bigfish</sym></wpt>
<wpt lat="-38.05275" lon="145.0827"><name>Snapper</name><desc>Chelsea
20/11/2025</desc><time>20/11/2025</time><sym>bigfish</sym></wpt>
<wpt lat="-38.0530167" lon="145.0841167"><name>Snapper</name><desc>Chelsea
20/11/2025</desc><time>20/11/2025</time><sym>bigfish</sym></wpt>
<wpt lat="-38.0575167" lon="145.0349667"><name>Snapper</name><desc>Carrum
27/11/2025</desc><time>27/11/2025</time><sym>bigfish</sym></wpt>
<wpt lat="-38.0597" lon="145.03715"><name>Snapper</name><desc>Chelsea
4/12/2025</desc><time>4/12/2025</time><sym>bigfish</sym></wpt>
<wpt lat="-38.05975" lon="145.03715"><name>Snapper</name><desc>Chelsea
20/11/2025</desc><time>20/11/2025</time><sym>bigfish</sym></wpt>
<wpt lat="-38.05995" lon="145.0787"><name>Snapper</name><desc>Carrum to Mornington
19/12/20256/11/2025</desc><time>19/12/2025</time><sym>bigfish</sym></wpt>
<wpt lat="-38.0606667" lon="145.0802333"><name>Snapper</name><desc>Chelsea 
13/11/2025</desc><time>13/11/2025</time><sym>bigfish</sym></wpt>
<wpt lat="-38.0623" lon="144.5342"><name>Whiting</name><desc>Wedge Spit
20/11/2025</desc><time>20/11/2025</time><sym>circle,yellow</sym></wpt>
<wpt lat="-38.06415" lon="144.9091667"><name>Snapper</name><desc>S39 04 320 E144 55 7
4/12/2025</desc><time>4/12/2025</time><sym>bigfish</sym></wpt>
<wpt lat="-38.0649667" lon="145.0769667"><name>Snapper</name><desc>Carrum / Chelsea / F
4/12/202527/11/2025</desc><time>4/12/2025</time><sym>bigfish</sym></wpt>
<wpt lat="-38.0650833" lon="145.0768"><name>Snapper</name><desc>Carrum to Mornington
19/12/20256/11/2025</desc><time>19/12/2025</time><sym>bigfish</sym></wpt>
<wpt lat="-38.0651167" lon="145.0770667"><name>Snapper</name><desc>Chelsea 
30/10/2025</desc><time>30/10/2025</time><sym>bigfish</sym></wpt>
<wpt lat="-38.06545" lon="144.6086167"><name>Snapper</name><desc>Clifton Springs
4/12/202527/11/2025</desc><time>4/12/2025</time><sym>bigfish</sym></wpt>
<wpt lat="-38.0658333" lon="145.0348"><name>Snapper</name><desc>Carrum
27/11/2025</desc><time>27/11/2025</time><sym>bigfish</sym></wpt>
<wpt lat="-38.0690167" lon="144.8713833"><name>Snapper</name><desc>The deep hole
4/12/2025</desc><time>4/12/2025</time><sym>bigfish</sym></wpt>
<wpt lat="-38.0699" lon="145.0539833"><name>Snapper</name><desc>Chelsea
4/12/2025</desc><time>4/12/2025</time><sym>bigfish</sym></wpt>
<wpt lat="-38.07" lon="144.8316833"><name>Snapper</name><desc>The wrecks out wide 
10/12/2025</desc><time>10/12/2025</time><sym>bigfish</sym></wpt>
<wpt lat="-38.0711167" lon="145.0548833"><name>Snapper</name><desc>Carrum 
7/11/2025</desc><time>7/11/2025</time><sym>bigfish</sym></wpt>
<wpt lat="-38.0768333" lon="144.8263667"><name>Snapper</name><desc>Launceston
10/12/2025</desc><time>10/12/2025</time><sym>bigfish</sym></wpt>
<wpt lat="-38.0775" lon="145.0392167"><name>Snapper</name><desc>The Barge
7/11/2025</desc><time>7/11/2025</time><sym>bigfish</sym></wpt>
<wpt lat="-38.0777667" lon="144.8249333"><name>Snapper</name><desc>Eleutheria
10/12/2025</desc><time>10/12/2025</time><sym>bigfish</sym></wpt>
<wpt lat="-38.0791333" lon="145.0134833"><name>Snapper</name><desc>Carrum / Chelsea / F
11/12/20254/12/2025</desc><time>11/12/2025</time><sym>bigfish</sym></wpt>
<wpt lat="-38.07955" lon="145.0748"><name>Snapper</name><desc>Carrum 
7/11/2025</desc><time>7/11/2025</time><sym>bigfish</sym></wpt>
<wpt lat="-38.0797167" lon="145.0749167"><name>Snapper</name><desc>Carrum / Chelsea / F
4/12/202527/11/2025</desc><time>4/12/2025</time><sym>bigfish</sym></wpt>
<wpt lat="-38.0812333" lon="144.58895"><name>Snapper</name><desc>Clifton Springs
11/12/2025</desc><time>11/12/2025</time><sym>bigfish</sym></wpt>
<wpt lat="-38.0816" lon="144.5835667"><name>Snapper</name><desc>Clifton Springs
20/11/2025</desc><time>20/11/2025</time><sym>bigfish</sym></wpt>
<wpt lat="-38.0818667" lon="145.0442"><name>Snapper</name><desc>Carrum / Chelsea / F
4/12/202527/11/2025</desc><time>4/12/2025</time><sym>bigfish</sym></wpt>
<wpt lat="-38.0824833" lon="144.6011667"><name>Snapper</name><desc>Clifton Springs
13/11/2025</desc><time>13/11/2025</time><sym>bigfish</sym></wpt>
<wpt lat="-38.0831167" lon="145.0900167"><name>Snapper</name><desc>Carrum
30/10/2025</desc><time>30/10/2025</time><sym>bigfish</sym></wpt>
<wpt lat="-38.0843333" lon="144.623"><name>Snapper</name><desc>Portarlington 
31/10/2025</desc><time>31/10/2025</time><sym>bigfish</sym></wpt>
<wpt lat="-38.08645" lon="144.6351833"><name>Snapper</name><desc>39 04 374 244 38 761
13/11/2025</desc><time>13/11/2025</time><sym>bigfish</sym></wpt>
<wpt lat="-38.0865333" lon="144.63785"><name>Snapper</name><desc>Portarlington 
11/12/2025</desc><time>11/12/2025</time><sym>bigfish</sym></wpt>
<wpt lat="-38.08665" lon="144.61695"><name>Snapper</name><desc> Port Arlington
4/12/202527/11/202520/11/2025</desc><time>4/12/2025</time><sym>bigfish</sym></wpt>
<wpt lat="-38.0867167" lon="144.9183333"><name>Snapper</name><desc>Out wide Carrum to M
20/11/2025</desc><time>20/11/2025</time><sym>bigfish</sym></wpt>
<wpt lat="-38.0868333" lon="144.9185"><name>Snapper</name><desc>Wide off Carrum
10/12/2025</desc><time>10/12/2025</time><sym>bigfish</sym></wpt>
<wpt lat="-38.0897" lon="144.6187"><name>Snapper</name><desc> Port Arlington
4/12/202527/11/202520/11/2025</desc><time>4/12/2025</time><sym>bigfish</sym></wpt>
<wpt lat="-38.09025" lon="144.9017667"><name>Snapper</name><desc>Altona 
4/12/2025</desc><time>4/12/2025</time><sym>bigfish</sym></wpt>
<wpt lat="-38.0920667" lon="145.0594833"><name>Snapper</name><desc>Carrum / Chelsea / F
4/12/202527/11/2025</desc><time>4/12/2025</time><sym>bigfish</sym></wpt>
<wpt lat="-38.0924" lon="144.99655"><name>Snapper</name><desc>Carrum to Mornington
13/11/2025</desc><time>13/11/2025</time><sym>bigfish</sym></wpt>
<wpt lat="-38.0948833" lon="145.0827167"><name>Snapper</name><desc>Seaford
20/11/2025</desc><time>20/11/2025</time><sym>bigfish</sym></wpt>
<wpt lat="-38.0994333" lon="145.0115333"><name>Snapper</name><desc>Carrum / Chelsea / F
4/12/2025</desc><time>4/12/2025</time><sym>bigfish</sym></wpt>
<wpt lat="-38.09945" lon="145.0115"><name>Snapper</name><desc>Carrum / Chelsea / F
4/12/202527/11/2025</desc><time>4/12/2025</time><sym>bigfish</sym></wpt>
<wpt lat="-38.09975" lon="144.96305"><name>Snapper</name><desc>Wide off Carrum
10/12/2025</desc><time>10/12/2025</time><sym>bigfish</sym></wpt>
<wpt lat="-38.0999167" lon="145.05875"><name>Snapper</name><desc>Seaford
7/11/2025</desc><time>7/11/2025</time><sym>bigfish</sym></wpt>
<wpt lat="-38.1" lon="144.9572667"><name>Snapper</name><desc>Frankston wide
4/12/2025</desc><time>4/12/2025</time><sym>bigfish</sym></wpt>
<wpt lat="-38.1000667" lon="145.0118167"><name>Snapper</name><desc>The Airplane 
19/12/202527/11/2025</desc><time>19/12/2025</time><sym>bigfish</sym></wpt>
<wpt lat="-38.1007167" lon="145.0457"><name>Snapper</name><desc>Patterson River wide
13/11/2025</desc><time>13/11/2025</time><sym>bigfish</sym></wpt>
<wpt lat="-38.101" lon="145.09285"><name>Snapper</name><desc>Seaford
20/11/2025</desc><time>20/11/2025</time><sym>bigfish</sym></wpt>
<wpt lat="-38.1035833" lon="144.4618833"><name>Snapper</name><desc>Clifton Springs
31/10/2025</desc><time>31/10/2025</time><sym>bigfish</sym></wpt>
<wpt lat="-38.10485" lon="145.0754833"><name>Snapper</name><desc>Patterson River wide
13/11/2025</desc><time>13/11/2025</time><sym>bigfish</sym></wpt>
<wpt lat="-38.1050667" lon="145.07555"><name>Snapper</name><desc>Frankston / Mt Eliza
27/11/2025</desc><time>27/11/2025</time><sym>bigfish</sym></wpt>
<wpt lat="-38.1065" lon="145.075"><name>Snapper</name><desc>Frankston
20/11/2025</desc><time>20/11/2025</time><sym>bigfish</sym></wpt>
<wpt lat="-38.1078167" lon="144.9605333"><name>Snapper</name><desc>Wide off Carrum
10/12/2025</desc><time>10/12/2025</time><sym>bigfish</sym></wpt>
<wpt lat="-38.1079667" lon="145.07145"><name>Snapper</name><desc>Carrum to Mornington
11/12/202531/10/2025</desc><time>11/12/2025</time><sym>bigfish</sym></wpt>
<wpt lat="-38.10855" lon="144.7125833"><name>Whiting</name><desc>Indented Heads area
19/12/202511/12/20254/12/2025</desc><time>19/12/2025</time><sym>circle,yellow</sym></wpt>
<wpt lat="-38.1095667" lon="144.7296667"><name>Squid</name><desc>St Leonards / Indent
27/11/2025</desc><time>27/11/2025</time><sym>circle,aqua</sym></wpt>
<wpt lat="-38.10985" lon="145.0710167"><name>Snapper</name><desc>Frankston
20/11/2025</desc><time>20/11/2025</time><sym>bigfish</sym></wpt>
<wpt lat="-38.1099333" lon="144.7267833"><name>Squid</name><desc>St Leonards / Indent
20/11/202513/11/2025</desc><time>20/11/2025</time><sym>circle,aqua</sym></wpt>
<wpt lat="-38.1106833" lon="144.4747167"><name>Snapper</name><desc>Clifton Springs
4/12/202527/11/2025</desc><time>4/12/2025</time><sym>bigfish</sym></wpt>
<wpt lat="-38.1110667" lon="144.6868"><name>Whiting</name><desc>Indented Heads area
19/12/202511/12/20254/12/2025</desc><time>19/12/2025</time><sym>circle,yellow</sym></wpt>
<wpt lat="-38.1112667" lon="144.7203333"><name>Whiting</name><desc>Indented Heads area
19/12/202511/12/20254/12/2025</desc><time>19/12/2025</time><sym>circle,yellow</sym></wpt>
<wpt lat="-38.1113167" lon="144.6020833"><name>Whiting</name><desc>Clifton Springs
20/11/202513/11/2025</desc><time>20/11/2025</time><sym>circle,yellow</sym></wpt>
<wpt lat="-38.1130667" lon="145.0598167"><name>Snapper</name><desc>Patterson River wide
13/11/2025</desc><time>13/11/2025</time><sym>bigfish</sym></wpt>
<wpt lat="-38.1139" lon="144.5361"><name>Snapper</name><desc>Clifton Springs
11/12/2025</desc><time>11/12/2025</time><sym>bigfish</sym></wpt>
<wpt lat="-38.1141667" lon="144.5788667"><name>Snapper</name><desc>Clifton Springs
4/12/202527/11/2025</desc><time>4/12/2025</time><sym>bigfish</sym></wpt>
<wpt lat="-38.1144667" lon="144.6856833"><name>Snapper</name><desc>Portarlington 
11/12/2025</desc><time>11/12/2025</time><sym>bigfish</sym></wpt>
<wpt lat="-38.1149333" lon="144.5019833"><name>Snapper</name><desc>Clifton Springs
31/10/2025</desc><time>31/10/2025</time><sym>bigfish</sym></wpt>
<wpt lat="-38.1167333" lon="144.4964167"><name>Snapper</name><desc>Clifton Springs
31/10/2025</desc><time>31/10/2025</time><sym>bigfish</sym></wpt>
<wpt lat="-38.1169167" lon="144.7292"><name>Squid</name><desc>St Leonards / Indent
6/11/202531/10/2025</desc><time>6/11/2025</time><sym>circle,aqua</sym></wpt>
<wpt lat="-38.1169333" lon="144.7089667"><name>Squid</name><desc>St Leonards / Indent
6/11/202531/10/2025</desc><time>6/11/2025</time><sym>circle,aqua</sym></wpt>
<wpt lat="-38.1177167" lon="145.0673833"><name>Snapper</name><desc>Seaford
7/11/2025</desc><time>7/11/2025</time><sym>bigfish</sym></wpt>
<wpt lat="-38.1192333" lon="145.0761333"><name>Snapper</name><desc>Out wide Carrum to M
20/11/2025</desc><time>20/11/2025</time><sym>bigfish</sym></wpt>
<wpt lat="-38.1194167" lon="145.0753333"><name>Snapper</name><desc>Carrum to Mornington
13/11/2025</desc><time>13/11/2025</time><sym>bigfish</sym></wpt>
<wpt lat="-38.1196" lon="144.5933833"><name>Whiting</name><desc>Clifton Springs
20/11/2025</desc><time>20/11/2025</time><sym>circle,yellow</sym></wpt>
<wpt lat="-38.1196833" lon="145.087"><name>Snapper</name><desc>Mile bridge
20/11/2025</desc><time>20/11/2025</time><sym>bigfish</sym></wpt>
<wpt lat="-38.1199" lon="145.0950333"><name>Snapper</name><desc>Mile bridge
20/11/2025</desc><time>20/11/2025</time><sym>bigfish</sym></wpt>
<wpt lat="-38.12025" lon="144.4635167"><name>Snapper</name><desc>Clifton Springs
20/11/2025</desc><time>20/11/2025</time><sym>bigfish</sym></wpt>
<wpt lat="-38.12095" lon="144.7300833"><name>Squid</name><desc>St Leonards / Indent
20/11/202520/11/202513/11/202513/11/202513/11/2025</desc><time>20/11/2025</time><sym>circle,aqua</sym></wpt>
<wpt lat="-38.1221333" lon="144.7196833"><name>Squid</name><desc>St Leonard / Indente
19/12/20254/12/2025</desc><time>19/12/2025</time><sym>circle,aqua</sym></wpt>
<wpt lat="-38.1225833" lon="144.70605"><name>Squid</name><desc>St Leonard / Indente
19/12/20254/12/2025</desc><time>19/12/2025</time><sym>circle,aqua</sym></wpt>
<wpt lat="-38.1226833" lon="145.07925"><name>Snapper</name><desc>Carrum to Mornington
31/10/2025</desc><time>31/10/2025</time><sym>bigfish</sym></wpt>
<wpt lat="-38.1231333" lon="144.5958667"><name>Squid</name><desc>Clifton Springs
20/11/202513/11/2025</desc><time>20/11/2025</time><sym>circle,aqua</sym></wpt>
<wpt lat="-38.1234833" lon="144.9226333"><name>Snapper</name><desc>Carrum to Mornington
26/12/202513/11/2025</desc><time>26/12/2025</time><sym>bigfish</sym></wpt>
<wpt lat="-38.1238833" lon="145.0695"><name>Snapper</name><desc>Frankston
20/11/2025</desc><time>20/11/2025</time><sym>bigfish</sym></wpt>
<wpt lat="-38.1239333" lon="144.7273667"><name>Squid</name><desc>St Leonards / Indent
20/11/202513/11/2025</desc><time>20/11/2025</time><sym>circle,aqua</sym></wpt>
<wpt lat="-38.1239333" lon="145.0393333"><name>Snapper</name><desc>Carrum to Mornington
13/11/2025</desc><time>13/11/2025</time><sym>bigfish</sym></wpt>
<wpt lat="-38.1241167" lon="145.03935"><name>Snapper</name><desc>Ferro 
27/11/2025</desc><time>27/11/2025</time><sym>bigfish</sym></wpt>
<wpt lat="-38.1241333" lon="145.03935"><name>Snapper</name><desc>Carrum to Mornington
19/12/20257/11/20257/11/20256/11/20256/11/2025</desc><time>19/12/2025</time><sym>bigfish</sym></wpt>
<wpt lat="-38.1241833" lon="145.0393"><name>Snapper</name><desc>Frankston
4/12/2025</desc><time>4/12/2025</time><sym>bigfish</sym></wpt>
<wpt lat="-38.1243333" lon="144.7187"><name>Squid</name><desc>St Leonards / Indent
20/11/2025</desc><time>20/11/2025</time><sym>circle,aqua</sym></wpt>
<wpt lat="-38.1247" lon="144.9535167"><name>Snapper</name><desc>Carrum / Chelsea / F
4/12/2025</desc><time>4/12/2025</time><sym>bigfish</sym></wpt>
<wpt lat="-38.12575" lon="144.58605"><name>Whiting</name><desc>Clifton Springs
13/11/2025</desc><time>13/11/2025</time><sym>circle,yellow</sym></wpt>
<wpt lat="-38.12805" lon="144.5083"><name>Snapper</name><desc>Clifton Springs
11/12/2025</desc><time>11/12/2025</time><sym>bigfish</sym></wpt>
<wpt lat="-38.1287" lon="144.5832"><name>Whiting</name><desc>Clifton Springs
31/10/2025</desc><time>31/10/2025</time><sym>circle,yellow</sym></wpt>
<wpt lat="-38.12975" lon="144.5213667"><name>Snapper</name><desc>Clifton Springs
13/11/2025</desc><time>13/11/2025</time><sym>bigfish</sym></wpt>
<wpt lat="-38.12975" lon="144.89415"><name>Snapper</name><desc>Carrum to Mornington
13/11/2025</desc><time>13/11/2025</time><sym>bigfish</sym></wpt>
<wpt lat="-38.1298333" lon="144.5208333"><name>Snapper</name><desc>Clifton Springs
13/11/2025</desc><time>13/11/2025</time><sym>bigfish</sym></wpt>
<wpt lat="-38.1298833" lon="144.5837"><name>Squid</name><desc>Clifton Springs
20/11/2025</desc><time>20/11/2025</time><sym>circle,aqua</sym></wpt>
<wpt lat="-38.1299833" lon="145.1129667"><name>Snapper</name><desc>Mile Bridge
30/10/2025</desc><time>30/10/2025</time><sym>bigfish</sym></wpt>
<wpt lat="-38.1303833" lon="144.52475"><name>Snapper</name><desc>Clifton Springs
20/11/2025</desc><time>20/11/2025</time><sym>bigfish</sym></wpt>
<wpt lat="-38.1309" lon="144.7197833"><name>Squid</name><desc>St Leonards / Indent
6/11/202531/10/2025</desc><time>6/11/2025</time><sym>circle,aqua</sym></wpt>
<wpt lat="-38.13095" lon="144.5273"><name>Snapper</name><desc>Clifton Springs
31/10/2025</desc><time>31/10/2025</time><sym>bigfish</sym></wpt>
<wpt lat="-38.1313333" lon="144.4591333"><name>Snapper</name><desc>Clifton Springs
4/12/202527/11/2025</desc><time>4/12/2025</time><sym>bigfish</sym></wpt>
<wpt lat="-38.1314667" lon="144.45965"><name>Snapper</name><desc>Clifton Springs
13/11/2025</desc><time>13/11/2025</time><sym>bigfish</sym></wpt>
<wpt lat="-38.13155" lon="145.0692833"><name>Snapper</name><desc>Carrum / Chelsea / F
11/12/2025</desc><time>11/12/2025</time><sym>bigfish</sym></wpt>
<wpt lat="-38.1316" lon="145.0692333"><name>Snapper</name><desc>Frankston / Mt Eliza
27/11/2025</desc><time>27/11/2025</time><sym>bigfish</sym></wpt>
<wpt lat="-38.13175" lon="145.0690833"><name>Snapper</name><desc>Frankston
20/11/2025</desc><time>20/11/2025</time><sym>bigfish</sym></wpt>
<wpt lat="-38.1318667" lon="145.0814833"><name>Snapper</name><desc>Frankston
20/11/2025</desc><time>20/11/2025</time><sym>bigfish</sym></wpt>
<wpt lat="-38.1323833" lon="144.7278667"><name>Squid</name><desc>St Leonards / Indent
20/11/2025</desc><time>20/11/2025</time><sym>circle,aqua</sym></wpt>
<wpt lat="-38.1329833" lon="144.5811167"><name>Squid</name><desc>Clifton Springs
19/12/20254/12/2025</desc><time>19/12/2025</time><sym>circle,aqua</sym></wpt>
<wpt lat="-38.13425" lon="145.0769667"><name>Snapper</name><desc>Carrum to Mornington
31/10/2025</desc><time>31/10/2025</time><sym>bigfish</sym></wpt>
<wpt lat="-38.1346667" lon="145.0421667"><name>Snapper</name><desc>Carrum / Chelsea / F
4/12/2025</desc><time>4/12/2025</time><sym>bigfish</sym></wpt>
<wpt lat="-38.1346833" lon="145.0971333"><name>Snapper</name><desc>Carrum to Mornington
31/10/2025</desc><time>31/10/2025</time><sym>bigfish</sym></wpt>
<wpt lat="-38.13475" lon="144.9430833"><name>Snapper</name><desc>Mt Eliza wide
4/12/202520/11/2025</desc><time>4/12/2025</time><sym>bigfish</sym></wpt>
<wpt lat="-38.1351" lon="145.0481"><name>Snapper</name><desc>Carrum to Mornington
31/10/2025</desc><time>31/10/2025</time><sym>bigfish</sym></wpt>
<wpt lat="-38.1371333" lon="144.9935167"><name>Snapper</name><desc>Out wide Carrum to M
20/11/2025</desc><time>20/11/2025</time><sym>bigfish</sym></wpt>
<wpt lat="-38.1378333" lon="144.56785"><name>Whiting</name><desc>Clifton Springs
31/10/2025</desc><time>31/10/2025</time><sym>circle,yellow</sym></wpt>
<wpt lat="-38.1379833" lon="144.5651833"><name>Whiting</name><desc>Clifton Springs 
4/12/2025</desc><time>4/12/2025</time><sym>circle,yellow</sym></wpt>
<wpt lat="-38.1399667" lon="144.5618"><name>Squid</name><desc>Sorrento Side / Rye
13/11/2025</desc><time>13/11/2025</time><sym>circle,aqua</sym></wpt>
<wpt lat="-38.1399667" lon="145.0632"><name>Snapper</name><desc>Frankston / Mt Eliza
27/11/2025</desc><time>27/11/2025</time><sym>bigfish</sym></wpt>
<wpt lat="-38.1409833" lon="144.5643167"><name>Squid</name><desc>Clifton Springs
27/11/2025</desc><time>27/11/2025</time><sym>circle,aqua</sym></wpt>
<wpt lat="-38.1410833" lon="144.562"><name>Squid</name><desc>Clifton Springs
31/10/2025</desc><time>31/10/2025</time><sym>circle,aqua</sym></wpt>
<wpt lat="-38.1412167" lon="144.5607333"><name>Whiting</name><desc>Clifton Springs
13/11/2025</desc><time>13/11/2025</time><sym>circle,yellow</sym></wpt>
<wpt lat="-38.1412667" lon="145.0700833"><name>Snapper</name><desc>Frankston
20/11/2025</desc><time>20/11/2025</time><sym>bigfish</sym></wpt>
<wpt lat="-38.1417833" lon="145.0616333"><name>Snapper</name><desc>Frankston
20/11/2025</desc><time>20/11/2025</time><sym>bigfish</sym></wpt>
<wpt lat="-38.1453833" lon="144.5500167"><name>Whiting</name><desc>Clifton Springs
13/11/2025</desc><time>13/11/2025</time><sym>circle,yellow</sym></wpt>
<wpt lat="-38.1462667" lon="145.0000667"><name>Snapper</name><desc>Mornington
27/11/2025</desc><time>27/11/2025</time><sym>bigfish</sym></wpt>
<wpt lat="-38.14665" lon="144.5492167"><name>Whiting</name><desc>Clifton Springs
20/11/2025</desc><time>20/11/2025</time><sym>circle,yellow</sym></wpt>
<wpt lat="-38.1487167" lon="144.5192167"><name>Whiting</name><desc>Clifton Springs
20/11/2025</desc><time>20/11/2025</time><sym>circle,yellow</sym></wpt>
<wpt lat="-38.1497" lon="145.0628667"><name>Snapper</name><desc>Mt Eliza lumps
20/11/2025</desc><time>20/11/2025</time><sym>bigfish</sym></wpt>
<wpt lat="-38.1498167" lon="145.0554"><name>Snapper</name><desc>Carrum to Mornington
31/10/2025</desc><time>31/10/2025</time><sym>bigfish</sym></wpt>
<wpt lat="-38.1498333" lon="145.0555333"><name>Snapper</name><desc>Carrum to Mornington
19/12/20256/11/2025</desc><time>19/12/2025</time><sym>bigfish</sym></wpt>
<wpt lat="-38.1499833" lon="144.5197333"><name>Whiting</name><desc>Clifton Springs
31/10/2025</desc><time>31/10/2025</time><sym>circle,yellow</sym></wpt>
<wpt lat="-38.1503" lon="144.5394167"><name>Squid</name><desc>Clifton Springs
20/11/202513/11/2025</desc><time>20/11/2025</time><sym>circle,aqua</sym></wpt>
<wpt lat="-38.1503167" lon="145.0340667"><name>Snapper</name><desc>Mornington 
11/12/2025</desc><time>11/12/2025</time><sym>bigfish</sym></wpt>
<wpt lat="-38.15045" lon="145.0332333"><name>Snapper</name><desc>Mt Eliza
4/12/2025</desc><time>4/12/2025</time><sym>bigfish</sym></wpt>
<wpt lat="-38.1506" lon="144.5408"><name>Squid</name><desc>Clifton Springs
27/11/2025</desc><time>27/11/2025</time><sym>circle,aqua</sym></wpt>
<wpt lat="-38.1509667" lon="144.5239333"><name>Squid</name><desc>39 09 018 144 32 459
19/12/20254/12/2025</desc><time>19/12/2025</time><sym>circle,aqua</sym></wpt>
<wpt lat="-38.1509667" lon="144.5484"><name>Squid</name><desc>Clifton Springs
20/11/202513/11/2025</desc><time>20/11/2025</time><sym>circle,aqua</sym></wpt>
<wpt lat="-38.1510167" lon="144.5239667"><name>Squid</name><desc>Sorrento Side / Rye
13/11/2025</desc><time>13/11/2025</time><sym>circle,aqua</sym></wpt>
<wpt lat="-38.1510167" lon="145.0333167"><name>Snapper</name><desc>The Hospital
27/11/2025</desc><time>27/11/2025</time><sym>bigfish</sym></wpt>
<wpt lat="-38.1512833" lon="144.5431667"><name>Squid</name><desc>Clifton Springs
31/10/2025</desc><time>31/10/2025</time><sym>circle,aqua</sym></wpt>
<wpt lat="-38.15235" lon="144.5139333"><name>Whiting</name><desc>Clifton Springs
31/10/2025</desc><time>31/10/2025</time><sym>circle,yellow</sym></wpt>
<wpt lat="-38.1523667" lon="144.4695833"><name>Whiting</name><desc>Clifton Springs 
19/12/20254/12/2025</desc><time>19/12/2025</time><sym>circle,yellow</sym></wpt>
<wpt lat="-38.1534167" lon="144.7297167"><name>Squid</name><desc>St Leonards / Indent
27/11/2025</desc><time>27/11/2025</time><sym>circle,aqua</sym></wpt>
<wpt lat="-38.1534667" lon="145.0573833"><name>Snapper</name><desc>Carrum to Mornington
31/10/2025</desc><time>31/10/2025</time><sym>bigfish</sym></wpt>
<wpt lat="-38.1534833" lon="145.0572667"><name>Snapper</name><desc>Frankston
4/12/2025</desc><time>4/12/2025</time><sym>bigfish</sym></wpt>
<wpt lat="-38.15375" lon="144.5058833"><name>Whiting</name><desc>Clifton Springs
31/10/2025</desc><time>31/10/2025</time><sym>circle,yellow</sym></wpt>
<wpt lat="-38.1557667" lon="144.51175"><name>Squid</name><desc>Clifton Springs
27/11/2025</desc><time>27/11/2025</time><sym>circle,aqua</sym></wpt>
<wpt lat="-38.1560167" lon="145.03965"><name>Snapper</name><desc>Mt Eliza
4/12/2025</desc><time>4/12/2025</time><sym>bigfish</sym></wpt>
<wpt lat="-38.1568333" lon="144.4947167"><name>Squid</name><desc>Clifton Springs
31/10/2025</desc><time>31/10/2025</time><sym>circle,aqua</sym></wpt>
<wpt lat="-38.1581667" lon="144.9483333"><name>Snapper</name><desc>Wide off Mornington
10/12/2025</desc><time>10/12/2025</time><sym>bigfish</sym></wpt>
<wpt lat="-38.1598" lon="145.09425"><name>Squid</name><desc>Daveys Bay 
20/11/2025</desc><time>20/11/2025</time><sym>circle,aqua</sym></wpt>
<wpt lat="-38.1623833" lon="145.0575333"><name>Snapper</name><desc>Mornington 
11/12/2025</desc><time>11/12/2025</time><sym>bigfish</sym></wpt>
<wpt lat="-38.1630167" lon="144.7344667"><name>Whiting</name><desc>St Leonards
7/11/2025</desc><time>7/11/2025</time><sym>circle,yellow</sym></wpt>
<wpt lat="-38.16355" lon="145.0210833"><name>Snapper</name><desc>Mornington 
11/12/2025</desc><time>11/12/2025</time><sym>bigfish</sym></wpt>
<wpt lat="-38.165" lon="145.0617"><name>Snapper</name><desc>Mt Eliza lumps
20/11/2025</desc><time>20/11/2025</time><sym>bigfish</sym></wpt>
<wpt lat="-38.16545" lon="145.0805167"><name>Squid</name><desc>Daveys Bay 
20/11/2025</desc><time>20/11/2025</time><sym>circle,aqua</sym></wpt>
<wpt lat="-38.16665" lon="144.9300167"><name>Snapper</name><desc>Wide off Mornington
10/12/2025</desc><time>10/12/2025</time><sym>bigfish</sym></wpt>
<wpt lat="-38.1666667" lon="145.0742333"><name>Snapper</name><desc>Canadian Bay
14/11/2025</desc><time>14/11/2025</time><sym>bigfish</sym></wpt>
<wpt lat="-38.1666667" lon="145.0743167"><name>Snapper</name><desc>Mt Eliza
30/10/2025</desc><time>30/10/2025</time><sym>bigfish</sym></wpt>
<wpt lat="-38.1675167" lon="145.0039833"><name>Snapper</name><desc>Mornington
27/11/2025</desc><time>27/11/2025</time><sym>bigfish</sym></wpt>
<wpt lat="-38.1681667" lon="144.8847"><name>Snapper</name><desc>Out wide Carrum to M
20/11/2025</desc><time>20/11/2025</time><sym>bigfish</sym></wpt>
<wpt lat="-38.1682667" lon="144.93005"><name>Snapper</name><desc>Mt Eliza wide
4/12/2025</desc><time>4/12/2025</time><sym>bigfish</sym></wpt>
<wpt lat="-38.1684333" lon="144.9312333"><name>Snapper</name><desc>Carrum to Mornington
26/12/202513/11/2025</desc><time>26/12/2025</time><sym>bigfish</sym></wpt>
<wpt lat="-38.16855" lon="145.07975"><name>Squid</name><desc>Canadian Bay reef
20/11/2025</desc><time>20/11/2025</time><sym>circle,aqua</sym></wpt>
<wpt lat="-38.1693167" lon="145.028"><name>Snapper</name><desc>Hospital 
4/12/2025</desc><time>4/12/2025</time><sym>bigfish</sym></wpt>
<wpt lat="-38.1716833" lon="145.0293333"><name>Snapper</name><desc>Carrum / Chelsea / F
4/12/2025</desc><time>4/12/2025</time><sym>bigfish</sym></wpt>
<wpt lat="-38.17925" lon="144.7376167"><name>Whiting</name><desc>St Leonards
20/11/2025</desc><time>20/11/2025</time><sym>circle,yellow</sym></wpt>
<wpt lat="-38.1797833" lon="145.06395"><name>Snapper</name><desc>Gutways
14/11/2025</desc><time>14/11/2025</time><sym>bigfish</sym></wpt>
<wpt lat="-38.1798" lon="145.06385"><name>Snapper</name><desc>Mt Eliza
30/10/2025</desc><time>30/10/2025</time><sym>bigfish</sym></wpt>
<wpt lat="-38.1819" lon="144.7334167"><name>Whiting</name><desc>St Leonards
19/12/20254/12/2025</desc><time>19/12/2025</time><sym>circle,yellow</sym></wpt>
<wpt lat="-38.1824167" lon="144.9756667"><name>Snapper</name><desc>Mornington â€“ Mt Ma
4/12/202527/11/2025</desc><time>4/12/2025</time><sym>bigfish</sym></wpt>
<wpt lat="-38.1824667" lon="144.97615"><name>Snapper</name><desc>Carrum to Mornington
13/11/2025</desc><time>13/11/2025</time><sym>bigfish</sym></wpt>
<wpt lat="-38.1827667" lon="144.7366667"><name>Whiting</name><desc>St Leonards
27/11/2025</desc><time>27/11/2025</time><sym>circle,yellow</sym></wpt>
<wpt lat="-38.1833833" lon="144.7288667"><name>Whiting</name><desc>St Leonards
27/11/2025</desc><time>27/11/2025</time><sym>circle,yellow</sym></wpt>
<wpt lat="-38.1834" lon="144.72775"><name>Whiting</name><desc>St Leonards
13/11/2025</desc><time>13/11/2025</time><sym>circle,yellow</sym></wpt>
<wpt lat="-38.1842167" lon="144.7288"><name>Squid</name><desc>St Leonards / Indent
13/11/2025</desc><time>13/11/2025</time><sym>circle,aqua</sym></wpt>
<wpt lat="-38.18455" lon="145.0103333"><name>Snapper</name><desc>Carrum to Mornington
26/12/202519/12/20256/11/2025</desc><time>26/12/2025</time><sym>bigfish</sym></wpt>
<wpt lat="-38.1846" lon="144.7289167"><name>Squid</name><desc>St Leonards / Indent
13/11/2025</desc><time>13/11/2025</time><sym>circle,aqua</sym></wpt>
<wpt lat="-38.1857833" lon="144.7414667"><name>Whiting</name><desc>St Leonards
24/12/20257/11/2025</desc><time>24/12/2025</time><sym>circle,yellow</sym></wpt>
<wpt lat="-38.1865" lon="144.74015"><name>Whiting</name><desc>St Leonards
13/11/2025</desc><time>13/11/2025</time><sym>circle,yellow</sym></wpt>
<wpt lat="-38.1869667" lon="145.0225667"><name>Snapper</name><desc>Mornington â€“ Mt Ma
4/12/202527/11/2025</desc><time>4/12/2025</time><sym>bigfish</sym></wpt>
<wpt lat="-38.18745" lon="144.7312333"><name>Whiting</name><desc>St Leonards
1/01/202624/12/20257/11/2025</desc><time>1/01/2026</time><sym>circle,yellow</sym></wpt>
<wpt lat="-38.1877167" lon="144.74295"><name>Whiting</name><desc>St Leonards
20/11/2025</desc><time>20/11/2025</time><sym>circle,yellow</sym></wpt>
<wpt lat="-38.1880833" lon="144.72985"><name>Whiting</name><desc>St Leonards
13/11/2025</desc><time>13/11/2025</time><sym>circle,yellow</sym></wpt>
<wpt lat="-38.1882333" lon="144.74725"><name>Whiting</name><desc>St Leonards
1/01/20267/11/2025</desc><time>1/01/2026</time><sym>circle,yellow</sym></wpt>
<wpt lat="-38.1884167" lon="144.73505"><name>Whiting</name><desc>St Leonards
1/01/202624/12/20257/11/2025</desc><time>1/01/2026</time><sym>circle,yellow</sym></wpt>
<wpt lat="-38.18915" lon="144.8701667"><name>Snapper</name><desc>Mt Martha wide
19/12/20254/12/2025</desc><time>19/12/2025</time><sym>bigfish</sym></wpt>
<wpt lat="-38.1895167" lon="144.7301333"><name>Whiting</name><desc>St Leonards
27/11/2025</desc><time>27/11/2025</time><sym>circle,yellow</sym></wpt>
<wpt lat="-38.18955" lon="144.7308333"><name>Whiting</name><desc>St Leonards
20/11/2025</desc><time>20/11/2025</time><sym>circle,yellow</sym></wpt>
<wpt lat="-38.18985" lon="144.7404667"><name>Whiting</name><desc>St Leonards
7/11/2025</desc><time>7/11/2025</time><sym>circle,yellow</sym></wpt>
<wpt lat="-38.1900167" lon="144.7463833"><name>Squid</name><desc>St Leonards / Indent
13/11/2025</desc><time>13/11/2025</time><sym>circle,aqua</sym></wpt>
<wpt lat="-38.1902" lon="145.05885"><name>Snapper</name><desc>Mt Eliza
30/10/2025</desc><time>30/10/2025</time><sym>bigfish</sym></wpt>
<wpt lat="-38.19055" lon="144.73335"><name>Whiting</name><desc>St Leonards
13/11/2025</desc><time>13/11/2025</time><sym>circle,yellow</sym></wpt>
<wpt lat="-38.1906167" lon="145.0671"><name>Squid</name><desc>Sunny side
10/12/202520/11/2025</desc><time>10/12/2025</time><sym>circle,aqua</sym></wpt>
<wpt lat="-38.19065" lon="144.74025"><name>Whiting</name><desc>St Leonards
13/11/2025</desc><time>13/11/2025</time><sym>circle,yellow</sym></wpt>
<wpt lat="-38.1907167" lon="144.74415"><name>Whiting</name><desc>St Leonards
27/11/2025</desc><time>27/11/2025</time><sym>circle,yellow</sym></wpt>
<wpt lat="-38.1907333" lon="144.734"><name>Whiting</name><desc>St Leonards
13/11/2025</desc><time>13/11/2025</time><sym>circle,yellow</sym></wpt>
<wpt lat="-38.1911333" lon="144.73545"><name>Whiting</name><desc>St Leonards
31/10/2025</desc><time>31/10/2025</time><sym>circle,yellow</sym></wpt>
<wpt lat="-38.1914667" lon="144.7283667"><name>Whiting</name><desc>St Leonards
24/12/20257/11/2025</desc><time>24/12/2025</time><sym>circle,yellow</sym></wpt>
<wpt lat="-38.1916" lon="144.7444833"><name>Squid</name><desc>St Leonard / Indente
19/12/20254/12/2025</desc><time>19/12/2025</time><sym>circle,aqua</sym></wpt>
<wpt lat="-38.19175" lon="144.7395167"><name>Whiting</name><desc>St Leonards
31/10/2025</desc><time>31/10/2025</time><sym>circle,yellow</sym></wpt>
<wpt lat="-38.19175" lon="144.7406167"><name>Whiting</name><desc>St Leonards
19/12/20254/12/2025</desc><time>19/12/2025</time><sym>circle,yellow</sym></wpt>
<wpt lat="-38.1923333" lon="144.7323667"><name>Whiting</name><desc>St Leonards
7/11/2025</desc><time>7/11/2025</time><sym>circle,yellow</sym></wpt>
<wpt lat="-38.1925333" lon="144.7146333"><name>Squid</name><desc>St Leonards / Indent
31/10/2025</desc><time>31/10/2025</time><sym>circle,aqua</sym></wpt>
<wpt lat="-38.1927667" lon="144.73725"><name>Squid</name><desc>St Leonards / Indent
31/10/2025</desc><time>31/10/2025</time><sym>circle,aqua</sym></wpt>
<wpt lat="-38.1935333" lon="145.0582333"><name>Snapper</name><desc>Sunnyside
14/11/2025</desc><time>14/11/2025</time><sym>bigfish</sym></wpt>
<wpt lat="-38.19355" lon="144.9969333"><name>Snapper</name><desc>Out wide Carrum to M
20/11/2025</desc><time>20/11/2025</time><sym>bigfish</sym></wpt>
<wpt lat="-38.19385" lon="144.9990333"><name>Snapper</name><desc>Carrum to Mornington
26/12/202519/12/20256/11/2025</desc><time>26/12/2025</time><sym>bigfish</sym></wpt>
<wpt lat="-38.1938833" lon="144.7302667"><name>Squid</name><desc>St Leonards / Indent
20/11/2025</desc><time>20/11/2025</time><sym>circle,aqua</sym></wpt>
<wpt lat="-38.1940833" lon="145.05055"><name>Snapper</name><desc>Mornington
30/10/2025</desc><time>30/10/2025</time><sym>bigfish</sym></wpt>
<wpt lat="-38.1941833" lon="145.0656833"><name>Squid</name><desc>Sunny side
10/12/202520/11/2025</desc><time>10/12/2025</time><sym>circle,aqua</sym></wpt>
<wpt lat="-38.1945" lon="144.7269833"><name>Squid</name><desc>St Leonards / Indent
31/10/2025</desc><time>31/10/2025</time><sym>circle,aqua</sym></wpt>
<wpt lat="-38.1946333" lon="144.7262333"><name>Whiting</name><desc>St Leonards
19/12/20254/12/2025</desc><time>19/12/2025</time><sym>circle,yellow</sym></wpt>
<wpt lat="-38.1947833" lon="144.7366667"><name>Squid</name><desc>St Leonards / Indent
27/11/2025</desc><time>27/11/2025</time><sym>circle,aqua</sym></wpt>
<wpt lat="-38.1954833" lon="144.7267333"><name>Squid</name><desc>St Leonard / Indente
19/12/20254/12/2025</desc><time>19/12/2025</time><sym>circle,aqua</sym></wpt>
<wpt lat="-38.1955667" lon="144.8767833"><name>Snapper</name><desc>Mt Martha wide
4/12/2025</desc><time>4/12/2025</time><sym>bigfish</sym></wpt>
<wpt lat="-38.196" lon="144.7253667"><name>Whiting</name><desc>St Leonards
31/10/2025</desc><time>31/10/2025</time><sym>circle,yellow</sym></wpt>
<wpt lat="-38.1975833" lon="144.72755"><name>Squid</name><desc>St Leonards / Indent
13/11/2025</desc><time>13/11/2025</time><sym>circle,aqua</sym></wpt>
<wpt lat="-38.1977333" lon="144.7239667"><name>Whiting</name><desc>St Leonards
11/12/2025</desc><time>11/12/2025</time><sym>circle,yellow</sym></wpt>
<wpt lat="-38.1977667" lon="144.7258"><name>Whiting</name><desc>St Leonards
24/12/20257/11/2025</desc><time>24/12/2025</time><sym>circle,yellow</sym></wpt>
<wpt lat="-38.1986167" lon="145.0607333"><name>Squid</name><desc>Sunny side
10/12/202520/11/2025</desc><time>10/12/2025</time><sym>circle,aqua</sym></wpt>
<wpt lat="-38.1992" lon="144.7275333"><name>Whiting</name><desc>St Leonards
20/11/2025</desc><time>20/11/2025</time><sym>circle,yellow</sym></wpt>
<wpt lat="-38.2000667" lon="145.0185333"><name>Snapper</name><desc>Mornington
30/10/2025</desc><time>30/10/2025</time><sym>bigfish</sym></wpt>
<wpt lat="-38.20045" lon="144.7892167"><name>Gummy</name><desc>Out the back of Symo
24/12/202519/12/202520/11/2025</desc><time>24/12/2025</time><sym>bigfish</sym></wpt>
<wpt lat="-38.20075" lon="144.7222"><name>Whiting</name><desc>St Leonards
31/10/2025</desc><time>31/10/2025</time><sym>circle,yellow</sym></wpt>
<wpt lat="-38.2013667" lon="144.91855"><name>Snapper</name><desc>Wide off Mornington
10/12/2025</desc><time>10/12/2025</time><sym>bigfish</sym></wpt>
<wpt lat="-38.2039833" lon="144.7120333"><name>Whiting</name><desc>St Leonards
11/12/2025</desc><time>11/12/2025</time><sym>circle,yellow</sym></wpt>
<wpt lat="-38.2041" lon="144.7228167"><name>Whiting</name><desc>St Leonards
11/12/2025</desc><time>11/12/2025</time><sym>circle,yellow</sym></wpt>
<wpt lat="-38.2044333" lon="144.7702"><name>Squid</name><desc>St Leonards / Indent
27/11/2025</desc><time>27/11/2025</time><sym>circle,aqua</sym></wpt>
<wpt lat="-38.2058167" lon="144.7696167"><name>Squid</name><desc>St Leonard / Indente
19/12/20254/12/2025</desc><time>19/12/2025</time><sym>circle,aqua</sym></wpt>
<wpt lat="-38.2068833" lon="145.0485167"><name>Squid</name><desc>Kalimna Drive
10/12/202520/11/2025</desc><time>10/12/2025</time><sym>circle,aqua</sym></wpt>
<wpt lat="-38.2082667" lon="144.7184833"><name>Squid</name><desc>St Leonards / Indent
27/11/2025</desc><time>27/11/2025</time><sym>circle,aqua</sym></wpt>
<wpt lat="-38.2087" lon="144.7704833"><name>Whiting</name><desc>St Leonards
19/12/20254/12/2025</desc><time>19/12/2025</time><sym>circle,yellow</sym></wpt>
<wpt lat="-38.2091167" lon="145.0475"><name>Squid</name><desc>Kalimna Drive
10/12/202520/11/2025</desc><time>10/12/2025</time><sym>circle,aqua</sym></wpt>
<wpt lat="-38.2106167" lon="144.76885"><name>Squid</name><desc>St Leonard / Indente
19/12/20254/12/2025</desc><time>19/12/2025</time><sym>circle,aqua</sym></wpt>
<wpt lat="-38.2136667" lon="144.7288"><name>Squid</name><desc>St Leonards / Indent
20/11/2025</desc><time>20/11/2025</time><sym>circle,aqua</sym></wpt>
<wpt lat="-38.2142167" lon="144.7129667"><name>Whiting</name><desc>St Leonards
11/12/2025</desc><time>11/12/2025</time><sym>circle,yellow</sym></wpt>
<wpt lat="-38.2143" lon="144.71285"><name>Squid</name><desc>St Leonards / Indent
13/11/2025</desc><time>13/11/2025</time><sym>circle,aqua</sym></wpt>
<wpt lat="-38.2143333" lon="144.7071"><name>Squid</name><desc>St Leonards / Indent
20/11/2025</desc><time>20/11/2025</time><sym>circle,aqua</sym></wpt>
<wpt lat="-38.2145" lon="145.0315667"><name>Squid</name><desc>Schnapper Point 
10/12/202520/11/2025</desc><time>10/12/2025</time><sym>circle,aqua</sym></wpt>
<wpt lat="-38.2156333" lon="144.70735"><name>Squid</name><desc>St Leonards / Indent
31/10/2025</desc><time>31/10/2025</time><sym>circle,aqua</sym></wpt>
<wpt lat="-38.2160167" lon="144.7283333"><name>Whiting</name><desc>The Narrows
24/12/20254/12/20257/11/2025</desc><time>24/12/2025</time><sym>circle,yellow</sym></wpt>
<wpt lat="-38.2169833" lon="144.7070333"><name>Whiting</name><desc>Coles channel 
24/12/20257/11/2025</desc><time>24/12/2025</time><sym>circle,yellow</sym></wpt>
<wpt lat="-38.21735" lon="145.0322667"><name>Squid</name><desc>Schnapper Point 
10/12/202520/11/2025</desc><time>10/12/2025</time><sym>circle,aqua</sym></wpt>
<wpt lat="-38.2175333" lon="144.7267167"><name>Squid</name><desc>The Narrows
10/12/2025</desc><time>10/12/2025</time><sym>circle,aqua</sym></wpt>
<wpt lat="-38.2175333" lon="144.7267167"><name>Whiting</name><desc>The Narrows 
7/11/2025</desc><time>7/11/2025</time><sym>circle,yellow</sym></wpt>
<wpt lat="-38.2181" lon="144.7269167"><name>Whiting</name><desc>The Narrows
7/11/2025</desc><time>7/11/2025</time><sym>circle,yellow</sym></wpt>
<wpt lat="-38.2185667" lon="144.7252167"><name>Squid</name><desc>The Narrows
10/12/2025</desc><time>10/12/2025</time><sym>circle,aqua</sym></wpt>
<wpt lat="-38.2185667" lon="144.7252167"><name>Whiting</name><desc>The Narrows 
7/11/2025</desc><time>7/11/2025</time><sym>circle,yellow</sym></wpt>
<wpt lat="-38.2186667" lon="144.7254667"><name>Whiting</name><desc>The Narrows
1/01/202624/12/20254/12/20257/11/2025</desc><time>1/01/2026</time><sym>circle,yellow</sym></wpt>
<wpt lat="-38.2189167" lon="144.70875"><name>Whiting</name><desc>St Leonards
11/12/2025</desc><time>11/12/2025</time><sym>circle,yellow</sym></wpt>
<wpt lat="-38.21925" lon="144.7252333"><name>Whiting</name><desc>The Narrows
1/01/202624/12/20254/12/20257/11/2025</desc><time>1/01/2026</time><sym>circle,yellow</sym></wpt>
<wpt lat="-38.2196833" lon="144.7117167"><name>Whiting</name><desc>Coles channel 
1/01/202624/12/20257/11/2025</desc><time>1/01/2026</time><sym>circle,yellow</sym></wpt>
<wpt lat="-38.2197167" lon="144.7117167"><name>Whiting</name><desc>St Leonards
6/11/202531/10/2025</desc><time>6/11/2025</time><sym>circle,yellow</sym></wpt>
<wpt lat="-38.2201167" lon="144.9602667"><name>Snapper</name><desc>Mornington â€“ Mt Ma
4/12/202527/11/2025</desc><time>4/12/2025</time><sym>bigfish</sym></wpt>
<wpt lat="-38.2202333" lon="144.7226167"><name>Squid</name><desc>The Narrows
10/12/2025</desc><time>10/12/2025</time><sym>circle,aqua</sym></wpt>
<wpt lat="-38.2202333" lon="144.7226167"><name>Whiting</name><desc>The Narrows 
7/11/2025</desc><time>7/11/2025</time><sym>circle,yellow</sym></wpt>
<wpt lat="-38.2206167" lon="144.70325"><name>Squid</name><desc>Swan Bay
7/11/2025</desc><time>7/11/2025</time><sym>circle,aqua</sym></wpt>
<wpt lat="-38.2210667" lon="144.69005"><name>Gummy</name><desc>Swan Bay
27/11/2025</desc><time>27/11/2025</time><sym>bigfish</sym></wpt>
<wpt lat="-38.2215667" lon="144.7122"><name>Whiting</name><desc>Coles channel 
24/12/20257/11/2025</desc><time>24/12/2025</time><sym>circle,yellow</sym></wpt>
<wpt lat="-38.2217167" lon="144.7121833"><name>Whiting</name><desc>Coles channel 
1/01/202624/12/20257/11/2025</desc><time>1/01/2026</time><sym>circle,yellow</sym></wpt>
<wpt lat="-38.2219833" lon="144.72345"><name>Squid</name><desc>The Narrows
24/12/202510/12/2025</desc><time>24/12/2025</time><sym>circle,aqua</sym></wpt>
<wpt lat="-38.2219833" lon="144.72345"><name>Whiting</name><desc>The Narrows 
7/11/2025</desc><time>7/11/2025</time><sym>circle,yellow</sym></wpt>
<wpt lat="-38.2232333" lon="145.029"><name>Squid</name><desc>Fisheries Point 
10/12/202520/11/2025</desc><time>10/12/2025</time><sym>circle,aqua</sym></wpt>
<wpt lat="-38.2235333" lon="145.0260333"><name>Squid</name><desc>Fisheries Point 
10/12/202520/11/2025</desc><time>10/12/2025</time><sym>circle,aqua</sym></wpt>
<wpt lat="-38.2236833" lon="144.7068167"><name>Whiting</name><desc>WHITING
7/11/2025</desc><time>7/11/2025</time><sym>circle,yellow</sym></wpt>
<wpt lat="-38.2264" lon="145.0215333"><name>Snapper</name><desc>Fishermans Point
14/11/2025</desc><time>14/11/2025</time><sym>bigfish</sym></wpt>
<wpt lat="-38.2284333" lon="144.7078833"><name>Whiting</name><desc>St Leonards
26/12/202511/12/2025</desc><time>26/12/2025</time><sym>circle,yellow</sym></wpt>
<wpt lat="-38.2290167" lon="144.7006667"><name>Squid</name><desc>Swan Bay
24/12/20257/11/2025</desc><time>24/12/2025</time><sym>circle,aqua</sym></wpt>
<wpt lat="-38.2292833" lon="144.7801833"><name>Squid</name><desc>Mud Island
20/11/202514/11/2025</desc><time>20/11/2025</time><sym>circle,aqua</sym></wpt>
<wpt lat="-38.2295167" lon="144.7044333"><name>Squid</name><desc>Swan Bay
31/10/2025</desc><time>31/10/2025</time><sym>circle,aqua</sym></wpt>
<wpt lat="-38.2304667" lon="145.0232"><name>Snapper</name><desc>The inside edge of t
4/12/2025</desc><time>4/12/2025</time><sym>bigfish</sym></wpt>
<wpt lat="-38.23175" lon="144.7063"><name>Squid</name><desc>Swan Bay
19/12/20254/12/2025</desc><time>19/12/2025</time><sym>circle,aqua</sym></wpt>
<wpt lat="-38.2319167" lon="144.70295"><name>Squid</name><desc>Swan Bay
27/11/202513/11/2025</desc><time>27/11/2025</time><sym>circle,aqua</sym></wpt>
<wpt lat="-38.2321667" lon="144.69515"><name>Squid</name><desc>Swan Bay
20/11/2025</desc><time>20/11/2025</time><sym>circle,aqua</sym></wpt>
<wpt lat="-38.2323167" lon="144.7008833"><name>Squid</name><desc>Swan Bay
19/12/20254/12/2025</desc><time>19/12/2025</time><sym>circle,aqua</sym></wpt>
<wpt lat="-38.2332333" lon="144.7821"><name>Squid</name><desc>Mud Island
27/11/202530/10/2025</desc><time>27/11/2025</time><sym>circle,aqua</sym></wpt>
<wpt lat="-38.2333333" lon="144.7527167"><name>Whiting</name><desc>West channel
1/01/202624/12/20257/11/2025</desc><time>1/01/2026</time><sym>circle,yellow</sym></wpt>
<wpt lat="-38.23445" lon="144.7028"><name>Squid</name><desc>Swan Bay
31/10/2025</desc><time>31/10/2025</time><sym>circle,aqua</sym></wpt>
<wpt lat="-38.2349" lon="144.7766167"><name>Gummy</name><desc>Symonds
31/10/2025</desc><time>31/10/2025</time><sym>bigfish</sym></wpt>
<wpt lat="-38.23575" lon="144.7509167"><name>Whiting</name><desc>West channel
1/01/202624/12/20257/11/2025</desc><time>1/01/2026</time><sym>circle,yellow</sym></wpt>
<wpt lat="-38.2360333" lon="144.7034667"><name>Squid</name><desc>Swan Bay
27/11/202513/11/2025</desc><time>27/11/2025</time><sym>circle,aqua</sym></wpt>
<wpt lat="-38.2365167" lon="144.7496"><name>Whiting</name><desc>West channel
1/01/202624/12/20257/11/2025</desc><time>1/01/2026</time><sym>circle,yellow</sym></wpt>
<wpt lat="-38.2366667" lon="144.70165"><name>Squid</name><desc>Swan Bay
20/11/2025</desc><time>20/11/2025</time><sym>circle,aqua</sym></wpt>
<wpt lat="-38.2369" lon="145.0212333"><name>Snapper</name><desc>The inside edge of t
4/12/2025</desc><time>4/12/2025</time><sym>bigfish</sym></wpt>
<wpt lat="-38.23695" lon="144.7093667"><name>Whiting</name><desc>Swan Bay
27/11/2025</desc><time>27/11/2025</time><sym>circle,yellow</sym></wpt>
<wpt lat="-38.23705" lon="144.7027833"><name>Whiting</name><desc>The water's going to
7/11/2025</desc><time>7/11/2025</time><sym>circle,yellow</sym></wpt>
<wpt lat="-38.2375667" lon="144.7489333"><name>Whiting</name><desc>West channel
1/01/202624/12/20257/11/2025</desc><time>1/01/2026</time><sym>circle,yellow</sym></wpt>
<wpt lat="-38.2379167" lon="144.7015333"><name>Squid</name><desc>Swan Bay
24/12/20257/11/2025</desc><time>24/12/2025</time><sym>circle,aqua</sym></wpt>
<wpt lat="-38.23935" lon="144.70315"><name>Whiting</name><desc>The water's going to
7/11/2025</desc><time>7/11/2025</time><sym>circle,yellow</sym></wpt>
<wpt lat="-38.23935" lon="144.7046167"><name>Whiting</name><desc>The water's going to
7/11/2025</desc><time>7/11/2025</time><sym>circle,yellow</sym></wpt>
<wpt lat="-38.23935" lon="144.92255"><name>Snapper</name><desc>Out wide Carrum to M
20/11/2025</desc><time>20/11/2025</time><sym>bigfish</sym></wpt>
<wpt lat="-38.2398" lon="144.7075167"><name>Whiting</name><desc>Swan Bay Entrance
19/12/202511/12/20254/12/2025</desc><time>19/12/2025</time><sym>circle,yellow</sym></wpt>
<wpt lat="-38.2399" lon="144.7060833"><name>Whiting</name><desc>St Leonards
27/11/2025</desc><time>27/11/2025</time><sym>circle,yellow</sym></wpt>
<wpt lat="-38.24015" lon="144.7059"><name>Whiting</name><desc>Swan Bay
6/11/202531/10/2025</desc><time>6/11/2025</time><sym>circle,yellow</sym></wpt>
<wpt lat="-38.2401833" lon="144.7089833"><name>Whiting</name><desc>Queenscliff
20/11/2025</desc><time>20/11/2025</time><sym>circle,yellow</sym></wpt>
<wpt lat="-38.2405667" lon="144.7056333"><name>Whiting</name><desc>St Leonards
20/11/2025</desc><time>20/11/2025</time><sym>circle,yellow</sym></wpt>
<wpt lat="-38.2412167" lon="144.7091333"><name>Whiting</name><desc>Swan Bay
27/11/2025</desc><time>27/11/2025</time><sym>circle,yellow</sym></wpt>
<wpt lat="-38.24125" lon="144.70925"><name>Whiting</name><desc>Swan Bay Entrance
19/12/202511/12/20254/12/2025</desc><time>19/12/2025</time><sym>circle,yellow</sym></wpt>
<wpt lat="-38.2415333" lon="145.0264833"><name>Squid</name><desc>Mt Martha
20/11/2025</desc><time>20/11/2025</time><sym>circle,aqua</sym></wpt>
<wpt lat="-38.24305" lon="145.0184333"><name>Snapper</name><desc>The inside edge of t
4/12/2025</desc><time>4/12/2025</time><sym>bigfish</sym></wpt>
<wpt lat="-38.24335" lon="144.7071333"><name>Whiting</name><desc>Swan Bay
6/11/202531/10/2025</desc><time>6/11/2025</time><sym>circle,yellow</sym></wpt>
<wpt lat="-38.2439667" lon="144.7499667"><name>Gummy</name><desc>Symonds Channel
19/12/20254/12/2025</desc><time>19/12/2025</time><sym>bigfish</sym></wpt>
<wpt lat="-38.2443833" lon="144.9331833"><name>Snapper</name><desc>Out wide Carrum to M
20/11/2025</desc><time>20/11/2025</time><sym>bigfish</sym></wpt>
<wpt lat="-38.2447833" lon="145.0237833"><name>Squid</name><desc>Mt Martha
20/11/2025</desc><time>20/11/2025</time><sym>circle,aqua</sym></wpt>
<wpt lat="-38.2450833" lon="145.0265667"><name>Squid</name><desc>Mt Martha
20/11/2025</desc><time>20/11/2025</time><sym>circle,aqua</sym></wpt>
<wpt lat="-38.2466667" lon="144.9573167"><name>Snapper</name><desc>Spoil ground
4/12/2025</desc><time>4/12/2025</time><sym>bigfish</sym></wpt>
<wpt lat="-38.24695" lon="144.8069833"><name>Whiting</name><desc>Pinnace Channel
19/12/202510/12/202514/11/202530/10/2025</desc><time>19/12/2025</time><sym>circle,yellow</sym></wpt>
<wpt lat="-38.2472333" lon="145.0115167"><name>Snapper</name><desc>Balcombe
30/10/2025</desc><time>30/10/2025</time><sym>bigfish</sym></wpt>
<wpt lat="-38.2481333" lon="144.75745"><name>Gummy</name><desc>Symonds Channel
13/11/2025</desc><time>13/11/2025</time><sym>bigfish</sym></wpt>
<wpt lat="-38.2505" lon="145.4010167"><name>Whiting</name><desc>Lyalls
19/12/202514/11/2025</desc><time>19/12/2025</time><sym>circle,yellow</sym></wpt>
<wpt lat="-38.25055" lon="144.8045833"><name>Squid</name><desc>Mud Island
27/11/202530/10/2025</desc><time>27/11/2025</time><sym>circle,aqua</sym></wpt>
<wpt lat="-38.2514" lon="145.0242"><name>Squid</name><desc>Mt Martha
20/11/2025</desc><time>20/11/2025</time><sym>circle,aqua</sym></wpt>
<wpt lat="-38.2518" lon="144.8049167"><name>Squid</name><desc>Around Mud Island
20/11/2025</desc><time>20/11/2025</time><sym>circle,aqua</sym></wpt>
<wpt lat="-38.25205" lon="144.8124"><name>Scallops</name><desc>We know more and mor
20/11/2025</desc><time>20/11/2025</time><sym>circle,green</sym></wpt>
<wpt lat="-38.25285" lon="144.8034167"><name>Whiting</name><desc>Pinnace Channel
19/12/202510/12/202530/10/2025</desc><time>19/12/2025</time><sym>circle,yellow</sym></wpt>
<wpt lat="-38.2529333" lon="144.8094167"><name>Squid</name><desc>Mud Island
20/11/202513/11/2025</desc><time>20/11/2025</time><sym>circle,aqua</sym></wpt>
<wpt lat="-38.2529333" lon="144.8117833"><name>Scallops</name><desc>Plenty of these guys
2/01/202626/12/202519/12/202511/12/20254/12/2025</desc><time>2/01/2026</time><sym>circle,green</sym></wpt>
<wpt lat="-38.2534167" lon="144.8043"><name>Squid</name><desc>Top of Mud Island
26/12/202519/12/20254/12/2025</desc><time>26/12/2025</time><sym>circle,aqua</sym></wpt>
<wpt lat="-38.2541333" lon="144.9281"><name>Snapper</name><desc>Carrum to Mornington
26/12/202513/11/2025</desc><time>26/12/2025</time><sym>bigfish</sym></wpt>
<wpt lat="-38.2545333" lon="144.80755"><name>Gummy</name><desc>Mud Island
1/01/20264/12/202530/10/2025</desc><time>1/01/2026</time><sym>bigfish</sym></wpt>
<wpt lat="-38.2545333" lon="144.80755"><name>Whiting</name><desc>Mud Island
19/12/202510/12/202514/11/2025</desc><time>19/12/2025</time><sym>circle,yellow</sym></wpt>
<wpt lat="-38.2549167" lon="144.8071"><name>Gummy</name><desc>Mud Island
1/01/20264/12/202530/10/2025</desc><time>1/01/2026</time><sym>bigfish</sym></wpt>
<wpt lat="-38.2549167" lon="144.8071"><name>Whiting</name><desc>Mud Island
19/12/202510/12/202514/11/2025</desc><time>19/12/2025</time><sym>circle,yellow</sym></wpt>
<wpt lat="-38.2550667" lon="145.27865"><name>Whiting</name><desc>Bangers and Mash
24/12/20254/12/202527/11/20257/11/2025</desc><time>24/12/2025</time><sym>circle,yellow</sym></wpt>
<wpt lat="-38.2550833" lon="144.7456167"><name>Gummy</name><desc>Symonds Channel
13/11/2025</desc><time>13/11/2025</time><sym>bigfish</sym></wpt>
<wpt lat="-38.2552" lon="144.7509667"><name>Gummy</name><desc>Symonds Channel
19/12/20254/12/2025</desc><time>19/12/2025</time><sym>bigfish</sym></wpt>
<wpt lat="-38.2553333" lon="144.9000167"><name>Snapper</name><desc>Mornington â€“ Mt Ma
2/01/202619/12/20254/12/2025</desc><time>2/01/2026</time><sym>bigfish</sym></wpt>
<wpt lat="-38.25565" lon="144.6911"><name>Squid</name><desc>Queenscliff - grass 
10/12/2025</desc><time>10/12/2025</time><sym>circle,aqua</sym></wpt>
<wpt lat="-38.2572333" lon="144.6892"><name>Whiting</name><desc>Queenscliff
20/11/2025</desc><time>20/11/2025</time><sym>circle,yellow</sym></wpt>
<wpt lat="-38.2572333" lon="144.8009333"><name>Squid</name><desc>Around Mud Island
20/11/2025</desc><time>20/11/2025</time><sym>circle,aqua</sym></wpt>
<wpt lat="-38.25725" lon="144.6873167"><name>Squid</name><desc>Queenscliff - Grass 
31/10/2025</desc><time>31/10/2025</time><sym>circle,aqua</sym></wpt>
<wpt lat="-38.25735" lon="145.2721833"><name>Whiting</name><desc>YouBet
24/12/20254/12/202527/11/20257/11/2025</desc><time>24/12/2025</time><sym>circle,yellow</sym></wpt>
<wpt lat="-38.2573833" lon="144.6904167"><name>Squid</name><desc>Queenscliff /Grass b
10/12/202530/10/2025</desc><time>10/12/2025</time><sym>circle,aqua</sym></wpt>
<wpt lat="-38.2579667" lon="145.2994167"><name>Whiting</name><desc>The Warneet entrance
24/12/202510/12/20254/12/2025</desc><time>24/12/2025</time><sym>circle,yellow</sym></wpt>
<wpt lat="-38.2580667" lon="145.2708833"><name>Whiting</name><desc>Quail Bank shallow
10/12/20254/12/202527/11/20257/11/2025</desc><time>10/12/2025</time><sym>circle,yellow</sym></wpt>
<wpt lat="-38.2581833" lon="144.6862667"><name>Squid</name><desc>Queenscliff - grass 
10/12/2025</desc><time>10/12/2025</time><sym>circle,aqua</sym></wpt>
<wpt lat="-38.2583333" lon="144.6892"><name>Squid</name><desc>Queenscliff - Grass 
31/10/2025</desc><time>31/10/2025</time><sym>circle,aqua</sym></wpt>
<wpt lat="-38.2585" lon="145.3045833"><name>Whiting</name><desc>The Warneet entrance
24/12/202510/12/20254/12/2025</desc><time>24/12/2025</time><sym>circle,yellow</sym></wpt>
<wpt lat="-38.2585667" lon="145.2696833"><name>Whiting</name><desc>Quail Bank shallow
10/12/20254/12/202527/11/20257/11/2025</desc><time>10/12/2025</time><sym>circle,yellow</sym></wpt>
<wpt lat="-38.2586333" lon="145.2576"><name>Whiting</name><desc>Tyabb Bank has been 
27/11/2025</desc><time>27/11/2025</time><sym>circle,yellow</sym></wpt>
<wpt lat="-38.2587833" lon="145.25735"><name>Whiting</name><desc>Tyabb bank shallow
19/12/202510/12/20257/11/2025</desc><time>19/12/2025</time><sym>circle,yellow</sym></wpt>
<wpt lat="-38.259" lon="145.2596333"><name>Whiting</name><desc>Tyabb bank shallow
19/12/202510/12/20257/11/2025</desc><time>19/12/2025</time><sym>circle,yellow</sym></wpt>
<wpt lat="-38.2590667" lon="145.2594333"><name>Whiting</name><desc>Tyabb bank shallow
19/12/202510/12/20257/11/2025</desc><time>19/12/2025</time><sym>circle,yellow</sym></wpt>
<wpt lat="-38.25915" lon="144.6914"><name>Whiting</name><desc>Queenscliff
19/12/20254/12/2025</desc><time>19/12/2025</time><sym>circle,yellow</sym></wpt>
<wpt lat="-38.2592333" lon="144.7540667"><name>Squid</name><desc>Mud Island
20/11/202514/11/202530/10/2025</desc><time>20/11/2025</time><sym>circle,aqua</sym></wpt>
<wpt lat="-38.2593167" lon="145.2642667"><name>Whiting</name><desc>Bangers and Mash
4/12/202527/11/20257/11/2025</desc><time>4/12/2025</time><sym>circle,yellow</sym></wpt>
<wpt lat="-38.2593333" lon="144.6945333"><name>Whiting</name><desc>Queenscliff
13/11/2025</desc><time>13/11/2025</time><sym>circle,yellow</sym></wpt>
<wpt lat="-38.2598167" lon="144.68725"><name>Whiting</name><desc>Queenscliff
11/12/2025</desc><time>11/12/2025</time><sym>circle,yellow</sym></wpt>
<wpt lat="-38.2602333" lon="144.6872333"><name>Squid</name><desc>Queenscliff /Grass b
10/12/202530/10/2025</desc><time>10/12/2025</time><sym>circle,aqua</sym></wpt>
<wpt lat="-38.2609333" lon="144.6890667"><name>Whiting</name><desc>Queenscliff
31/10/2025</desc><time>31/10/2025</time><sym>circle,yellow</sym></wpt>
<wpt lat="-38.2610167" lon="144.6858"><name>Squid</name><desc>Queenscliff /Grass b
30/10/2025</desc><time>30/10/2025</time><sym>circle,aqua</sym></wpt>
<wpt lat="-38.2610667" lon="144.69175"><name>Whiting</name><desc>Queenscliff
11/12/2025</desc><time>11/12/2025</time><sym>circle,yellow</sym></wpt>
<wpt lat="-38.2611" lon="144.69055"><name>Whiting</name><desc>Queenscliff
20/11/2025</desc><time>20/11/2025</time><sym>circle,yellow</sym></wpt>
<wpt lat="-38.2612" lon="145.25565"><name>Whiting</name><desc>Tyabb bank shallow
19/12/202510/12/20257/11/2025</desc><time>19/12/2025</time><sym>circle,yellow</sym></wpt>
<wpt lat="-38.2612333" lon="144.6903833"><name>Whiting</name><desc>Queenscliff
27/11/2025</desc><time>27/11/2025</time><sym>circle,yellow</sym></wpt>
<wpt lat="-38.2616333" lon="144.6859667"><name>Whiting</name><desc>Queenscliff
27/11/2025</desc><time>27/11/2025</time><sym>circle,yellow</sym></wpt>
<wpt lat="-38.2617" lon="144.68475"><name>Whiting</name><desc>Queenscliff
13/11/2025</desc><time>13/11/2025</time><sym>circle,yellow</sym></wpt>
<wpt lat="-38.2621833" lon="144.6852167"><name>Whiting</name><desc>Queenscliff
19/12/20254/12/2025</desc><time>19/12/2025</time><sym>circle,yellow</sym></wpt>
<wpt lat="-38.2628333" lon="145.3917667"><name>Whiting</name><desc>Lyalls
19/12/202514/11/2025</desc><time>19/12/2025</time><sym>circle,yellow</sym></wpt>
<wpt lat="-38.2629" lon="144.7333333"><name>Gummy</name><desc>Symmonds 
20/11/2025</desc><time>20/11/2025</time><sym>bigfish</sym></wpt>
<wpt lat="-38.2643167" lon="145.2666333"><name>Snapper</name><desc>The Tyabb pinnacle i
14/11/2025</desc><time>14/11/2025</time><sym>bigfish</sym></wpt>
<wpt lat="-38.2647833" lon="145.2958833"><name>Snapper</name><desc>Eagle Rock
30/10/2025</desc><time>30/10/2025</time><sym>bigfish</sym></wpt>
<wpt lat="-38.2657833" lon="145.24685"><name>Whiting</name><desc>Tyabb Bank has been 
27/11/2025</desc><time>27/11/2025</time><sym>circle,yellow</sym></wpt>
<wpt lat="-38.2661167" lon="145.4112167"><name>Whiting</name><desc>Bouchiers Channel 
19/12/202514/11/2025</desc><time>19/12/2025</time><sym>circle,yellow</sym></wpt>
<wpt lat="-38.2669833" lon="144.8116833"><name>Squid</name><desc>Pinnace Channel
20/11/202514/11/2025</desc><time>20/11/2025</time><sym>circle,aqua</sym></wpt>
<wpt lat="-38.2672667" lon="145.24705"><name>Whiting</name><desc>Tyabb Bank has been 
27/11/2025</desc><time>27/11/2025</time><sym>circle,yellow</sym></wpt>
<wpt lat="-38.26755" lon="144.67455"><name>Whiting</name><desc>Queenscliff
19/12/20254/12/2025</desc><time>19/12/2025</time><sym>circle,yellow</sym></wpt>
<wpt lat="-38.26795" lon="144.9794"><name>Snapper</name><desc>Mt Martha Rise
30/10/2025</desc><time>30/10/2025</time><sym>bigfish</sym></wpt>
<wpt lat="-38.2680833" lon="144.7348667"><name>Gummy</name><desc>Symonds
31/10/2025</desc><time>31/10/2025</time><sym>bigfish</sym></wpt>
<wpt lat="-38.26815" lon="145.3354333"><name>Whiting</name><desc>Browns Reserve 
14/11/2025</desc><time>14/11/2025</time><sym>circle,yellow</sym></wpt>
<wpt lat="-38.26825" lon="144.6736667"><name>Squid</name><desc>Queenscliff /Grass b
30/10/2025</desc><time>30/10/2025</time><sym>circle,aqua</sym></wpt>
<wpt lat="-38.26825" lon="144.8098167"><name>Squid</name><desc>Around Mud Island
20/11/202513/11/20256/11/202531/10/2025</desc><time>20/11/2025</time><sym>circle,aqua</sym></wpt>
<wpt lat="-38.2689167" lon="145.2812"><name>Snapper</name><desc>Eagle Rock
30/10/2025</desc><time>30/10/2025</time><sym>bigfish</sym></wpt>
<wpt lat="-38.2692333" lon="145.3499333"><name>Whiting</name><desc>Browns Reserve 
14/11/2025</desc><time>14/11/2025</time><sym>circle,yellow</sym></wpt>
<wpt lat="-38.2692833" lon="145.2646667"><name>Snapper</name><desc>Yarringa
30/10/2025</desc><time>30/10/2025</time><sym>bigfish</sym></wpt>
<wpt lat="-38.2693" lon="145.2643833"><name>Snapper</name><desc>Tyabb edge
7/11/2025</desc><time>7/11/2025</time><sym>bigfish</sym></wpt>
<wpt lat="-38.2697" lon="145.29215"><name>Whiting</name><desc>Crawfish Rock ebb ti
30/10/2025</desc><time>30/10/2025</time><sym>circle,yellow</sym></wpt>
<wpt lat="-38.2704833" lon="145.4043167"><name>Whiting</name><desc>Bouchiers Channel 
19/12/202514/11/2025</desc><time>19/12/2025</time><sym>circle,yellow</sym></wpt>
<wpt lat="-38.2706" lon="145.2580167"><name>Snapper</name><desc>Tyabb edge
7/11/2025</desc><time>7/11/2025</time><sym>bigfish</sym></wpt>
<wpt lat="-38.2708" lon="145.2661333"><name>Snapper</name><desc>Tyabb Gutter is stil
27/11/2025</desc><time>27/11/2025</time><sym>bigfish</sym></wpt>
<wpt lat="-38.2708333" lon="144.7981167"><name>Squid</name><desc>Top of Mud Island
26/12/202519/12/20254/12/2025</desc><time>26/12/2025</time><sym>circle,aqua</sym></wpt>
<wpt lat="-38.2708333" lon="145.2922667"><name>Whiting</name><desc>Crawfish Rock ebb ti
30/10/2025</desc><time>30/10/2025</time><sym>circle,yellow</sym></wpt>
<wpt lat="-38.2708833" lon="145.2580833"><name>Snapper</name><desc>Tyabb
14/11/2025</desc><time>14/11/2025</time><sym>bigfish</sym></wpt>
<wpt lat="-38.2710167" lon="145.27065"><name>Snapper</name><desc>Bagge Harbour
20/11/2025</desc><time>20/11/2025</time><sym>bigfish</sym></wpt>
<wpt lat="-38.2711667" lon="144.6691833"><name>Squid</name><desc>Pilot Jetty
10/12/202530/10/2025</desc><time>10/12/2025</time><sym>circle,aqua</sym></wpt>
<wpt lat="-38.27155" lon="145.28675"><name>Whiting</name><desc>Crawfish Rock ebb ti
30/10/2025</desc><time>30/10/2025</time><sym>circle,yellow</sym></wpt>
<wpt lat="-38.2716333" lon="144.8094667"><name>Gummy</name><desc>Pinnace channel 
19/12/2025</desc><time>19/12/2025</time><sym>bigfish</sym></wpt>
<wpt lat="-38.2716333" lon="144.8094667"><name>Whiting</name><desc>Pinnace Channel
19/12/202510/12/202530/10/2025</desc><time>19/12/2025</time><sym>circle,yellow</sym></wpt>
<wpt lat="-38.2717167" lon="145.2866167"><name>Whiting</name><desc>Crawfish Rock ebb ti
30/10/2025</desc><time>30/10/2025</time><sym>circle,yellow</sym></wpt>
<wpt lat="-38.2717333" lon="144.79885"><name>Squid</name><desc>Mud island
1/01/202627/11/2025</desc><time>1/01/2026</time><sym>circle,aqua</sym></wpt>
<wpt lat="-38.272" lon="145.2711"><name>Snapper</name><desc>Yarringa
30/10/2025</desc><time>30/10/2025</time><sym>bigfish</sym></wpt>
<wpt lat="-38.2726667" lon="145.2552833"><name>Snapper</name><desc>Tyabb edge
7/11/2025</desc><time>7/11/2025</time><sym>bigfish</sym></wpt>
<wpt lat="-38.2727167" lon="144.6641667"><name>Squid</name><desc>Queenscliff
13/11/2025</desc><time>13/11/2025</time><sym>circle,aqua</sym></wpt>
<wpt lat="-38.2728333" lon="144.9908167"><name>Snapper</name><desc>Mt Martha Cliffs
14/11/2025</desc><time>14/11/2025</time><sym>bigfish</sym></wpt>
<wpt lat="-38.2729167" lon="144.6487167"><name>Whiting</name><desc>Queenscliff
31/10/2025</desc><time>31/10/2025</time><sym>circle,yellow</sym></wpt>
<wpt lat="-38.27295" lon="145.24275"><name>Whiting</name><desc>Tyabb Bank has been 
27/11/2025</desc><time>27/11/2025</time><sym>circle,yellow</sym></wpt>
<wpt lat="-38.2730833" lon="144.6648"><name>Whiting</name><desc>Queenscliff
27/11/2025</desc><time>27/11/2025</time><sym>circle,yellow</sym></wpt>
<wpt lat="-38.2731333" lon="144.8076167"><name>Squid</name><desc>Top of Mud Island
26/12/202519/12/20254/12/2025</desc><time>26/12/2025</time><sym>circle,aqua</sym></wpt>
<wpt lat="-38.27315" lon="144.6642"><name>Squid</name><desc>Pilot Jetty
10/12/202530/10/2025</desc><time>10/12/2025</time><sym>circle,aqua</sym></wpt>
<wpt lat="-38.27315" lon="145.3541"><name>Whiting</name><desc>Joes Island 
24/12/202530/10/2025</desc><time>24/12/2025</time><sym>circle,yellow</sym></wpt>
<wpt lat="-38.2732" lon="145.2779833"><name>Snapper</name><desc>Bagge Harbour
20/11/2025</desc><time>20/11/2025</time><sym>bigfish</sym></wpt>
<wpt lat="-38.2732167" lon="144.6638667"><name>Squid</name><desc>Queenscliff
27/11/202520/11/2025</desc><time>27/11/2025</time><sym>circle,aqua</sym></wpt>
<wpt lat="-38.27325" lon="144.6638167"><name>Squid</name><desc>Queenscliff
13/11/2025</desc><time>13/11/2025</time><sym>circle,aqua</sym></wpt>
<wpt lat="-38.2733167" lon="144.6639667"><name>Squid</name><desc>Queenscliff
19/12/20254/12/2025</desc><time>19/12/2025</time><sym>circle,aqua</sym></wpt>
<wpt lat="-38.2734667" lon="144.66415"><name>Whiting</name><desc>Queenscliff
19/12/20254/12/2025</desc><time>19/12/2025</time><sym>circle,yellow</sym></wpt>
<wpt lat="-38.2736833" lon="144.8091333"><name>Squid</name><desc>Pinnace Channel
20/11/202514/11/2025</desc><time>20/11/2025</time><sym>circle,aqua</sym></wpt>
<wpt lat="-38.27375" lon="145.2628833"><name>Snapper</name><desc>Yarringa
20/11/2025</desc><time>20/11/2025</time><sym>bigfish</sym></wpt>
<wpt lat="-38.2738" lon="144.6501667"><name>Squid</name><desc>Lonsdale Bight
24/12/202510/12/202530/10/2025</desc><time>24/12/2025</time><sym>circle,aqua</sym></wpt>
<wpt lat="-38.2738667" lon="144.64765"><name>Squid</name><desc>Queenscliff.
11/12/2025</desc><time>11/12/2025</time><sym>circle,aqua</sym></wpt>
<wpt lat="-38.2739833" lon="145.2719167"><name>Snapper</name><desc>Bagge Harbour
20/11/2025</desc><time>20/11/2025</time><sym>bigfish</sym></wpt>
<wpt lat="-38.27405" lon="145.2619167"><name>Snapper</name><desc>Tyabb Gutter is stil
27/11/2025</desc><time>27/11/2025</time><sym>bigfish</sym></wpt>
<wpt lat="-38.2741" lon="144.6627833"><name>Squid</name><desc>Queenscliff
13/11/2025</desc><time>13/11/2025</time><sym>circle,aqua</sym></wpt>
<wpt lat="-38.2741167" lon="145.31485"><name>Whiting</name><desc>Barrallia Island ebb
30/10/2025</desc><time>30/10/2025</time><sym>circle,yellow</sym></wpt>
<wpt lat="-38.2741833" lon="144.8095"><name>Whiting</name><desc>Pinnace Channel
14/11/2025</desc><time>14/11/2025</time><sym>circle,yellow</sym></wpt>
<wpt lat="-38.2742833" lon="144.66195"><name>Squid</name><desc>Pilot Jetty
10/12/202530/10/2025</desc><time>10/12/2025</time><sym>circle,aqua</sym></wpt>
<wpt lat="-38.2743" lon="145.26135"><name>Snapper</name><desc>Tyabb
14/11/2025</desc><time>14/11/2025</time><sym>bigfish</sym></wpt>
<wpt lat="-38.27435" lon="144.8008"><name>Squid</name><desc>Mud Island
27/11/202520/11/202514/11/202530/10/2025</desc><time>27/11/2025</time><sym>circle,aqua</sym></wpt>
<wpt lat="-38.27435" lon="145.3570833"><name>Whiting</name><desc>Joes Island 
24/12/202530/10/2025</desc><time>24/12/2025</time><sym>circle,yellow</sym></wpt>
<wpt lat="-38.2744333" lon="144.6506833"><name>Squid</name><desc>Queenscliff.
11/12/2025</desc><time>11/12/2025</time><sym>circle,aqua</sym></wpt>
<wpt lat="-38.2746667" lon="144.8091167"><name>Whiting</name><desc>Pinnace Channel
19/12/202510/12/202514/11/202530/10/2025</desc><time>19/12/2025</time><sym>circle,yellow</sym></wpt>
<wpt lat="-38.2747" lon="144.6365167"><name>Squid</name><desc>Queenscliff
19/12/20254/12/2025</desc><time>19/12/2025</time><sym>circle,aqua</sym></wpt>
<wpt lat="-38.2748" lon="144.9184333"><name>Snapper</name><desc>Mornington â€“ Mt Ma
4/12/2025</desc><time>4/12/2025</time><sym>bigfish</sym></wpt>
<wpt lat="-38.2749333" lon="145.3491167"><name>Whiting</name><desc>Joes Island 
14/11/202530/10/2025</desc><time>14/11/2025</time><sym>circle,yellow</sym></wpt>
<wpt lat="-38.2752333" lon="144.6614333"><name>Squid</name><desc>Queenscliff.
11/12/2025</desc><time>11/12/2025</time><sym>circle,aqua</sym></wpt>
<wpt lat="-38.27545" lon="144.6607"><name>Squid</name><desc>Queenscliff
27/11/202520/11/2025</desc><time>27/11/2025</time><sym>circle,aqua</sym></wpt>
<wpt lat="-38.27545" lon="145.2413667"><name>Whiting</name><desc>Tyabb Bank has been 
27/11/2025</desc><time>27/11/2025</time><sym>circle,yellow</sym></wpt>
<wpt lat="-38.2756" lon="144.6572167"><name>Squid</name><desc>Queenscliff
27/11/202520/11/2025</desc><time>27/11/2025</time><sym>circle,aqua</sym></wpt>
<wpt lat="-38.2756333" lon="145.2630333"><name>Snapper</name><desc>Yarringa
20/11/2025</desc><time>20/11/2025</time><sym>bigfish</sym></wpt>
<wpt lat="-38.2756667" lon="144.6576833"><name>Squid</name><desc>Queenscliff
19/12/20254/12/2025</desc><time>19/12/2025</time><sym>circle,aqua</sym></wpt>
<wpt lat="-38.2757167" lon="144.8046667"><name>Squid</name><desc>Around Mud Island
20/11/202513/11/20256/11/202531/10/2025</desc><time>20/11/2025</time><sym>circle,aqua</sym></wpt>
<wpt lat="-38.27575" lon="144.80805"><name>Whiting</name><desc>Pinnace Channel
14/11/2025</desc><time>14/11/2025</time><sym>circle,yellow</sym></wpt>
<wpt lat="-38.2758667" lon="144.6395833"><name>Squid</name><desc>Lonsdale Bight
10/12/202530/10/2025</desc><time>10/12/2025</time><sym>circle,aqua</sym></wpt>
<wpt lat="-38.2761" lon="145.27885"><name>Whiting</name><desc>The Fingers ebb tide
1/01/202624/12/202510/12/20254/12/202520/11/2025</desc><time>1/01/2026</time><sym>circle,yellow</sym></wpt>
<wpt lat="-38.2762333" lon="145.2571833"><name>Snapper</name><desc>Long Reef
30/10/2025</desc><time>30/10/2025</time><sym>bigfish</sym></wpt>
<wpt lat="-38.2762333" lon="145.4596333"><name>Whiting</name><desc>Boultans Channel
14/11/2025</desc><time>14/11/2025</time><sym>circle,yellow</sym></wpt>
<wpt lat="-38.2767167" lon="144.6289667"><name>Squid</name><desc>Lonsdale Bight
24/12/202510/12/202530/10/2025</desc><time>24/12/2025</time><sym>circle,aqua</sym></wpt>
<wpt lat="-38.2768667" lon="144.6467167"><name>Squid</name><desc>Lonsdale Bight
10/12/202530/10/2025</desc><time>10/12/2025</time><sym>circle,aqua</sym></wpt>
<wpt lat="-38.2770833" lon="144.8771667"><name>Gummy</name><desc>Back of the fort
24/12/202519/12/202520/11/2025</desc><time>24/12/2025</time><sym>bigfish</sym></wpt>
<wpt lat="-38.2772167" lon="145.28115"><name>Whiting</name><desc>Top of the spit
1/01/202610/12/20254/12/202520/11/2025</desc><time>1/01/2026</time><sym>circle,yellow</sym></wpt>
<wpt lat="-38.2772833" lon="144.6487333"><name>Squid</name><desc>Bite
31/10/2025</desc><time>31/10/2025</time><sym>circle,aqua</sym></wpt>
<wpt lat="-38.2773333" lon="145.2594167"><name>Snapper</name><desc>Long reef
7/11/2025</desc><time>7/11/2025</time><sym>bigfish</sym></wpt>
<wpt lat="-38.2779333" lon="145.2787667"><name>Whiting</name><desc>The Fingers ebb tide
1/01/202624/12/202510/12/20254/12/202520/11/2025</desc><time>1/01/2026</time><sym>circle,yellow</sym></wpt>
<wpt lat="-38.278" lon="145.28925"><name>Whiting</name><desc>The Springs start of
10/12/2025</desc><time>10/12/2025</time><sym>circle,yellow</sym></wpt>
<wpt lat="-38.2781167" lon="145.2633833"><name>Snapper</name><desc>The top of Long Reef
14/11/2025</desc><time>14/11/2025</time><sym>bigfish</sym></wpt>
<wpt lat="-38.27845" lon="145.2605667"><name>Snapper</name><desc>Long Reef has good n
27/11/2025</desc><time>27/11/2025</time><sym>bigfish</sym></wpt>
<wpt lat="-38.2786833" lon="145.2617833"><name>Snapper</name><desc>The top of Long Reef
14/11/2025</desc><time>14/11/2025</time><sym>bigfish</sym></wpt>
<wpt lat="-38.2791833" lon="145.4249333"><name>Whiting</name><desc>Horseshoe Channel
7/11/202530/10/2025</desc><time>7/11/2025</time><sym>circle,yellow</sym></wpt>
<wpt lat="-38.27935" lon="145.2591"><name>Snapper</name><desc>Long reef
7/11/2025</desc><time>7/11/2025</time><sym>bigfish</sym></wpt>
<wpt lat="-38.27935" lon="145.2591667"><name>Snapper</name><desc>Long Reef
30/10/2025</desc><time>30/10/2025</time><sym>bigfish</sym></wpt>
<wpt lat="-38.2794667" lon="145.3639167"><name>Whiting</name><desc>Joes Island 
14/11/202530/10/2025</desc><time>14/11/2025</time><sym>circle,yellow</sym></wpt>
<wpt lat="-38.2797167" lon="145.4121333"><name>Whiting</name><desc>Horseshoe Channel
14/11/20257/11/202530/10/2025</desc><time>14/11/2025</time><sym>circle,yellow</sym></wpt>
<wpt lat="-38.2805333" lon="144.6424"><name>Squid</name><desc>Bite
31/10/2025</desc><time>31/10/2025</time><sym>circle,aqua</sym></wpt>
<wpt lat="-38.2805833" lon="145.2592"><name>Snapper</name><desc>Long reef
20/11/2025</desc><time>20/11/2025</time><sym>bigfish</sym></wpt>
<wpt lat="-38.28065" lon="145.3648167"><name>Whiting</name><desc>East of Joes
24/12/202514/11/2025</desc><time>24/12/2025</time><sym>circle,yellow</sym></wpt>
<wpt lat="-38.2807167" lon="145.4343167"><name>Whiting</name><desc>Horseshoe Channel
14/11/20257/11/202530/10/2025</desc><time>14/11/2025</time><sym>circle,yellow</sym></wpt>
<wpt lat="-38.2813167" lon="144.6351333"><name>Squid</name><desc>Lonsdale Bight
10/12/202530/10/2025</desc><time>10/12/2025</time><sym>circle,aqua</sym></wpt>
<wpt lat="-38.28175" lon="145.2589833"><name>Snapper</name><desc>The top of Long Reef
14/11/2025</desc><time>14/11/2025</time><sym>bigfish</sym></wpt>
<wpt lat="-38.2818167" lon="145.36075"><name>Whiting</name><desc>East of Joes
24/12/202514/11/2025</desc><time>24/12/2025</time><sym>circle,yellow</sym></wpt>
<wpt lat="-38.2828667" lon="144.7835167"><name>Squid</name><desc>Pinnace
4/12/202527/11/202530/10/2025</desc><time>4/12/2025</time><sym>circle,aqua</sym></wpt>
<wpt lat="-38.2830167" lon="145.25745"><name>Snapper</name><desc>Long Reef has good n
27/11/2025</desc><time>27/11/2025</time><sym>bigfish</sym></wpt>
<wpt lat="-38.28335" lon="145.25025"><name>Snapper</name><desc>Long reef
20/11/2025</desc><time>20/11/2025</time><sym>bigfish</sym></wpt>
<wpt lat="-38.2835667" lon="145.2556833"><name>Snapper</name><desc>Long reef
7/11/2025</desc><time>7/11/2025</time><sym>bigfish</sym></wpt>
<wpt lat="-38.2835833" lon="144.8201333"><name>Squid</name><desc>Pinnace Channel
20/11/202514/11/2025</desc><time>20/11/2025</time><sym>circle,aqua</sym></wpt>
<wpt lat="-38.2838833" lon="144.63275"><name>Squid</name><desc>Lonsdale Bight
10/12/202530/10/2025</desc><time>10/12/2025</time><sym>circle,aqua</sym></wpt>
<wpt lat="-38.2849833" lon="145.3585667"><name>Whiting</name><desc>Inside Channel
7/11/202530/10/2025</desc><time>7/11/2025</time><sym>circle,yellow</sym></wpt>
<wpt lat="-38.2851667" lon="145.2692"><name>Whiting</name><desc>Tingles
1/01/202610/12/2025</desc><time>1/01/2026</time><sym>circle,yellow</sym></wpt>
<wpt lat="-38.2855" lon="145.26215"><name>Snapper</name><desc>The northern has shu
10/12/2025</desc><time>10/12/2025</time><sym>bigfish</sym></wpt>
<wpt lat="-38.2856" lon="144.6326667"><name>Squid</name><desc>Bite
31/10/2025</desc><time>31/10/2025</time><sym>circle,aqua</sym></wpt>
<wpt lat="-38.2858" lon="144.7961333"><name>Squid</name><desc>Pinnace Channel
20/11/202514/11/2025</desc><time>20/11/2025</time><sym>circle,aqua</sym></wpt>
<wpt lat="-38.286" lon="145.2534167"><name>Snapper</name><desc>Long Reef has good n
27/11/2025</desc><time>27/11/2025</time><sym>bigfish</sym></wpt>
<wpt lat="-38.2873333" lon="145.26615"><name>Whiting</name><desc>Wendys
1/01/202620/11/2025</desc><time>1/01/2026</time><sym>circle,yellow</sym></wpt>
<wpt lat="-38.2881333" lon="144.7805667"><name>Squid</name><desc>Pinnace
1/01/20264/12/202527/11/202530/10/2025</desc><time>1/01/2026</time><sym>circle,aqua</sym></wpt>
<wpt lat="-38.28865" lon="145.3671167"><name>Whiting</name><desc>Inside Channel
14/11/20257/11/202530/10/2025</desc><time>14/11/2025</time><sym>circle,yellow</sym></wpt>
<wpt lat="-38.2897833" lon="144.5190167"><name>Crayfish</name><desc>8 17 421 144 34 859
19/12/20254/12/2025</desc><time>19/12/2025</time><sym>circle,green</sym></wpt>
<wpt lat="-38.2898167" lon="145.2572667"><name>Snapper</name><desc>The northern has shu
10/12/2025</desc><time>10/12/2025</time><sym>bigfish</sym></wpt>
<wpt lat="-38.28985" lon="145.3614833"><name>Whiting</name><desc>Inside Channel
14/11/20257/11/202530/10/2025</desc><time>14/11/2025</time><sym>circle,yellow</sym></wpt>
<wpt lat="-38.2904167" lon="144.97215"><name>Snapper</name><desc>Mt Martha artificial
30/10/2025</desc><time>30/10/2025</time><sym>bigfish</sym></wpt>
<wpt lat="-38.2907" lon="145.2843167"><name>Whiting</name><desc>Top of the Eastern c
1/01/202610/12/20254/12/202520/11/2025</desc><time>1/01/2026</time><sym>circle,yellow</sym></wpt>
<wpt lat="-38.2910167" lon="145.26465"><name>Whiting</name><desc>Wham bam
1/01/202620/11/2025</desc><time>1/01/2026</time><sym>circle,yellow</sym></wpt>
<wpt lat="-38.2912333" lon="144.8616167"><name>Gummy</name><desc>Back of the fort
24/12/202519/12/202520/11/2025</desc><time>24/12/2025</time><sym>bigfish</sym></wpt>
<wpt lat="-38.2914167" lon="145.2651167"><name>Whiting</name><desc>Sting ray alley ebb 
1/01/20264/12/202520/11/2025</desc><time>1/01/2026</time><sym>circle,yellow</sym></wpt>
<wpt lat="-38.2917167" lon="145.36715"><name>Whiting</name><desc>Inside Channel
7/11/202530/10/2025</desc><time>7/11/2025</time><sym>circle,yellow</sym></wpt>
<wpt lat="-38.294" lon="145.2440167"><name>Snapper</name><desc>Lysarts
30/10/2025</desc><time>30/10/2025</time><sym>bigfish</sym></wpt>
<wpt lat="-38.29435" lon="145.2419833"><name>Snapper</name><desc>Lysarts
30/10/2025</desc><time>30/10/2025</time><sym>bigfish</sym></wpt>
<wpt lat="-38.2945333" lon="145.4955667"><name>Snapper</name><desc>Lang Lang 
30/10/2025</desc><time>30/10/2025</time><sym>bigfish</sym></wpt>
<wpt lat="-38.29465" lon="144.7117167"><name>Gummy</name><desc>South Channel
31/10/2025</desc><time>31/10/2025</time><sym>bigfish</sym></wpt>
<wpt lat="-38.2966" lon="145.2492"><name>Snapper</name><desc>The northern has shu
10/12/2025</desc><time>10/12/2025</time><sym>bigfish</sym></wpt>
<wpt lat="-38.2980167" lon="144.4960333"><name>Crayfish</name><desc>8 17 421 144 34 859
19/12/20254/12/2025</desc><time>19/12/2025</time><sym>circle,green</sym></wpt>
<wpt lat="-38.2980333" lon="145.2585167"><name>Whiting</name><desc>Sunken island
1/01/202610/12/202520/11/2025</desc><time>1/01/2026</time><sym>circle,yellow</sym></wpt>
<wpt lat="-38.2983" lon="144.8375667"><name>Whiting</name><desc>Baggy edge
10/12/202514/11/2025</desc><time>10/12/2025</time><sym>circle,yellow</sym></wpt>
<wpt lat="-38.2986167" lon="145.2284"><name>Whiting</name><desc>Between the wharfs
1/01/202620/11/2025</desc><time>1/01/2026</time><sym>circle,yellow</sym></wpt>
<wpt lat="-38.2986833" lon="144.8379167"><name>Whiting</name><desc>Baggy edge
10/12/202514/11/2025</desc><time>10/12/2025</time><sym>circle,yellow</sym></wpt>
<wpt lat="-38.29885" lon="144.8372333"><name>Squid</name><desc>The Middle Grounds
1/01/202627/11/202530/10/2025</desc><time>1/01/2026</time><sym>circle,aqua</sym></wpt>
<wpt lat="-38.2988833" lon="144.7322167"><name>Gummy</name><desc>South Channel
20/11/2025</desc><time>20/11/2025</time><sym>bigfish</sym></wpt>
<wpt lat="-38.29915" lon="145.23705"><name>Snapper</name><desc>Lysarts
30/10/2025</desc><time>30/10/2025</time><sym>bigfish</sym></wpt>
<wpt lat="-38.2993" lon="145.2826833"><name>Whiting</name><desc>Scratches
20/11/2025</desc><time>20/11/2025</time><sym>circle,yellow</sym></wpt>
<wpt lat="-38.29945" lon="145.2565167"><name>Whiting</name><desc>Sunken island
1/01/202620/11/2025</desc><time>1/01/2026</time><sym>circle,yellow</sym></wpt>
<wpt lat="-38.2997" lon="144.4760333"><name>Crayfish</name><desc>That time of year fo
20/11/2025</desc><time>20/11/2025</time><sym>circle,green</sym></wpt>
<wpt lat="-38.2997833" lon="144.8388167"><name>Squid</name><desc>The Fort
1/01/202627/11/202530/10/2025</desc><time>1/01/2026</time><sym>circle,aqua</sym></wpt>
<wpt lat="-38.2999167" lon="144.8287167"><name>Squid</name><desc>The Middle Grounds
1/01/202627/11/202530/10/2025</desc><time>1/01/2026</time><sym>circle,aqua</sym></wpt>
<wpt lat="-38.3" lon="145.25105"><name>Snapper</name><desc>The northern has shu
10/12/2025</desc><time>10/12/2025</time><sym>bigfish</sym></wpt>
<wpt lat="-38.3000667" lon="144.8277167"><name>Squid</name><desc>North of the south c
4/12/2025</desc><time>4/12/2025</time><sym>circle,aqua</sym></wpt>
<wpt lat="-38.3001167" lon="144.65615"><name>Squid</name><desc>Nepean Bay
10/12/202530/10/2025</desc><time>10/12/2025</time><sym>circle,aqua</sym></wpt>
<wpt lat="-38.30025" lon="144.8124167"><name>Squid</name><desc>The Fort
1/01/202627/11/202530/10/2025</desc><time>1/01/2026</time><sym>circle,aqua</sym></wpt>
<wpt lat="-38.3008" lon="145.49735"><name>Snapper</name><desc>Lang Lang 
30/10/2025</desc><time>30/10/2025</time><sym>bigfish</sym></wpt>
<wpt lat="-38.3011833" lon="145.258"><name>Whiting</name><desc>Sunken island
1/01/202620/11/2025</desc><time>1/01/2026</time><sym>circle,yellow</sym></wpt>
<wpt lat="-38.30175" lon="145.24785"><name>Snapper</name><desc>The Toadie stick
4/12/2025</desc><time>4/12/2025</time><sym>bigfish</sym></wpt>
<wpt lat="-38.3018167" lon="145.24775"><name>Snapper</name><desc>The toadie stick fis
14/11/2025</desc><time>14/11/2025</time><sym>bigfish</sym></wpt>
<wpt lat="-38.3019167" lon="144.65845"><name>Squid</name><desc>Nepean Bay
10/12/202530/10/2025</desc><time>10/12/2025</time><sym>circle,aqua</sym></wpt>
<wpt lat="-38.3019833" lon="145.2388167"><name>Snapper</name><desc>Esso 
14/11/2025</desc><time>14/11/2025</time><sym>bigfish</sym></wpt>
<wpt lat="-38.3023667" lon="144.65815"><name>Squid</name><desc>Nepean Bay
10/12/202530/10/2025</desc><time>10/12/2025</time><sym>circle,aqua</sym></wpt>
<wpt lat="-38.3027833" lon="144.76205"><name>Gummy</name><desc>Number 6
1/01/20264/12/202530/10/2025</desc><time>1/01/2026</time><sym>bigfish</sym></wpt>
<wpt lat="-38.3028333" lon="144.7598833"><name>Gummy</name><desc>Number 6
1/01/20264/12/202530/10/2025</desc><time>1/01/2026</time><sym>bigfish</sym></wpt>
<wpt lat="-38.30315" lon="144.8598833"><name>Gummy</name><desc>The old Yarra
24/12/202519/12/202520/11/2025</desc><time>24/12/2025</time><sym>bigfish</sym></wpt>
<wpt lat="-38.3031667" lon="144.9821833"><name>Squid</name><desc>Martha Cove
1/01/202610/12/2025</desc><time>1/01/2026</time><sym>circle,aqua</sym></wpt>
<wpt lat="-38.3032333" lon="144.66055"><name>Squid</name><desc>Nepean Bay
10/12/202530/10/2025</desc><time>10/12/2025</time><sym>circle,aqua</sym></wpt>
<wpt lat="-38.30325" lon="144.3982667"><name>Crayfish</name><desc>That time of year fo
20/11/2025</desc><time>20/11/2025</time><sym>circle,green</sym></wpt>
<wpt lat="-38.3033333" lon="144.66075"><name>Squid</name><desc>Nepean Bay
30/10/2025</desc><time>30/10/2025</time><sym>circle,aqua</sym></wpt>
<wpt lat="-38.3034" lon="145.2357333"><name>Snapper</name><desc>Esso
30/10/2025</desc><time>30/10/2025</time><sym>bigfish</sym></wpt>
<wpt lat="-38.30345" lon="144.6659333"><name>Squid</name><desc>Nepean Bay
30/10/2025</desc><time>30/10/2025</time><sym>circle,aqua</sym></wpt>
<wpt lat="-38.3034667" lon="144.6656667"><name>Squid</name><desc>Nepean Bay
30/10/2025</desc><time>30/10/2025</time><sym>circle,aqua</sym></wpt>
<wpt lat="-38.3036" lon="144.9805"><name>Squid</name><desc>Martha Cove
10/12/2025</desc><time>10/12/2025</time><sym>circle,aqua</sym></wpt>
<wpt lat="-38.3036667" lon="145.4990167"><name>Snapper</name><desc>Lang Lang 
30/10/2025</desc><time>30/10/2025</time><sym>bigfish</sym></wpt>
<wpt lat="-38.3039667" lon="145.2820667"><name>Whiting</name><desc>River point
20/11/2025</desc><time>20/11/2025</time><sym>circle,yellow</sym></wpt>
<wpt lat="-38.3041333" lon="144.83845"><name>Squid</name><desc>North of the south c
4/12/2025</desc><time>4/12/2025</time><sym>circle,aqua</sym></wpt>
<wpt lat="-38.30415" lon="145.2587667"><name>Whiting</name><desc>Sting ray alley ebb 
1/01/20264/12/202520/11/2025</desc><time>1/01/2026</time><sym>circle,yellow</sym></wpt>
<wpt lat="-38.3042" lon="144.8400667"><name>Squid</name><desc>The Middle Grounds
1/01/202627/11/202530/10/2025</desc><time>1/01/2026</time><sym>circle,aqua</sym></wpt>
<wpt lat="-38.3042333" lon="145.23175"><name>Snapper</name><desc>Esso
30/10/2025</desc><time>30/10/2025</time><sym>bigfish</sym></wpt>
<wpt lat="-38.3044667" lon="144.5550667"><name>Gummy</name><desc>Offshore 
31/10/2025</desc><time>31/10/2025</time><sym>bigfish</sym></wpt>
<wpt lat="-38.30515" lon="144.7235167"><name>Gummy</name><desc>South Channel
20/11/2025</desc><time>20/11/2025</time><sym>bigfish</sym></wpt>
<wpt lat="-38.3058833" lon="145.2547333"><name>Whiting</name><desc>Sunken Island either
10/12/2025</desc><time>10/12/2025</time><sym>circle,yellow</sym></wpt>
<wpt lat="-38.3060167" lon="145.2545167"><name>Whiting</name><desc>Sunken Island either
10/12/2025</desc><time>10/12/2025</time><sym>circle,yellow</sym></wpt>
<wpt lat="-38.3061833" lon="144.7255"><name>Gummy</name><desc>South Channel
31/10/2025</desc><time>31/10/2025</time><sym>bigfish</sym></wpt>
<wpt lat="-38.3077167" lon="144.5225667"><name>Gummy</name><desc>School Blue fin
11/12/2025</desc><time>11/12/2025</time><sym>bigfish</sym></wpt>
<wpt lat="-38.30805" lon="144.7822333"><name>Gummy</name><desc>Number 8
1/01/20264/12/202530/10/2025</desc><time>1/01/2026</time><sym>bigfish</sym></wpt>
<wpt lat="-38.3080667" lon="145.2536833"><name>Whiting</name><desc>Sunken South tip flo
10/12/2025</desc><time>10/12/2025</time><sym>circle,yellow</sym></wpt>
<wpt lat="-38.3109833" lon="144.9809667"><name>Squid</name><desc>Martha Cove
10/12/2025</desc><time>10/12/2025</time><sym>circle,aqua</sym></wpt>
<wpt lat="-38.3116667" lon="144.8164667"><name>Squid</name><desc>Number 10
1/01/202627/11/2025</desc><time>1/01/2026</time><sym>circle,aqua</sym></wpt>
<wpt lat="-38.312" lon="145.2714"><name>Whiting</name><desc>Navro
20/11/2025</desc><time>20/11/2025</time><sym>circle,yellow</sym></wpt>
<wpt lat="-38.3125167" lon="144.7000833"><name>Squid</name><desc>The Doctors
30/10/2025</desc><time>30/10/2025</time><sym>circle,aqua</sym></wpt>
<wpt lat="-38.3125833" lon="144.8162167"><name>Squid</name><desc>Number 10
1/01/202627/11/2025</desc><time>1/01/2026</time><sym>circle,aqua</sym></wpt>
<wpt lat="-38.3132167" lon="145.2361833"><name>Snapper</name><desc>Buoy 29 
30/10/2025</desc><time>30/10/2025</time><sym>bigfish</sym></wpt>
<wpt lat="-38.3136" lon="144.7023167"><name>Squid</name><desc>The Doctors
30/10/2025</desc><time>30/10/2025</time><sym>circle,aqua</sym></wpt>
<wpt lat="-38.3140833" lon="144.9826167"><name>Squid</name><desc>Martha Cove
10/12/2025</desc><time>10/12/2025</time><sym>circle,aqua</sym></wpt>
<wpt lat="-38.3142167" lon="144.9816167"><name>Squid</name><desc>Martha Cove
1/01/202610/12/2025</desc><time>1/01/2026</time><sym>circle,aqua</sym></wpt>
<wpt lat="-38.31505" lon="145.24205"><name>Snapper</name><desc>More known for its b
30/10/2025</desc><time>30/10/2025</time><sym>bigfish</sym></wpt>
<wpt lat="-38.3152" lon="144.7723167"><name>Gummy</name><desc>South Channel 
19/12/20254/12/2025</desc><time>19/12/2025</time><sym>bigfish</sym></wpt>
<wpt lat="-38.3155833" lon="145.2325"><name>Snapper</name><desc>Out front of Hasting
14/11/2025</desc><time>14/11/2025</time><sym>bigfish</sym></wpt>
<wpt lat="-38.3156833" lon="145.2324833"><name>Snapper</name><desc>Hastings 
27/11/2025</desc><time>27/11/2025</time><sym>bigfish</sym></wpt>
<wpt lat="-38.3157667" lon="145.2327667"><name>Snapper</name><desc>Out the front of Has
20/11/2025</desc><time>20/11/2025</time><sym>bigfish</sym></wpt>
<wpt lat="-38.31605" lon="144.8218667"><name>Gummy</name><desc>South Channel 
19/12/20254/12/2025</desc><time>19/12/2025</time><sym>bigfish</sym></wpt>
<wpt lat="-38.3162167" lon="144.7782"><name>Gummy</name><desc>South Channel
13/11/2025</desc><time>13/11/2025</time><sym>bigfish</sym></wpt>
<wpt lat="-38.3163667" lon="144.8233"><name>Gummy</name><desc>South Channel
13/11/2025</desc><time>13/11/2025</time><sym>bigfish</sym></wpt>
<wpt lat="-38.3163667" lon="145.2271167"><name>Whiting</name><desc>Compass
1/01/202610/12/202520/11/2025</desc><time>1/01/2026</time><sym>circle,yellow</sym></wpt>
<wpt lat="-38.3164" lon="145.2325333"><name>Snapper</name><desc>Hastings
30/10/2025</desc><time>30/10/2025</time><sym>bigfish</sym></wpt>
<wpt lat="-38.3165833" lon="144.7169167"><name>Squid</name><desc>Portsea has fished v
4/12/2025</desc><time>4/12/2025</time><sym>circle,aqua</sym></wpt>
<wpt lat="-38.3166833" lon="145.2386667"><name>Snapper</name><desc>Hastings
4/12/2025</desc><time>4/12/2025</time><sym>bigfish</sym></wpt>
<wpt lat="-38.3175167" lon="144.7145"><name>Squid</name><desc>Portsea has fished v
4/12/2025</desc><time>4/12/2025</time><sym>circle,aqua</sym></wpt>
<wpt lat="-38.3176833" lon="144.8414"><name>Squid</name><desc>Number 12
1/01/202627/11/2025</desc><time>1/01/2026</time><sym>circle,aqua</sym></wpt>
<wpt lat="-38.3176833" lon="145.2328"><name>Snapper</name><desc>Hastings 
27/11/2025</desc><time>27/11/2025</time><sym>bigfish</sym></wpt>
<wpt lat="-38.3177" lon="145.2527333"><name>Whiting</name><desc>Jangles
1/01/202624/12/20254/12/202520/11/2025</desc><time>1/01/2026</time><sym>circle,yellow</sym></wpt>
<wpt lat="-38.3177167" lon="144.7158167"><name>Squid</name><desc>Portsea has fished v
4/12/2025</desc><time>4/12/2025</time><sym>circle,aqua</sym></wpt>
<wpt lat="-38.3177333" lon="144.5495333"><name>Gummy</name><desc>Offshore 
19/12/20254/12/2025</desc><time>19/12/2025</time><sym>bigfish</sym></wpt>
<wpt lat="-38.3178333" lon="144.84295"><name>Whiting</name><desc>Number 12
19/12/202510/12/20254/12/2025</desc><time>19/12/2025</time><sym>circle,yellow</sym></wpt>
<wpt lat="-38.3186" lon="145.2376167"><name>Snapper</name><desc>Out the front of Has
20/11/2025</desc><time>20/11/2025</time><sym>bigfish</sym></wpt>
<wpt lat="-38.31865" lon="144.8424667"><name>Whiting</name><desc>Number 12
19/12/202510/12/2025</desc><time>19/12/2025</time><sym>circle,yellow</sym></wpt>
<wpt lat="-38.3188833" lon="144.45565"><name>Snapper</name><desc>In close, the waterâ
6/11/202531/10/2025</desc><time>6/11/2025</time><sym>bigfish</sym></wpt>
<wpt lat="-38.31895" lon="145.2358833"><name>Snapper</name><desc>Hastings
30/10/2025</desc><time>30/10/2025</time><sym>bigfish</sym></wpt>
<wpt lat="-38.3193333" lon="144.8402833"><name>Squid</name><desc>Number 12
1/01/202627/11/2025</desc><time>1/01/2026</time><sym>circle,aqua</sym></wpt>
<wpt lat="-38.3196167" lon="145.2307333"><name>Snapper</name><desc>Out the front of Has
20/11/2025</desc><time>20/11/2025</time><sym>bigfish</sym></wpt>
<wpt lat="-38.3197333" lon="144.7751"><name>Squid</name><desc>Blairgowrie
19/12/202514/11/202530/10/2025</desc><time>19/12/2025</time><sym>circle,aqua</sym></wpt>
<wpt lat="-38.3205667" lon="144.80135"><name>Gummy</name><desc>Rye
1/01/202619/12/20254/12/2025</desc><time>1/01/2026</time><sym>bigfish</sym></wpt>
<wpt lat="-38.3207167" lon="144.8408667"><name>Gummy</name><desc>Number 12
1/01/20264/12/202530/10/2025</desc><time>1/01/2026</time><sym>bigfish</sym></wpt>
<wpt lat="-38.3207167" lon="144.8408667"><name>Whiting</name><desc>Number 12
19/12/202510/12/2025</desc><time>19/12/2025</time><sym>circle,yellow</sym></wpt>
<wpt lat="-38.32085" lon="145.2394"><name>Snapper</name><desc>Hastings
4/12/2025</desc><time>4/12/2025</time><sym>bigfish</sym></wpt>
<wpt lat="-38.3208667" lon="144.7772167"><name>Squid</name><desc>Sorrento/Rye
19/12/20254/12/2025</desc><time>19/12/2025</time><sym>circle,aqua</sym></wpt>
<wpt lat="-38.32165" lon="144.8041333"><name>Gummy</name><desc>South Channel 
19/12/20254/12/2025</desc><time>19/12/2025</time><sym>bigfish</sym></wpt>
<wpt lat="-38.32165" lon="145.2527333"><name>Whiting</name><desc>Copy cat
1/01/202610/12/202520/11/2025</desc><time>1/01/2026</time><sym>circle,yellow</sym></wpt>
<wpt lat="-38.3223333" lon="145.2315"><name>Snapper</name><desc>Out front of Hasting
14/11/2025</desc><time>14/11/2025</time><sym>bigfish</sym></wpt>
<wpt lat="-38.32245" lon="145.2390667"><name>Snapper</name><desc>Out the front of Has
20/11/2025</desc><time>20/11/2025</time><sym>bigfish</sym></wpt>
<wpt lat="-38.3232667" lon="144.84925"><name>Whiting</name><desc>Number 12
19/12/202510/12/20254/12/2025</desc><time>19/12/2025</time><sym>circle,yellow</sym></wpt>
<wpt lat="-38.3234833" lon="145.2387333"><name>Snapper</name><desc>Out front of Hasting
14/11/2025</desc><time>14/11/2025</time><sym>bigfish</sym></wpt>
<wpt lat="-38.3235833" lon="144.8136833"><name>Gummy</name><desc>Rye
1/01/202619/12/20254/12/2025</desc><time>1/01/2026</time><sym>bigfish</sym></wpt>
<wpt lat="-38.32395" lon="144.9644"><name>Squid</name><desc>Dromana
1/01/202610/12/2025</desc><time>1/01/2026</time><sym>circle,aqua</sym></wpt>
<wpt lat="-38.3240333" lon="144.7747667"><name>Squid</name><desc>Sorrento Side / Rye
13/11/2025</desc><time>13/11/2025</time><sym>circle,aqua</sym></wpt>
<wpt lat="-38.3241833" lon="144.8039667"><name>Whiting</name><desc>Rye Channel
30/10/2025</desc><time>30/10/2025</time><sym>circle,yellow</sym></wpt>
<wpt lat="-38.32445" lon="145.2229333"><name>Squid</name><desc>Sandstone Island 
7/11/2025</desc><time>7/11/2025</time><sym>circle,aqua</sym></wpt>
<wpt lat="-38.3245333" lon="145.2751"><name>Squid</name><desc>Fairhaven
1/01/202610/12/202520/11/2025</desc><time>1/01/2026</time><sym>circle,aqua</sym></wpt>
<wpt lat="-38.32455" lon="145.2768333"><name>Squid</name><desc>Fairhaven
1/01/202610/12/202520/11/2025</desc><time>1/01/2026</time><sym>circle,aqua</sym></wpt>
<wpt lat="-38.3253" lon="145.2414833"><name>Snapper</name><desc>More known for its b
30/10/2025</desc><time>30/10/2025</time><sym>bigfish</sym></wpt>
<wpt lat="-38.3255833" lon="144.9612167"><name>Squid</name><desc>Dromana
1/01/202610/12/2025</desc><time>1/01/2026</time><sym>circle,aqua</sym></wpt>
<wpt lat="-38.3264333" lon="144.7995167"><name>Squid</name><desc>Rye
4/12/2025</desc><time>4/12/2025</time><sym>circle,aqua</sym></wpt>
<wpt lat="-38.3266167" lon="144.77985"><name>Whiting</name><desc>Sorrento way
11/12/2025</desc><time>11/12/2025</time><sym>circle,yellow</sym></wpt>
<wpt lat="-38.3266667" lon="145.22055"><name>Squid</name><desc>Sandstone Island 
7/11/2025</desc><time>7/11/2025</time><sym>circle,aqua</sym></wpt>
<wpt lat="-38.3268833" lon="144.4287333"><name>Snapper</name><desc>In close, the waterâ
6/11/202531/10/2025</desc><time>6/11/2025</time><sym>bigfish</sym></wpt>
<wpt lat="-38.3287667" lon="145.2369333"><name>Snapper</name><desc>Buoy 27
14/11/2025</desc><time>14/11/2025</time><sym>bigfish</sym></wpt>
<wpt lat="-38.3288667" lon="145.2373667"><name>Snapper</name><desc>Buoy 27 
27/11/2025</desc><time>27/11/2025</time><sym>bigfish</sym></wpt>
<wpt lat="-38.329" lon="145.2208"><name>Squid</name><desc>Sandstone Island 
14/11/20257/11/2025</desc><time>14/11/2025</time><sym>circle,aqua</sym></wpt>
<wpt lat="-38.32945" lon="144.7703667"><name>Squid</name><desc>The Sisters
4/12/2025</desc><time>4/12/2025</time><sym>circle,aqua</sym></wpt>
<wpt lat="-38.32945" lon="145.2548333"><name>Whiting</name><desc>Marvals flood tide
1/01/20264/12/202520/11/2025</desc><time>1/01/2026</time><sym>circle,yellow</sym></wpt>
<wpt lat="-38.3298167" lon="144.4767"><name>Snapper</name><desc>SNAPPER OFFSHORE
19/12/202511/12/20254/12/2025</desc><time>19/12/2025</time><sym>bigfish</sym></wpt>
<wpt lat="-38.3299833" lon="144.4016667"><name>Snapper</name><desc>Once again, theyâ€™r
13/11/2025</desc><time>13/11/2025</time><sym>bigfish</sym></wpt>
<wpt lat="-38.3303" lon="144.82405"><name>Gummy</name><desc>Rye channel
1/01/2026</desc><time>1/01/2026</time><sym>bigfish</sym></wpt>
<wpt lat="-38.3303" lon="144.82405"><name>Whiting</name><desc>Rye Channel
30/10/2025</desc><time>30/10/2025</time><sym>circle,yellow</sym></wpt>
<wpt lat="-38.3306333" lon="144.7432667"><name>Whiting</name><desc>Sorrento
4/12/2025</desc><time>4/12/2025</time><sym>circle,yellow</sym></wpt>
<wpt lat="-38.3313167" lon="145.2384167"><name>Snapper</name><desc>Buoy 27
14/11/2025</desc><time>14/11/2025</time><sym>bigfish</sym></wpt>
<wpt lat="-38.33155" lon="145.2551"><name>Whiting</name><desc>Marvals flood tide
4/12/202520/11/2025</desc><time>4/12/2025</time><sym>circle,yellow</sym></wpt>
<wpt lat="-38.3317833" lon="144.8097333"><name>Whiting</name><desc>Rye
27/11/202520/11/202530/10/2025</desc><time>27/11/2025</time><sym>circle,yellow</sym></wpt>
<wpt lat="-38.3318833" lon="144.7746333"><name>Whiting</name><desc>Sisters
4/12/2025</desc><time>4/12/2025</time><sym>circle,yellow</sym></wpt>
<wpt lat="-38.3319667" lon="145.2413167"><name>Snapper</name><desc>More known for its b
30/10/2025</desc><time>30/10/2025</time><sym>bigfish</sym></wpt>
<wpt lat="-38.3322" lon="144.4257333"><name>Snapper</name><desc>Once again, theyâ€™r
13/11/2025</desc><time>13/11/2025</time><sym>bigfish</sym></wpt>
<wpt lat="-38.3324833" lon="145.2757333"><name>Whiting</name><desc>Fairhaven 
20/11/2025</desc><time>20/11/2025</time><sym>circle,yellow</sym></wpt>
<wpt lat="-38.3331" lon="144.7712"><name>Whiting</name><desc>Sorrento / Rye
20/11/202513/11/20256/11/202531/10/2025</desc><time>20/11/2025</time><sym>circle,yellow</sym></wpt>
<wpt lat="-38.3333667" lon="145.2211833"><name>Squid</name><desc>Sandstone Island 
14/11/20257/11/2025</desc><time>14/11/2025</time><sym>circle,aqua</sym></wpt>
<wpt lat="-38.3335333" lon="144.7710833"><name>Whiting</name><desc>Sorrento way
11/12/2025</desc><time>11/12/2025</time><sym>circle,yellow</sym></wpt>
<wpt lat="-38.3336" lon="144.7710833"><name>Squid</name><desc>Sorrento Side / Rye
20/11/2025</desc><time>20/11/2025</time><sym>circle,aqua</sym></wpt>
<wpt lat="-38.3336167" lon="144.7709833"><name>Whiting</name><desc>Sorrento way
26/12/202519/12/20254/12/2025</desc><time>26/12/2025</time><sym>circle,yellow</sym></wpt>
<wpt lat="-38.3338833" lon="144.50235"><name>Snapper</name><desc>SNAPPER OFFSHORE
19/12/202511/12/20254/12/2025</desc><time>19/12/2025</time><sym>bigfish</sym></wpt>
<wpt lat="-38.3339333" lon="144.8660167"><name>Gummy</name><desc>Rosebud
1/01/20264/12/202530/10/2025</desc><time>1/01/2026</time><sym>bigfish</sym></wpt>
<wpt lat="-38.3340333" lon="144.75755"><name>Squid</name><desc>Sorrento Side / Rye
31/10/2025</desc><time>31/10/2025</time><sym>circle,aqua</sym></wpt>
<wpt lat="-38.3341" lon="144.5813333"><name>Gummy</name><desc>School Blue fin
11/12/2025</desc><time>11/12/2025</time><sym>bigfish</sym></wpt>
<wpt lat="-38.3348167" lon="144.8865167"><name>Gummy</name><desc>Rosebud
1/01/20264/12/202530/10/2025</desc><time>1/01/2026</time><sym>bigfish</sym></wpt>
<wpt lat="-38.33525" lon="144.50305"><name>Snapper</name><desc>So much bigger snapp
20/11/2025</desc><time>20/11/2025</time><sym>bigfish</sym></wpt>
<wpt lat="-38.3352833" lon="144.8327833"><name>Squid</name><desc>White Lady eastern c
1/01/202614/11/2025</desc><time>1/01/2026</time><sym>circle,aqua</sym></wpt>
<wpt lat="-38.3353833" lon="144.75085"><name>Whiting</name><desc>Sorrento
4/12/2025</desc><time>4/12/2025</time><sym>circle,yellow</sym></wpt>
<wpt lat="-38.3354667" lon="144.8322"><name>Whiting</name><desc>Rye
27/11/202520/11/202530/10/2025</desc><time>27/11/2025</time><sym>circle,yellow</sym></wpt>
<wpt lat="-38.3357" lon="144.81375"><name>Whiting</name><desc>Rye Channel
30/10/2025</desc><time>30/10/2025</time><sym>circle,yellow</sym></wpt>
<wpt lat="-38.3360167" lon="144.7702"><name>Squid</name><desc>Blairgowrie
14/11/2025</desc><time>14/11/2025</time><sym>circle,aqua</sym></wpt>
<wpt lat="-38.3360667" lon="144.8327833"><name>Squid</name><desc>Sorrento Side / Rye
31/10/2025</desc><time>31/10/2025</time><sym>circle,aqua</sym></wpt>
<wpt lat="-38.3361333" lon="144.5084"><name>Snapper</name><desc>In close, the waterâ
6/11/202531/10/2025</desc><time>6/11/2025</time><sym>bigfish</sym></wpt>
<wpt lat="-38.3366167" lon="144.7699"><name>Squid</name><desc>The Sisters
24/12/202527/11/2025</desc><time>24/12/2025</time><sym>circle,aqua</sym></wpt>
<wpt lat="-38.3368333" lon="144.7467"><name>Squid</name><desc>Sorrento Side / Rye
20/11/2025</desc><time>20/11/2025</time><sym>circle,aqua</sym></wpt>
<wpt lat="-38.3373167" lon="144.8186167"><name>Squid</name><desc>Sorrento Side / Rye
31/10/2025</desc><time>31/10/2025</time><sym>circle,aqua</sym></wpt>
<wpt lat="-38.3374333" lon="144.81825"><name>Squid</name><desc>Sorrento Side / Rye
20/11/2025</desc><time>20/11/2025</time><sym>circle,aqua</sym></wpt>
<wpt lat="-38.3374833" lon="144.7692833"><name>Squid</name><desc>The Sisters
4/12/2025</desc><time>4/12/2025</time><sym>circle,aqua</sym></wpt>
<wpt lat="-38.3374833" lon="144.8227"><name>Scallops</name><desc>Plenty of these guys
2/01/202626/12/202519/12/202511/12/20254/12/2025</desc><time>2/01/2026</time><sym>circle,green</sym></wpt>
<wpt lat="-38.337566699999996" lon="144.83205"><name>Whiting</name><desc>Rye
27/11/202520/11/202530/10/2025</desc><time>27/11/2025</time><sym>circle,yellow</sym></wpt>
<wpt lat="-38.337649999999996" lon="145.22045"><name>Squid</name><desc>The X sub 
1/01/202614/11/20257/11/2025</desc><time>1/01/2026</time><sym>circle,aqua</sym></wpt>
<wpt lat="-38.3385667" lon="145.2612833"><name>Whiting</name><desc>Snoopy 
20/11/2025</desc><time>20/11/2025</time><sym>circle,yellow</sym></wpt>
<wpt lat="-38.33865" lon="144.7831667"><name>Scallops</name><desc>Free diving along th
2/01/202626/12/202519/12/202511/12/20254/12/2025</desc><time>2/01/2026</time><sym>circle,green</sym></wpt>
<wpt lat="-38.3393333" lon="144.80625"><name>Scallops</name><desc>We know more and mor
20/11/2025</desc><time>20/11/2025</time><sym>circle,green</sym></wpt>
<wpt lat="-38.3402667" lon="145.2206167"><name>Squid</name><desc>The X sub 
14/11/20257/11/2025</desc><time>14/11/2025</time><sym>circle,aqua</sym></wpt>
<wpt lat="-38.3406" lon="144.8724"><name>Gummy</name><desc>Rosebud
4/12/202530/10/2025</desc><time>4/12/2025</time><sym>bigfish</sym></wpt>
<wpt lat="-38.3408833" lon="144.7638667"><name>Gummy</name><desc>Sisters
1/01/2026</desc><time>1/01/2026</time><sym>bigfish</sym></wpt>
<wpt lat="-38.3408833" lon="144.7638667"><name>Whiting</name><desc>Sisters
4/12/2025</desc><time>4/12/2025</time><sym>circle,yellow</sym></wpt>
<wpt lat="-38.3422833" lon="144.8967333"><name>Whiting</name><desc>Rosebud
27/11/202520/11/202514/11/2025</desc><time>27/11/2025</time><sym>circle,yellow</sym></wpt>
<wpt lat="-38.3423667" lon="145.2684667"><name>Whiting</name><desc>Fairhaven
20/11/202514/11/2025</desc><time>20/11/2025</time><sym>circle,yellow</sym></wpt>
<wpt lat="-38.3424" lon="144.78105"><name>Squid</name><desc>Blairgowrie
19/12/202514/11/2025</desc><time>19/12/2025</time><sym>circle,aqua</sym></wpt>
<wpt lat="-38.3432333" lon="144.7624333"><name>Squid</name><desc>The Sisters
24/12/202527/11/2025</desc><time>24/12/2025</time><sym>circle,aqua</sym></wpt>
<wpt lat="-38.3432667" lon="144.76045"><name>Squid</name><desc>Blairgowrie
1/01/202630/10/2025</desc><time>1/01/2026</time><sym>circle,aqua</sym></wpt>
<wpt lat="-38.3433333" lon="144.7842"><name>Gummy</name><desc>Blairgowrie
1/01/20264/12/202530/10/2025</desc><time>1/01/2026</time><sym>bigfish</sym></wpt>
<wpt lat="-38.3433333" lon="144.7842"><name>Whiting</name><desc>Blairgowrie
19/12/20254/12/2025</desc><time>19/12/2025</time><sym>circle,yellow</sym></wpt>
<wpt lat="-38.3434167" lon="145.2770833"><name>Squid</name><desc>Fairhaven
1/01/202610/12/202520/11/2025</desc><time>1/01/2026</time><sym>circle,aqua</sym></wpt>
<wpt lat="-38.3440167" lon="144.75845"><name>Squid</name><desc>The Sisters
1/01/202624/12/202527/11/2025</desc><time>1/01/2026</time><sym>circle,aqua</sym></wpt>
<wpt lat="-38.3440167" lon="144.7609833"><name>Whiting</name><desc>shallow
4/12/2025</desc><time>4/12/2025</time><sym>circle,yellow</sym></wpt>
<wpt lat="-38.34425" lon="144.8952833"><name>Whiting</name><desc>Rosebud
27/11/202520/11/202514/11/202530/10/2025</desc><time>27/11/2025</time><sym>circle,yellow</sym></wpt>
<wpt lat="-38.3445" lon="144.9120833"><name>Squid</name><desc>Rosebud
1/01/202610/12/2025</desc><time>1/01/2026</time><sym>circle,aqua</sym></wpt>
<wpt lat="-38.3446833" lon="145.264"><name>Whiting</name><desc>Duke Nuke flood tide
20/11/202514/11/2025</desc><time>20/11/2025</time><sym>circle,yellow</sym></wpt>
<wpt lat="-38.3456167" lon="144.89675"><name>Whiting</name><desc>Rosebud
30/10/2025</desc><time>30/10/2025</time><sym>circle,yellow</sym></wpt>
<wpt lat="-38.34565" lon="144.9041333"><name>Whiting</name><desc>Rosebud
27/11/202520/11/202530/10/2025</desc><time>27/11/2025</time><sym>circle,yellow</sym></wpt>
<wpt lat="-38.3458333" lon="145.26365"><name>Whiting</name><desc>Duke Nuke flood tide
20/11/202514/11/2025</desc><time>20/11/2025</time><sym>circle,yellow</sym></wpt>
<wpt lat="-38.3459" lon="144.8843667"><name>Whiting</name><desc>Rosebud
27/11/202520/11/202514/11/202530/10/2025</desc><time>27/11/2025</time><sym>circle,yellow</sym></wpt>
<wpt lat="-38.3459833" lon="144.8846833"><name>Whiting</name><desc>Rosebud
30/10/2025</desc><time>30/10/2025</time><sym>circle,yellow</sym></wpt>
<wpt lat="-38.3459833" lon="144.9094333"><name>Squid</name><desc>Rosebud
1/01/202610/12/2025</desc><time>1/01/2026</time><sym>circle,aqua</sym></wpt>
<wpt lat="-38.3466833" lon="144.8976667"><name>Squid</name><desc>Sorrento Side / Rye
20/11/2025</desc><time>20/11/2025</time><sym>circle,aqua</sym></wpt>
<wpt lat="-38.3469833" lon="144.76975"><name>Gummy</name><desc>Blairgowrie
1/01/2026</desc><time>1/01/2026</time><sym>bigfish</sym></wpt>
<wpt lat="-38.3469833" lon="144.76975"><name>Whiting</name><desc>Blairgowrie
4/12/2025</desc><time>4/12/2025</time><sym>circle,yellow</sym></wpt>
<wpt lat="-38.34705" lon="144.81735"><name>Whiting</name><desc>Rosebud
27/11/202520/11/2025</desc><time>27/11/2025</time><sym>circle,yellow</sym></wpt>
<wpt lat="-38.34715" lon="145.2683"><name>Whiting</name><desc>The Wiggles ebb tide
20/11/202514/11/2025</desc><time>20/11/2025</time><sym>circle,yellow</sym></wpt>
<wpt lat="-38.3473667" lon="144.8854833"><name>Whiting</name><desc>Rosebud
30/10/2025</desc><time>30/10/2025</time><sym>circle,yellow</sym></wpt>
<wpt lat="-38.3474833" lon="145.2392167"><name>Snapper</name><desc>More known for its b
30/10/2025</desc><time>30/10/2025</time><sym>bigfish</sym></wpt>
<wpt lat="-38.3475667" lon="144.7683833"><name>Whiting</name><desc>Sorrento way
26/12/202519/12/20254/12/2025</desc><time>26/12/2025</time><sym>circle,yellow</sym></wpt>
<wpt lat="-38.34785" lon="144.7481"><name>Squid</name><desc>The Sisters
1/01/202627/11/2025</desc><time>1/01/2026</time><sym>circle,aqua</sym></wpt>
<wpt lat="-38.3479" lon="144.7653333"><name>Squid</name><desc>Sorrento/Rye
19/12/20254/12/2025</desc><time>19/12/2025</time><sym>circle,aqua</sym></wpt>
<wpt lat="-38.3480167" lon="144.7883833"><name>Squid</name><desc>Blairgowrie
1/01/202630/10/2025</desc><time>1/01/2026</time><sym>circle,aqua</sym></wpt>
<wpt lat="-38.3484167" lon="145.2584333"><name>Whiting</name><desc>South end of the cut
20/11/2025</desc><time>20/11/2025</time><sym>circle,yellow</sym></wpt>
<wpt lat="-38.3487167" lon="144.7958667"><name>Squid</name><desc>Sorrento/Rye
19/12/20254/12/2025</desc><time>19/12/2025</time><sym>circle,aqua</sym></wpt>
<wpt lat="-38.3491167" lon="144.71545"><name>Crayfish</name><desc>That time of year fo
20/11/2025</desc><time>20/11/2025</time><sym>circle,green</sym></wpt>
<wpt lat="-38.3496" lon="145.2709667"><name>Whiting</name><desc>Fairhaven
20/11/202514/11/2025</desc><time>20/11/2025</time><sym>circle,yellow</sym></wpt>
<wpt lat="-38.3496333" lon="145.2587667"><name>Whiting</name><desc>South end of the cut
20/11/2025</desc><time>20/11/2025</time><sym>circle,yellow</sym></wpt>
<wpt lat="-38.3497333" lon="144.8750833"><name>Whiting</name><desc>Rosebud
27/11/202520/11/202514/11/202530/10/2025</desc><time>27/11/2025</time><sym>circle,yellow</sym></wpt>
<wpt lat="-38.3499167" lon="144.4455167"><name>Snapper</name><desc>So much bigger snapp
20/11/2025</desc><time>20/11/2025</time><sym>bigfish</sym></wpt>
<wpt lat="-38.3504333" lon="145.2203"><name>Squid</name><desc>Crib Point 
1/01/20267/11/2025</desc><time>1/01/2026</time><sym>circle,aqua</sym></wpt>
<wpt lat="-38.3505667" lon="145.2584333"><name>Whiting</name><desc>South Cut flood tide
20/11/202514/11/2025</desc><time>20/11/2025</time><sym>circle,yellow</sym></wpt>
<wpt lat="-38.3516" lon="144.3896"><name>Snapper</name><desc>Once again, theyâ€™r
13/11/2025</desc><time>13/11/2025</time><sym>bigfish</sym></wpt>
<wpt lat="-38.3522667" lon="144.8784333"><name>Whiting</name><desc>Tootgarook
10/12/202527/11/202520/11/202514/11/202530/10/2025</desc><time>10/12/2025</time><sym>circle,yellow</sym></wpt>
<wpt lat="-38.3528" lon="144.88475"><name>Squid</name><desc>Rosebud
1/01/202610/12/2025</desc><time>1/01/2026</time><sym>circle,aqua</sym></wpt>
<wpt lat="-38.3531667" lon="144.7690667"><name>Gummy</name><desc>Blairgowrie
1/01/20264/12/202530/10/2025</desc><time>1/01/2026</time><sym>bigfish</sym></wpt>
<wpt lat="-38.3531667" lon="144.7690667"><name>Whiting</name><desc>Blairgowrie
19/12/20254/12/2025</desc><time>19/12/2025</time><sym>circle,yellow</sym></wpt>
<wpt lat="-38.3538333" lon="144.8638667"><name>Whiting</name><desc>Tootgarook
10/12/202527/11/202520/11/202530/10/2025</desc><time>10/12/2025</time><sym>circle,yellow</sym></wpt>
<wpt lat="-38.3545333" lon="145.2704833"><name>Whiting</name><desc>Chillcot
20/11/2025</desc><time>20/11/2025</time><sym>circle,yellow</sym></wpt>
<wpt lat="-38.3547167" lon="144.86645"><name>Whiting</name><desc>Tootgarook
10/12/202527/11/202520/11/202530/10/2025</desc><time>10/12/2025</time><sym>circle,yellow</sym></wpt>
<wpt lat="-38.3547667" lon="145.2679333"><name>Whiting</name><desc>Chillcot
20/11/2025</desc><time>20/11/2025</time><sym>circle,yellow</sym></wpt>
<wpt lat="-38.3548833" lon="144.8625167"><name>Whiting</name><desc>Tootgarook
10/12/202527/11/202520/11/202514/11/202530/10/2025</desc><time>10/12/2025</time><sym>circle,yellow</sym></wpt>
<wpt lat="-38.3548833" lon="145.2207167"><name>Squid</name><desc>Disney Street
1/01/20267/11/2025</desc><time>1/01/2026</time><sym>circle,aqua</sym></wpt>
<wpt lat="-38.3572833" lon="145.2681167"><name>Whiting</name><desc>Chillcot
24/12/202520/11/2025</desc><time>24/12/2025</time><sym>circle,yellow</sym></wpt>
<wpt lat="-38.35825" lon="145.2694167"><name>Whiting</name><desc>Fairhaven
20/11/202514/11/2025</desc><time>20/11/2025</time><sym>circle,yellow</sym></wpt>
<wpt lat="-38.3584" lon="144.7834"><name>Squid</name><desc>Blairgowrie
19/12/202514/11/202530/10/2025</desc><time>19/12/2025</time><sym>circle,aqua</sym></wpt>
<wpt lat="-38.3586667" lon="144.7854167"><name>Squid</name><desc>Blairgowrie
19/12/202514/11/202530/10/2025</desc><time>19/12/2025</time><sym>circle,aqua</sym></wpt>
<wpt lat="-38.3608" lon="144.8104"><name>Whiting</name><desc>Rosebud
27/11/202520/11/202514/11/2025</desc><time>27/11/2025</time><sym>circle,yellow</sym></wpt>
<wpt lat="-38.3619833" lon="144.8488667"><name>Squid</name><desc>Tootgarook
1/01/202610/12/2025</desc><time>1/01/2026</time><sym>circle,aqua</sym></wpt>
<wpt lat="-38.3624333" lon="144.4265333"><name>Snapper</name><desc>In close, the waterâ
6/11/202531/10/2025</desc><time>6/11/2025</time><sym>bigfish</sym></wpt>
<wpt lat="-38.3628833" lon="144.8085667"><name>Squid</name><desc>Whitecliffs
1/01/202619/12/202514/11/202530/10/2025</desc><time>1/01/2026</time><sym>circle,aqua</sym></wpt>
<wpt lat="-38.3631333" lon="144.8072667"><name>Squid</name><desc>Whitecliffs
1/01/202619/12/202514/11/202530/10/2025</desc><time>1/01/2026</time><sym>circle,aqua</sym></wpt>
<wpt lat="-38.3654667" lon="144.8297833"><name>Squid</name><desc>Tootgarook
1/01/202610/12/2025</desc><time>1/01/2026</time><sym>circle,aqua</sym></wpt>
<wpt lat="-38.3655667" lon="145.2227167"><name>Squid</name><desc>Tug channel 
27/11/202520/11/20257/11/2025</desc><time>27/11/2025</time><sym>circle,aqua</sym></wpt>
<wpt lat="-38.3656167" lon="144.42745"><name>Snapper</name><desc>So much bigger snapp
20/11/2025</desc><time>20/11/2025</time><sym>bigfish</sym></wpt>
<wpt lat="-38.3663333" lon="145.5017667"><name>Snapper</name><desc>Spit Point
7/11/202530/10/2025</desc><time>7/11/2025</time><sym>bigfish</sym></wpt>
<wpt lat="-38.36915" lon="145.2249333"><name>Squid</name><desc>Tug channel 
27/11/20257/11/2025</desc><time>27/11/2025</time><sym>circle,aqua</sym></wpt>
<wpt lat="-38.36925" lon="145.2249167"><name>Squid</name><desc>Tug channel 
1/01/202627/11/202520/11/20257/11/2025</desc><time>1/01/2026</time><sym>circle,aqua</sym></wpt>
<wpt lat="-38.3703333" lon="145.2248167"><name>Squid</name><desc>Tug channel 
7/11/2025</desc><time>7/11/2025</time><sym>circle,aqua</sym></wpt>
<wpt lat="-38.3708167" lon="145.2261333"><name>Squid</name><desc>Tug channel 
27/11/202520/11/20257/11/2025</desc><time>27/11/2025</time><sym>circle,aqua</sym></wpt>
<wpt lat="-38.3713833" lon="144.3160333"><name>Gummy</name><desc>Offshore 
31/10/2025</desc><time>31/10/2025</time><sym>bigfish</sym></wpt>
<wpt lat="-38.3725" lon="145.2562167"><name>Squid</name><desc>Bottom of the Spit
1/01/202610/12/202520/11/2025</desc><time>1/01/2026</time><sym>circle,aqua</sym></wpt>
<wpt lat="-38.37275" lon="145.2713"><name>Squid</name><desc>Tankerton
1/01/202610/12/202520/11/2025</desc><time>1/01/2026</time><sym>circle,aqua</sym></wpt>
<wpt lat="-38.3744667" lon="145.4800667"><name>Snapper</name><desc>Bluegum Point
30/10/2025</desc><time>30/10/2025</time><sym>bigfish</sym></wpt>
<wpt lat="-38.3758833" lon="145.2286167"><name>Squid</name><desc>Stony Point 
1/01/202627/11/202520/11/20257/11/2025</desc><time>1/01/2026</time><sym>circle,aqua</sym></wpt>
<wpt lat="-38.3765667" lon="144.35475"><name>Gummy</name><desc>Offshore 
19/12/20254/12/2025</desc><time>19/12/2025</time><sym>bigfish</sym></wpt>
<wpt lat="-38.3772333" lon="145.2406333"><name>Gummy</name><desc>Stony Point
4/12/2025</desc><time>4/12/2025</time><sym>bigfish</sym></wpt>
<wpt lat="-38.37725" lon="145.4863833"><name>Snapper</name><desc>Bluegum Point
30/10/2025</desc><time>30/10/2025</time><sym>bigfish</sym></wpt>
<wpt lat="-38.37785" lon="145.4265"><name>Snapper</name><desc>Mosquito Channel
30/10/2025</desc><time>30/10/2025</time><sym>bigfish</sym></wpt>
<wpt lat="-38.3786667" lon="145.4958167"><name>Snapper</name><desc>Tenby Spit is seeing
27/11/2025</desc><time>27/11/2025</time><sym>bigfish</sym></wpt>
<wpt lat="-38.3787" lon="144.7403833"><name>Gummy</name><desc>Offshore 
31/10/2025</desc><time>31/10/2025</time><sym>bigfish</sym></wpt>
<wpt lat="-38.3789167" lon="145.22945"><name>Squid</name><desc>Stony Point 
27/11/202520/11/20257/11/2025</desc><time>27/11/2025</time><sym>circle,aqua</sym></wpt>
<wpt lat="-38.3792333" lon="145.4743"><name>Snapper</name><desc>Blue Gums
4/12/2025</desc><time>4/12/2025</time><sym>bigfish</sym></wpt>
<wpt lat="-38.3792833" lon="145.4416333"><name>Snapper</name><desc>Freemans Point
30/10/2025</desc><time>30/10/2025</time><sym>bigfish</sym></wpt>
<wpt lat="-38.3802333" lon="145.48535"><name>Snapper</name><desc>Tenby spit ebb tide
7/11/2025</desc><time>7/11/2025</time><sym>bigfish</sym></wpt>
<wpt lat="-38.3805167" lon="145.41545"><name>Snapper</name><desc>Mosquito Channel
30/10/2025</desc><time>30/10/2025</time><sym>bigfish</sym></wpt>
<wpt lat="-38.3808" lon="145.4380167"><name>Snapper</name><desc>Freemans Point
30/10/2025</desc><time>30/10/2025</time><sym>bigfish</sym></wpt>
<wpt lat="-38.38095" lon="145.4795833"><name>Snapper</name><desc>Blue Gums
4/12/2025</desc><time>4/12/2025</time><sym>bigfish</sym></wpt>
<wpt lat="-38.3814667" lon="145.4672167"><name>Snapper</name><desc>Tenby spit ebb tide
7/11/2025</desc><time>7/11/2025</time><sym>bigfish</sym></wpt>
<wpt lat="-38.3815167" lon="145.4683333"><name>Snapper</name><desc>Tenby Spit is seeing
27/11/2025</desc><time>27/11/2025</time><sym>bigfish</sym></wpt>
<wpt lat="-38.3816833" lon="145.4783333"><name>Snapper</name><desc>Tenby Spit is seeing
27/11/2025</desc><time>27/11/2025</time><sym>bigfish</sym></wpt>
<wpt lat="-38.3838667" lon="145.4086"><name>Snapper</name><desc>Mosquito Channel
30/10/2025</desc><time>30/10/2025</time><sym>bigfish</sym></wpt>
<wpt lat="-38.38425" lon="145.45555"><name>Snapper</name><desc>The entrance at Tenb
30/10/2025</desc><time>30/10/2025</time><sym>bigfish</sym></wpt>
<wpt lat="-38.3846667" lon="145.4462333"><name>Snapper</name><desc>Corinella either tid
7/11/20257/11/20257/11/20257/11/2025</desc><time>7/11/2025</time><sym>bigfish</sym></wpt>
<wpt lat="-38.3865333" lon="145.24375"><name>Gummy</name><desc>Hanns Inlet
4/12/2025</desc><time>4/12/2025</time><sym>bigfish</sym></wpt>
<wpt lat="-38.3869833" lon="145.4805667"><name>Snapper</name><desc>Tenby Bay is also st
20/11/2025</desc><time>20/11/2025</time><sym>bigfish</sym></wpt>
<wpt lat="-38.3876333" lon="145.4592667"><name>Snapper</name><desc>Tenby Bay
30/10/2025</desc><time>30/10/2025</time><sym>bigfish</sym></wpt>
<wpt lat="-38.3880167" lon="145.4308"><name>Snapper</name><desc>Corinella either tid
7/11/2025</desc><time>7/11/2025</time><sym>bigfish</sym></wpt>
<wpt lat="-38.3881167" lon="145.4714167"><name>Snapper</name><desc>Those fishing into t
30/10/2025</desc><time>30/10/2025</time><sym>bigfish</sym></wpt>
<wpt lat="-38.3888333" lon="145.26715"><name>Squid</name><desc>Tankerton
1/01/202610/12/202520/11/2025</desc><time>1/01/2026</time><sym>circle,aqua</sym></wpt>
<wpt lat="-38.3897" lon="145.4437833"><name>Snapper</name><desc>Tenby bank
30/10/2025</desc><time>30/10/2025</time><sym>bigfish</sym></wpt>
<wpt lat="-38.3906167" lon="145.4906667"><name>Snapper</name><desc>Tenby Bay is also st
20/11/2025</desc><time>20/11/2025</time><sym>bigfish</sym></wpt>
<wpt lat="-38.3934667" lon="145.2348"><name>Squid</name><desc>Hanns Inlet 
20/11/20257/11/2025</desc><time>20/11/2025</time><sym>circle,aqua</sym></wpt>
<wpt lat="-38.3954667" lon="145.3934167"><name>Whiting</name><desc>Barge landing point 
14/11/2025</desc><time>14/11/2025</time><sym>circle,yellow</sym></wpt>
<wpt lat="-38.3960333" lon="145.2525167"><name>Gummy</name><desc>Tortoise Head
4/12/2025</desc><time>4/12/2025</time><sym>bigfish</sym></wpt>
<wpt lat="-38.3961333" lon="145.4277833"><name>Whiting</name><desc>Corinella 
14/11/2025</desc><time>14/11/2025</time><sym>circle,yellow</sym></wpt>
<wpt lat="-38.4022667" lon="145.15345"><name>Gummy</name><desc>Somers
14/11/202530/10/2025</desc><time>14/11/2025</time><sym>bigfish</sym></wpt>
<wpt lat="-38.4022667" lon="145.15345"><name>Snapper</name><desc>Somers
19/12/2025</desc><time>19/12/2025</time><sym>bigfish</sym></wpt>
<wpt lat="-38.4024" lon="145.1534"><name>Gummy</name><desc>Somers yacht club 
14/11/202530/10/2025</desc><time>14/11/2025</time><sym>bigfish</sym></wpt>
<wpt lat="-38.4024" lon="145.1534"><name>Snapper</name><desc>Somers yacht club 
19/12/2025</desc><time>19/12/2025</time><sym>bigfish</sym></wpt>
<wpt lat="-38.40275" lon="145.1221667"><name>Squid</name><desc>Balnarring Reef
30/10/202530/10/202530/10/202530/10/2025</desc><time>30/10/2025</time><sym>circle,aqua</sym></wpt>
<wpt lat="-38.40605" lon="145.2929667"><name>Whiting</name><desc>Gardeners/Blakes Spi
10/12/2025</desc><time>10/12/2025</time><sym>circle,yellow</sym></wpt>
<wpt lat="-38.4064167" lon="145.2669667"><name>Squid</name><desc>Tortoise Head
1/01/202610/12/202520/11/2025</desc><time>1/01/2026</time><sym>circle,aqua</sym></wpt>
<wpt lat="-38.4065333" lon="145.4277667"><name>Whiting</name><desc>Corinella 
14/11/2025</desc><time>14/11/2025</time><sym>circle,yellow</sym></wpt>
<wpt lat="-38.4075167" lon="145.13235"><name>Squid</name><desc>Balnarring Reef
30/10/202530/10/202530/10/202530/10/202530/10/2025</desc><time>30/10/2025</time><sym>circle,aqua</sym></wpt>
<wpt lat="-38.4078167" lon="145.1987667"><name>Gummy</name><desc>Sandy Point
14/11/2025</desc><time>14/11/2025</time><sym>bigfish</sym></wpt>
<wpt lat="-38.4078167" lon="145.1987667"><name>Snapper</name><desc>Sandy Point
19/12/2025</desc><time>19/12/2025</time><sym>bigfish</sym></wpt>
<wpt lat="-38.4091167" lon="145.2672333"><name>Squid</name><desc>Tortoise Head
1/01/202610/12/202520/11/2025</desc><time>1/01/2026</time><sym>circle,aqua</sym></wpt>
<wpt lat="-38.4093667" lon="145.1810667"><name>Gummy</name><desc>Somers
14/11/2025</desc><time>14/11/2025</time><sym>bigfish</sym></wpt>
<wpt lat="-38.4096333" lon="145.1439167"><name>Squid</name><desc>Balnarring Reef
30/10/202530/10/202530/10/202530/10/2025</desc><time>30/10/2025</time><sym>circle,aqua</sym></wpt>
<wpt lat="-38.4102667" lon="145.1724333"><name>Gummy</name><desc>The Paddock 
14/11/202530/10/2025</desc><time>14/11/2025</time><sym>bigfish</sym></wpt>
<wpt lat="-38.4102667" lon="145.1724333"><name>Snapper</name><desc>The paddock 
19/12/2025</desc><time>19/12/2025</time><sym>bigfish</sym></wpt>
<wpt lat="-38.4114" lon="145.11385"><name>Gummy</name><desc>Balnarring
30/10/2025</desc><time>30/10/2025</time><sym>bigfish</sym></wpt>
<wpt lat="-38.4114667" lon="145.1135"><name>Gummy</name><desc>Balnarring
30/10/2025</desc><time>30/10/2025</time><sym>bigfish</sym></wpt>
<wpt lat="-38.4119" lon="145.1134667"><name>Gummy</name><desc>Balnarring Point
30/10/2025</desc><time>30/10/2025</time><sym>bigfish</sym></wpt>
<wpt lat="-38.4119" lon="145.1134667"><name>Snapper</name><desc>Balnarring Point
19/12/2025</desc><time>19/12/2025</time><sym>bigfish</sym></wpt>
<wpt lat="-38.4121833" lon="145.1546333"><name>Whiting</name><desc>Somers / Balnarring
30/10/2025</desc><time>30/10/2025</time><sym>circle,yellow</sym></wpt>
<wpt lat="-38.4124833" lon="145.1545667"><name>Whiting</name><desc>Somers / Balnarring
30/10/2025</desc><time>30/10/2025</time><sym>circle,yellow</sym></wpt>
<wpt lat="-38.4131" lon="145.1648333"><name>Gummy</name><desc>Somers
14/11/2025</desc><time>14/11/2025</time><sym>bigfish</sym></wpt>
<wpt lat="-38.4134333" lon="145.3845"><name>Snapper</name><desc>Elizabeth Island
30/10/2025</desc><time>30/10/2025</time><sym>bigfish</sym></wpt>
<wpt lat="-38.4139333" lon="145.1860333"><name>Whiting</name><desc>Somers / Balnarring
30/10/2025</desc><time>30/10/2025</time><sym>circle,yellow</sym></wpt>
<wpt lat="-38.4142333" lon="145.1368167"><name>Gummy</name><desc>Balnarring
30/10/2025</desc><time>30/10/2025</time><sym>bigfish</sym></wpt>
<wpt lat="-38.41465" lon="145.3580833"><name>Whiting</name><desc>Long point channel e
14/11/2025</desc><time>14/11/2025</time><sym>circle,yellow</sym></wpt>
<wpt lat="-38.416" lon="145.17025"><name>Whiting</name><desc>Somers / Balnarring
30/10/2025</desc><time>30/10/2025</time><sym>circle,yellow</sym></wpt>
<wpt lat="-38.4162667" lon="145.1901667"><name>Gummy</name><desc>The Aquarium
14/11/202530/10/2025</desc><time>14/11/2025</time><sym>bigfish</sym></wpt>
<wpt lat="-38.4162667" lon="145.1901667"><name>Snapper</name><desc>The aquarium
19/12/2025</desc><time>19/12/2025</time><sym>bigfish</sym></wpt>
<wpt lat="-38.41665" lon="145.1219833"><name>Whiting</name><desc>Merricks 
19/12/202530/10/2025</desc><time>19/12/2025</time><sym>circle,yellow</sym></wpt>
<wpt lat="-38.417" lon="145.2779667"><name>Whiting</name><desc>Tortoise Head Bank
10/12/2025</desc><time>10/12/2025</time><sym>circle,yellow</sym></wpt>
<wpt lat="-38.4173833" lon="145.274"><name>Whiting</name><desc>Tortiose Head bank
24/12/202510/12/202527/11/20257/11/2025</desc><time>24/12/2025</time><sym>circle,yellow</sym></wpt>
<wpt lat="-38.4174833" lon="145.2739"><name>Whiting</name><desc>Tortoise Head Bank
10/12/2025</desc><time>10/12/2025</time><sym>circle,yellow</sym></wpt>
<wpt lat="-38.4176667" lon="145.3792167"><name>Snapper</name><desc>Elizabeth Island wil
7/11/2025</desc><time>7/11/2025</time><sym>bigfish</sym></wpt>
<wpt lat="-38.41775" lon="145.4185833"><name>Whiting</name><desc>Coronet Bay flood ti
14/11/2025</desc><time>14/11/2025</time><sym>circle,yellow</sym></wpt>
<wpt lat="-38.4181167" lon="145.42125"><name>Squid</name><desc>Corinella / Coronet 
30/10/2025</desc><time>30/10/2025</time><sym>circle,aqua</sym></wpt>
<wpt lat="-38.4181667" lon="145.135"><name>Gummy</name><desc>Somers
14/11/2025</desc><time>14/11/2025</time><sym>bigfish</sym></wpt>
<wpt lat="-38.41825" lon="145.2758667"><name>Whiting</name><desc>Tortiose Head bank o
27/11/2025</desc><time>27/11/2025</time><sym>circle,yellow</sym></wpt>
<wpt lat="-38.4185833" lon="145.3891167"><name>Snapper</name><desc>Elizabeth Island
14/11/2025</desc><time>14/11/2025</time><sym>bigfish</sym></wpt>
<wpt lat="-38.4188333" lon="145.1601667"><name>Whiting</name><desc>Somers / Balnarring
30/10/2025</desc><time>30/10/2025</time><sym>circle,yellow</sym></wpt>
<wpt lat="-38.4191" lon="145.1384"><name>Whiting</name><desc>Somers / Balnarring
30/10/2025</desc><time>30/10/2025</time><sym>circle,yellow</sym></wpt>
<wpt lat="-38.4199" lon="145.1326"><name>Whiting</name><desc>Somers / Balnarring
30/10/2025</desc><time>30/10/2025</time><sym>circle,yellow</sym></wpt>
<wpt lat="-38.4202333" lon="145.2737"><name>Whiting</name><desc>Tortiose Head bank
24/12/202510/12/202527/11/20257/11/2025</desc><time>24/12/2025</time><sym>circle,yellow</sym></wpt>
<wpt lat="-38.4215167" lon="145.3852333"><name>Snapper</name><desc>Elizabeth Island
14/11/2025</desc><time>14/11/2025</time><sym>bigfish</sym></wpt>
<wpt lat="-38.4217" lon="145.2731667"><name>Whiting</name><desc>Tortiose Head bank
27/11/20257/11/2025</desc><time>27/11/2025</time><sym>circle,yellow</sym></wpt>
<wpt lat="-38.4231333" lon="145.2770667"><name>Whiting</name><desc>Tortiose Head bank
24/12/202510/12/202527/11/20257/11/2025</desc><time>24/12/2025</time><sym>circle,yellow</sym></wpt>
<wpt lat="-38.4235167" lon="145.2758333"><name>Whiting</name><desc>Tortiose Head bank
24/12/202510/12/202527/11/20257/11/2025</desc><time>24/12/2025</time><sym>circle,yellow</sym></wpt>
<wpt lat="-38.4237" lon="145.3508667"><name>Whiting</name><desc>Ram Island 
14/11/2025</desc><time>14/11/2025</time><sym>circle,yellow</sym></wpt>
<wpt lat="-38.4243" lon="145.1511"><name>Whiting</name><desc>Somers / Balnarring
30/10/2025</desc><time>30/10/2025</time><sym>circle,yellow</sym></wpt>
<wpt lat="-38.42485" lon="145.3495167"><name>Whiting</name><desc>Ram Island 
14/11/2025</desc><time>14/11/2025</time><sym>circle,yellow</sym></wpt>
<wpt lat="-38.4249333" lon="145.0903167"><name>Gummy</name><desc>Point Leo 
30/10/2025</desc><time>30/10/2025</time><sym>bigfish</sym></wpt>
<wpt lat="-38.4255167" lon="145.0975833"><name>Gummy</name><desc>Point Leo 
30/10/2025</desc><time>30/10/2025</time><sym>bigfish</sym></wpt>
<wpt lat="-38.4262833" lon="145.0904833"><name>Gummy</name><desc>Point Leo 
30/10/2025</desc><time>30/10/2025</time><sym>bigfish</sym></wpt>
<wpt lat="-38.42645" lon="145.3755333"><name>Snapper</name><desc>Elizabeth Island
14/11/2025</desc><time>14/11/2025</time><sym>bigfish</sym></wpt>
<wpt lat="-38.4266" lon="145.4237167"><name>Squid</name><desc>Corinella / Coronet 
30/10/2025</desc><time>30/10/2025</time><sym>circle,aqua</sym></wpt>
<wpt lat="-38.4272667" lon="145.2535333"><name>Gummy</name><desc>Tortoise Head buoy 
4/12/2025</desc><time>4/12/2025</time><sym>bigfish</sym></wpt>
<wpt lat="-38.42755" lon="145.3787333"><name>Snapper</name><desc>Elizabeth Island
30/10/2025</desc><time>30/10/2025</time><sym>bigfish</sym></wpt>
<wpt lat="-38.4279333" lon="145.2179833"><name>Gummy</name><desc>Buoy 14
1/01/202610/12/2025</desc><time>1/01/2026</time><sym>bigfish</sym></wpt>
<wpt lat="-38.428" lon="145.2523"><name>Gummy</name><desc>Tortoise Head buoy 
4/12/2025</desc><time>4/12/2025</time><sym>bigfish</sym></wpt>
<wpt lat="-38.4296667" lon="145.2164833"><name>Gummy</name><desc>Buoy 14
10/12/2025</desc><time>10/12/2025</time><sym>bigfish</sym></wpt>
<wpt lat="-38.43065" lon="145.4240667"><name>Whiting</name><desc>Coronet Bay flood ti
14/11/2025</desc><time>14/11/2025</time><sym>circle,yellow</sym></wpt>
<wpt lat="-38.4314833" lon="145.3957"><name>Snapper</name><desc>Elizabeth Island wil
7/11/2025</desc><time>7/11/2025</time><sym>bigfish</sym></wpt>
<wpt lat="-38.4323333" lon="145.3946"><name>Snapper</name><desc>The evening floods w
10/12/2025</desc><time>10/12/2025</time><sym>bigfish</sym></wpt>
<wpt lat="-38.4327667" lon="145.2231167"><name>Gummy</name><desc>Buoy 13
1/01/202610/12/2025</desc><time>1/01/2026</time><sym>bigfish</sym></wpt>
<wpt lat="-38.43315" lon="145.4253333"><name>Squid</name><desc>Corinella / Coronet 
30/10/2025</desc><time>30/10/2025</time><sym>circle,aqua</sym></wpt>
<wpt lat="-38.43345" lon="145.3378667"><name>Snapper</name><desc>Brambles
4/12/2025</desc><time>4/12/2025</time><sym>bigfish</sym></wpt>
<wpt lat="-38.43355" lon="145.0702667"><name>Whiting</name><desc>Point Leo
19/12/202530/10/2025</desc><time>19/12/2025</time><sym>circle,yellow</sym></wpt>
<wpt lat="-38.4338" lon="145.3381667"><name>Snapper</name><desc>The Ram Island area 
10/12/2025</desc><time>10/12/2025</time><sym>bigfish</sym></wpt>
<wpt lat="-38.434" lon="145.0702333"><name>Whiting</name><desc>Point Leo
19/12/202530/10/2025</desc><time>19/12/2025</time><sym>circle,yellow</sym></wpt>
<wpt lat="-38.4343" lon="145.3400167"><name>Snapper</name><desc>The Ram Island area 
10/12/2025</desc><time>10/12/2025</time><sym>bigfish</sym></wpt>
<wpt lat="-38.4349667" lon="145.2839333"><name>Snapper</name><desc>Observation Point an
27/11/2025</desc><time>27/11/2025</time><sym>bigfish</sym></wpt>
<wpt lat="-38.4358333" lon="145.2249833"><name>Gummy</name><desc>Fishing either side 
27/11/2025</desc><time>27/11/2025</time><sym>bigfish</sym></wpt>
<wpt lat="-38.436" lon="145.3241333"><name>Snapper</name><desc>Tisim
4/12/2025</desc><time>4/12/2025</time><sym>bigfish</sym></wpt>
<wpt lat="-38.4360167" lon="145.2752667"><name>Snapper</name><desc>Observation Point an
27/11/2025</desc><time>27/11/2025</time><sym>bigfish</sym></wpt>
<wpt lat="-38.4360833" lon="145.3448"><name>Snapper</name><desc>The Ram Island area 
10/12/2025</desc><time>10/12/2025</time><sym>bigfish</sym></wpt>
<wpt lat="-38.4369667" lon="145.27525"><name>Snapper</name><desc>Observation Point an
7/11/2025</desc><time>7/11/2025</time><sym>bigfish</sym></wpt>
<wpt lat="-38.43705" lon="145.1936167"><name>Gummy</name><desc>Buoy 12
1/01/202610/12/2025</desc><time>1/01/2026</time><sym>bigfish</sym></wpt>
<wpt lat="-38.4375833" lon="145.0688667"><name>Whiting</name><desc>Point Leo
30/10/2025</desc><time>30/10/2025</time><sym>circle,yellow</sym></wpt>
<wpt lat="-38.4388667" lon="145.1209667"><name>Gummy</name><desc>Spring Valley 
30/10/2025</desc><time>30/10/2025</time><sym>bigfish</sym></wpt>
<wpt lat="-38.4388667" lon="145.3458167"><name>Snapper</name><desc>The Ram Island area 
10/12/2025</desc><time>10/12/2025</time><sym>bigfish</sym></wpt>
<wpt lat="-38.4396833" lon="145.4249167"><name>Squid</name><desc>Corinella / Coronet 
30/10/2025</desc><time>30/10/2025</time><sym>circle,aqua</sym></wpt>
<wpt lat="-38.44" lon="145.2812"><name>Snapper</name><desc>Observation Point an
7/11/2025</desc><time>7/11/2025</time><sym>bigfish</sym></wpt>
<wpt lat="-38.4402333" lon="145.2808167"><name>Whiting</name><desc>Also Silverleaves ar
30/10/2025</desc><time>30/10/2025</time><sym>circle,yellow</sym></wpt>
<wpt lat="-38.4404667" lon="145.1082333"><name>Gummy</name><desc>Point Leo 
30/10/2025</desc><time>30/10/2025</time><sym>bigfish</sym></wpt>
<wpt lat="-38.4411167" lon="145.0557833"><name>Whiting</name><desc>Shoreham
19/12/202530/10/2025</desc><time>19/12/2025</time><sym>circle,yellow</sym></wpt>
<wpt lat="-38.44115" lon="145.2254333"><name>Gummy</name><desc>Fishing either side 
27/11/2025</desc><time>27/11/2025</time><sym>bigfish</sym></wpt>
<wpt lat="-38.44115" lon="145.2552667"><name>Gummy</name><desc>Cowes 
4/12/2025</desc><time>4/12/2025</time><sym>bigfish</sym></wpt>
<wpt lat="-38.4411833" lon="145.1135333"><name>Whiting</name><desc>Point Leo
19/12/202530/10/2025</desc><time>19/12/2025</time><sym>circle,yellow</sym></wpt>
<wpt lat="-38.4413333" lon="145.2253333"><name>Gummy</name><desc>Cowes 
4/12/2025</desc><time>4/12/2025</time><sym>bigfish</sym></wpt>
<wpt lat="-38.44145" lon="145.3880333"><name>Snapper</name><desc>The evening floods w
10/12/2025</desc><time>10/12/2025</time><sym>bigfish</sym></wpt>
<wpt lat="-38.4415167" lon="145.2970833"><name>Snapper</name><desc>Observation Point an
27/11/2025</desc><time>27/11/2025</time><sym>bigfish</sym></wpt>
<wpt lat="-38.4421" lon="145.2941833"><name>Snapper</name><desc>Observation Point an
7/11/2025</desc><time>7/11/2025</time><sym>bigfish</sym></wpt>
<wpt lat="-38.44235" lon="145.0589833"><name>Whiting</name><desc>Shoreham
19/12/202530/10/2025</desc><time>19/12/2025</time><sym>circle,yellow</sym></wpt>
<wpt lat="-38.4428333" lon="145.3075"><name>Snapper</name><desc>Observation Point an
27/11/2025</desc><time>27/11/2025</time><sym>bigfish</sym></wpt>
<wpt lat="-38.44285" lon="145.3113833"><name>Snapper</name><desc>Observation Point
4/12/2025</desc><time>4/12/2025</time><sym>bigfish</sym></wpt>
<wpt lat="-38.443" lon="145.2963833"><name>Whiting</name><desc>Observation Point eb
30/10/2025</desc><time>30/10/2025</time><sym>circle,yellow</sym></wpt>
<wpt lat="-38.4435667" lon="145.3077833"><name>Snapper</name><desc>Observation Point an
7/11/2025</desc><time>7/11/2025</time><sym>bigfish</sym></wpt>
<wpt lat="-38.44395" lon="145.2036167"><name>Gummy</name><desc>Red Rocks flood tide
20/11/2025</desc><time>20/11/2025</time><sym>bigfish</sym></wpt>
<wpt lat="-38.4444833" lon="145.2952"><name>Snapper</name><desc>Observation Point 
14/11/2025</desc><time>14/11/2025</time><sym>bigfish</sym></wpt>
<wpt lat="-38.4446667" lon="145.0554667"><name>Whiting</name><desc>Shoreham
19/12/202530/10/2025</desc><time>19/12/2025</time><sym>circle,yellow</sym></wpt>
<wpt lat="-38.4450833" lon="145.2787"><name>Whiting</name><desc>Also Silverleaves ar
30/10/2025</desc><time>30/10/2025</time><sym>circle,yellow</sym></wpt>
<wpt lat="-38.4451" lon="145.3495667"><name>Snapper</name><desc>The Corals has also 
10/12/2025</desc><time>10/12/2025</time><sym>bigfish</sym></wpt>
<wpt lat="-38.4456" lon="145.279"><name>Snapper</name><desc>Silverleaves
4/12/2025</desc><time>4/12/2025</time><sym>bigfish</sym></wpt>
<wpt lat="-38.4459" lon="145.2818"><name>Whiting</name><desc>Also Silverleaves ar
30/10/2025</desc><time>30/10/2025</time><sym>circle,yellow</sym></wpt>
<wpt lat="-38.4463667" lon="145.1692833"><name>Gummy</name><desc>McHaffies flood tide
20/11/2025</desc><time>20/11/2025</time><sym>bigfish</sym></wpt>
<wpt lat="-38.4468" lon="145.4001333"><name>Snapper</name><desc>Coronet Bay night ti
4/12/2025</desc><time>4/12/2025</time><sym>bigfish</sym></wpt>
<wpt lat="-38.4468833" lon="145.2311"><name>Squid</name><desc>Yacht club
1/01/202620/11/2025</desc><time>1/01/2026</time><sym>circle,aqua</sym></wpt>
<wpt lat="-38.4469167" lon="145.1898"><name>Gummy</name><desc>Buoy 11
1/01/202610/12/2025</desc><time>1/01/2026</time><sym>bigfish</sym></wpt>
<wpt lat="-38.4470833" lon="145.1733"><name>Gummy</name><desc>Buoy 10
10/12/2025</desc><time>10/12/2025</time><sym>bigfish</sym></wpt>
<wpt lat="-38.4471" lon="145.2978333"><name>Snapper</name><desc>Observation Point an
27/11/2025</desc><time>27/11/2025</time><sym>bigfish</sym></wpt>
<wpt lat="-38.4472333" lon="145.2975667"><name>Snapper</name><desc>Observation Point 
14/11/2025</desc><time>14/11/2025</time><sym>bigfish</sym></wpt>
<wpt lat="-38.4479333" lon="145.2120167"><name>Squid</name><desc>Merdina Road
1/01/202610/12/20254/12/202520/11/202514/11/2025</desc><time>1/01/2026</time><sym>circle,aqua</sym></wpt>
<wpt lat="-38.4482167" lon="145.30845"><name>Snapper</name><desc>Observation Point
4/12/2025</desc><time>4/12/2025</time><sym>bigfish</sym></wpt>
<wpt lat="-38.4483833" lon="145.2198833"><name>Squid</name><desc>Cowes Ramp
1/01/202620/11/202514/11/2025</desc><time>1/01/2026</time><sym>circle,aqua</sym></wpt>
<wpt lat="-38.4485667" lon="145.1566833"><name>Gummy</name><desc>Buoy 8
1/01/202620/11/2025</desc><time>1/01/2026</time><sym>bigfish</sym></wpt>
<wpt lat="-38.4494" lon="145.3446167"><name>Snapper</name><desc>The Corals has also 
10/12/2025</desc><time>10/12/2025</time><sym>bigfish</sym></wpt>
<wpt lat="-38.4495167" lon="145.3846333"><name>Snapper</name><desc>The evening floods w
10/12/2025</desc><time>10/12/2025</time><sym>bigfish</sym></wpt>
<wpt lat="-38.4497667" lon="145.38435"><name>Snapper</name><desc>Back of the corals
4/12/2025</desc><time>4/12/2025</time><sym>bigfish</sym></wpt>
<wpt lat="-38.45005" lon="145.3621"><name>Snapper</name><desc>The evening run-in t
27/11/2025</desc><time>27/11/2025</time><sym>bigfish</sym></wpt>
<wpt lat="-38.4504167" lon="145.0463833"><name>Squid</name><desc>Shallow
19/12/202514/11/202530/10/2025</desc><time>19/12/2025</time><sym>circle,aqua</sym></wpt>
<wpt lat="-38.4504667" lon="145.2022"><name>Squid</name><desc>Red Rocks point
1/01/202610/12/20254/12/202520/11/202514/11/2025</desc><time>1/01/2026</time><sym>circle,aqua</sym></wpt>
<wpt lat="-38.4514667" lon="145.1806167"><name>Gummy</name><desc>Ventnor
10/12/202520/11/2025</desc><time>10/12/2025</time><sym>bigfish</sym></wpt>
<wpt lat="-38.4515833" lon="145.15635"><name>Gummy</name><desc>Buoy 8
20/11/2025</desc><time>20/11/2025</time><sym>bigfish</sym></wpt>
<wpt lat="-38.4518" lon="145.3732667"><name>Snapper</name><desc>Back of the corals
4/12/2025</desc><time>4/12/2025</time><sym>bigfish</sym></wpt>
<wpt lat="-38.4519667" lon="145.3803833"><name>Snapper</name><desc>The Corals is seemin
20/11/2025</desc><time>20/11/2025</time><sym>bigfish</sym></wpt>
<wpt lat="-38.4521667" lon="145.34985"><name>Snapper</name><desc>The Corals has also 
10/12/2025</desc><time>10/12/2025</time><sym>bigfish</sym></wpt>
<wpt lat="-38.4523167" lon="145.1565"><name>Gummy</name><desc>Buoy 8
20/11/2025</desc><time>20/11/2025</time><sym>bigfish</sym></wpt>
<wpt lat="-38.4523333" lon="145.3735667"><name>Snapper</name><desc>The evening floods w
10/12/2025</desc><time>10/12/2025</time><sym>bigfish</sym></wpt>
<wpt lat="-38.4524333" lon="145.3339667"><name>Snapper</name><desc>The Corals is seemin
20/11/2025</desc><time>20/11/2025</time><sym>bigfish</sym></wpt>
<wpt lat="-38.4530833" lon="145.1721167"><name>Gummy</name><desc>Ventnor
10/12/202520/11/2025</desc><time>10/12/2025</time><sym>bigfish</sym></wpt>
<wpt lat="-38.4539167" lon="145.3534167"><name>Snapper</name><desc>The Corals is seemin
20/11/2025</desc><time>20/11/2025</time><sym>bigfish</sym></wpt>
<wpt lat="-38.4539167" lon="145.3535833"><name>Snapper</name><desc>The evening run-in t
27/11/2025</desc><time>27/11/2025</time><sym>bigfish</sym></wpt>
<wpt lat="-38.4545" lon="145.3535167"><name>Snapper</name><desc>The Corals will fish
14/11/2025</desc><time>14/11/2025</time><sym>bigfish</sym></wpt>
<wpt lat="-38.45465" lon="145.3172167"><name>Snapper</name><desc>Observation Point 
14/11/2025</desc><time>14/11/2025</time><sym>bigfish</sym></wpt>
<wpt lat="-38.4551" lon="145.1928833"><name>Squid</name><desc>Ventnor 
10/12/20254/12/202520/11/2025</desc><time>10/12/2025</time><sym>circle,aqua</sym></wpt>
<wpt lat="-38.4552333" lon="145.3093"><name>Whiting</name><desc>Observation Point eb
30/10/2025</desc><time>30/10/2025</time><sym>circle,yellow</sym></wpt>
<wpt lat="-38.45545" lon="145.1927667"><name>Squid</name><desc>Ventnor 
1/01/202610/12/20254/12/202520/11/2025</desc><time>1/01/2026</time><sym>circle,aqua</sym></wpt>
<wpt lat="-38.455883299999996" lon="145.1682167"><name>Gummy</name><desc>McHaffies flood tide
20/11/2025</desc><time>20/11/2025</time><sym>bigfish</sym></wpt>
<wpt lat="-38.45755" lon="145.3518167"><name>Snapper</name><desc>The Corals will fish
14/11/2025</desc><time>14/11/2025</time><sym>bigfish</sym></wpt>
<wpt lat="-38.4579167" lon="145.3671667"><name>Snapper</name><desc>The evening run-in t
27/11/2025</desc><time>27/11/2025</time><sym>bigfish</sym></wpt>
<wpt lat="-38.4598833" lon="145.17775"><name>Squid</name><desc>Ventnor 
10/12/20254/12/202520/11/2025</desc><time>10/12/2025</time><sym>circle,aqua</sym></wpt>
<wpt lat="-38.4601167" lon="145.0400833"><name>Squid</name><desc>Shallow
19/12/202514/11/202530/10/2025</desc><time>19/12/2025</time><sym>circle,aqua</sym></wpt>
<wpt lat="-38.46115" lon="145.0929333"><name>Gummy</name><desc>Shoreham
30/10/2025</desc><time>30/10/2025</time><sym>bigfish</sym></wpt>
<wpt lat="-38.4612667" lon="145.3484833"><name>Snapper</name><desc>The Corals will fish
14/11/2025</desc><time>14/11/2025</time><sym>bigfish</sym></wpt>
<wpt lat="-38.46335" lon="145.3157833"><name>Whiting</name><desc>Rhyll ebb tide
14/11/2025</desc><time>14/11/2025</time><sym>circle,yellow</sym></wpt>
<wpt lat="-38.4638" lon="145.0365333"><name>Squid</name><desc>Shallow
19/12/202514/11/202530/10/2025</desc><time>19/12/2025</time><sym>circle,aqua</sym></wpt>
<wpt lat="-38.4653333" lon="145.3148"><name>Whiting</name><desc>Rhyll ebb tide
14/11/2025</desc><time>14/11/2025</time><sym>circle,yellow</sym></wpt>
<wpt lat="-38.4653667" lon="145.15185"><name>Gummy</name><desc>McHaffies flood tide
1/01/202620/11/2025</desc><time>1/01/2026</time><sym>bigfish</sym></wpt>
<wpt lat="-38.4658167" lon="145.3955"><name>Squid</name><desc>Reef Island 
30/10/202530/10/202530/10/202530/10/2025</desc><time>30/10/2025</time><sym>circle,aqua</sym></wpt>
<wpt lat="-38.4665833" lon="145.3253667"><name>Whiting</name><desc>Rhyll ebb tide
14/11/2025</desc><time>14/11/2025</time><sym>circle,yellow</sym></wpt>
<wpt lat="-38.4666833" lon="145.1492167"><name>Gummy</name><desc>Hen and chickens gut
1/01/202620/11/2025</desc><time>1/01/2026</time><sym>bigfish</sym></wpt>
<wpt lat="-38.46965" lon="145.1589667"><name>Squid</name><desc>Hen and chickens
4/12/202520/11/2025</desc><time>4/12/2025</time><sym>circle,aqua</sym></wpt>
<wpt lat="-38.46975" lon="145.1607"><name>Squid</name><desc>Hen and chickens
1/01/20264/12/202520/11/2025</desc><time>1/01/2026</time><sym>circle,aqua</sym></wpt>
<wpt lat="-38.4716667" lon="145.1576833"><name>Squid</name><desc>Hen and chickens
1/01/20264/12/202520/11/2025</desc><time>1/01/2026</time><sym>circle,aqua</sym></wpt>
<wpt lat="-38.4720667" lon="145.39948329999999"><name>Squid</name><desc>Reef Island 
30/10/202530/10/202530/10/202530/10/2025</desc><time>30/10/2025</time><sym>circle,aqua</sym></wpt>
<wpt lat="-38.4730833" lon="145.0410333"><name>Squid</name><desc>Ten Metre Ledge
19/12/202514/11/202530/10/2025</desc><time>19/12/2025</time><sym>circle,aqua</sym></wpt>
<wpt lat="-38.4752667" lon="145.0335833"><name>Whiting</name><desc>Flinders
19/12/202530/10/2025</desc><time>19/12/2025</time><sym>circle,yellow</sym></wpt>
<wpt lat="-38.4758167" lon="145.0337333"><name>Whiting</name><desc>Flinders
19/12/202530/10/2025</desc><time>19/12/2025</time><sym>circle,yellow</sym></wpt>
<wpt lat="-38.4760167" lon="145.4028333"><name>Squid</name><desc>Reef Island 
30/10/202530/10/202530/10/202530/10/2025</desc><time>30/10/2025</time><sym>circle,aqua</sym></wpt>
<wpt lat="-38.4772167" lon="145.0372167"><name>Squid</name><desc>Ten Metre Ledge
19/12/202514/11/202530/10/2025</desc><time>19/12/2025</time><sym>circle,aqua</sym></wpt>
<wpt lat="-38.4777667" lon="145.03185"><name>Whiting</name><desc>Flinders
19/12/202530/10/2025</desc><time>19/12/2025</time><sym>circle,yellow</sym></wpt>
<wpt lat="-38.4786167" lon="145.03315"><name>Whiting</name><desc>Flinders
19/12/202530/10/2025</desc><time>19/12/2025</time><sym>circle,yellow</sym></wpt>
<wpt lat="-38.4787833" lon="145.0335"><name>Whiting</name><desc>Flinders
19/12/202530/10/2025</desc><time>19/12/2025</time><sym>circle,yellow</sym></wpt>
<wpt lat="-38.48365" lon="145.0428167"><name>Squid</name><desc>Ten Metre Ledge
19/12/202514/11/202530/10/2025</desc><time>19/12/2025</time><sym>circle,aqua</sym></wpt>
<wpt lat="-38.4887667" lon="144.8377667"><name>Scallops</name><desc>We know more and mor
20/11/2025</desc><time>20/11/2025</time><sym>circle,green</sym></wpt>
<wpt lat="-38.4920333" lon="145.0510667"><name>Squid</name><desc>Out Wide
19/12/202530/10/2025</desc><time>19/12/2025</time><sym>circle,aqua</sym></wpt>
<wpt lat="-38.4931" lon="145.0435667"><name>Squid</name><desc>Out Wide
19/12/202530/10/2025</desc><time>19/12/2025</time><sym>circle,aqua</sym></wpt>
<wpt lat="-38.49795" lon="145.0429167"><name>Squid</name><desc>Out Wide
19/12/202530/10/2025</desc><time>19/12/2025</time><sym>circle,aqua</sym></wpt>
<wpt lat="-38.5004333" lon="145.1435833"><name>Squid</name><desc>Cat Bay
1/01/202630/10/2025</desc><time>1/01/2026</time><sym>circle,aqua</sym></wpt>
<wpt lat="-38.5031" lon="145.1423333"><name>Squid</name><desc>Cat Bay
30/10/2025</desc><time>30/10/2025</time><sym>circle,aqua</sym></wpt>
<wpt lat="-38.5034" lon="145.0642833"><name>Gummy</name><desc>Flinders Lump
10/12/2025</desc><time>10/12/2025</time><sym>bigfish</sym></wpt>
<wpt lat="-38.5034" lon="145.0642833"><name>Snapper</name><desc>Flinders lump 
19/12/2025</desc><time>19/12/2025</time><sym>bigfish</sym></wpt>
<wpt lat="-38.5034333" lon="144.95285"><name>Gummy</name><desc>Picnic Point
10/12/2025</desc><time>10/12/2025</time><sym>bigfish</sym></wpt>
<wpt lat="-38.5044667" lon="145.1412167"><name>Squid</name><desc>Cat Bay
30/10/2025</desc><time>30/10/2025</time><sym>circle,aqua</sym></wpt>
<wpt lat="-38.5059333" lon="144.9199333"><name>Gummy</name><desc>Picnic Point
10/12/2025</desc><time>10/12/2025</time><sym>bigfish</sym></wpt>
<wpt lat="-38.5061833" lon="144.9204"><name>Gummy</name><desc>Picnic Point
1/01/202610/12/2025</desc><time>1/01/2026</time><sym>bigfish</sym></wpt>
<wpt lat="-38.5101833" lon="144.8854833"><name>Gummy</name><desc>Cape Schank
1/01/202610/12/2025</desc><time>1/01/2026</time><sym>bigfish</sym></wpt>
<wpt lat="-38.5112333" lon="145.02395"><name>Gummy</name><desc>West Head
1/01/202610/12/2025</desc><time>1/01/2026</time><sym>bigfish</sym></wpt>
<wpt lat="-38.5112333" lon="145.02395"><name>Snapper</name><desc>West Head 
19/12/2025</desc><time>19/12/2025</time><sym>bigfish</sym></wpt>
<wpt lat="-38.5124" lon="144.8765667"><name>Gummy</name><desc>Cape Schank
10/12/2025</desc><time>10/12/2025</time><sym>bigfish</sym></wpt>
<wpt lat="-38.5126" lon="145.0238667"><name>Gummy</name><desc>Flinders golf course
10/12/2025</desc><time>10/12/2025</time><sym>bigfish</sym></wpt>
<wpt lat="-38.5126" lon="145.0238667"><name>Snapper</name><desc>Flinders golf course
19/12/2025</desc><time>19/12/2025</time><sym>bigfish</sym></wpt>
<wpt lat="-38.518" lon="144.9188"><name>Gummy</name><desc>Picnic Point
1/01/202610/12/2025</desc><time>1/01/2026</time><sym>bigfish</sym></wpt>
<wpt lat="-38.5189833" lon="144.9474833"><name>Gummy</name><desc>Cairns Bay
1/01/202610/12/2025</desc><time>1/01/2026</time><sym>bigfish</sym></wpt>
<wpt lat="-38.5211167" lon="144.8937"><name>Gummy</name><desc>Cape Schank
10/12/2025</desc><time>10/12/2025</time><sym>bigfish</sym></wpt>
<wpt lat="-38.5213333" lon="144.9840667"><name>Gummy</name><desc>Flinders
1/01/202610/12/2025</desc><time>1/01/2026</time><sym>bigfish</sym></wpt>
<wpt lat="-38.5213333" lon="144.9840667"><name>Snapper</name><desc>Flinders 
19/12/2025</desc><time>19/12/2025</time><sym>bigfish</sym></wpt>
<wpt lat="-38.5219833" lon="144.8908167"><name>Gummy</name><desc>Cape Schank
10/12/2025</desc><time>10/12/2025</time><sym>bigfish</sym></wpt>
<wpt lat="-38.5223333" lon="145.0053667"><name>Gummy</name><desc>Flinders golf course
1/01/202610/12/2025</desc><time>1/01/2026</time><sym>bigfish</sym></wpt>
<wpt lat="-38.5223333" lon="145.0053667"><name>Snapper</name><desc>Flinders golf course
19/12/2025</desc><time>19/12/2025</time><sym>bigfish</sym></wpt>
<wpt lat="-38.5226667" lon="144.8620167"><name>Gummy</name><desc>Cape Schank
1/01/202610/12/2025</desc><time>1/01/2026</time><sym>bigfish</sym></wpt>
<wpt lat="-38.5227333" lon="144.8615833"><name>Gummy</name><desc>Cape Schank
1/01/202610/12/2025</desc><time>1/01/2026</time><sym>bigfish</sym></wpt>
<wpt lat="-38.5229667" lon="145.3492667"><name>Squid</name><desc>Clealand Bight 
24/12/202527/11/202514/11/202530/10/2025</desc><time>24/12/2025</time><sym>circle,aqua</sym></wpt>
<wpt lat="-38.52845" lon="144.9567833"><name>Gummy</name><desc>Cairns Bay
1/01/202610/12/2025</desc><time>1/01/2026</time><sym>bigfish</sym></wpt>
<wpt lat="-38.5294833" lon="145.3559"><name>Squid</name><desc>Clealand Bight 
27/11/202514/11/202530/10/2025</desc><time>27/11/2025</time><sym>circle,aqua</sym></wpt>
<wpt lat="-38.5340833" lon="145.34325"><name>Squid</name><desc>Clealand Bight 
24/12/202514/11/202530/10/2025</desc><time>24/12/2025</time><sym>circle,aqua</sym></wpt>
<wpt lat="-38.5341" lon="145.3522833"><name>Squid</name><desc>Clealand Bight 
24/12/202514/11/202530/10/2025</desc><time>24/12/2025</time><sym>circle,aqua</sym></wpt>
<wpt lat="-38.53655" lon="145.3499"><name>Squid</name><desc>Clealand Bight 
24/12/202527/11/202514/11/202530/10/2025</desc><time>24/12/2025</time><sym>circle,aqua</sym></wpt>
<wpt lat="-38.5377167" lon="145.3460833"><name>Squid</name><desc>Clealand Bight 
24/12/202514/11/202530/10/2025</desc><time>24/12/2025</time><sym>circle,aqua</sym></wpt>
<wpt lat="-38.5444667" lon="145.3516167"><name>Squid</name><desc>Clealand Bight 
27/11/202530/10/2025</desc><time>27/11/2025</time><sym>circle,aqua</sym></wpt>
<wpt lat="-38.5472667" lon="145.0350667"><name>Gummy</name><desc>Flinders Bank
10/12/2025</desc><time>10/12/2025</time><sym>bigfish</sym></wpt>
<wpt lat="-38.5472667" lon="145.0350667"><name>Snapper</name><desc>Flinders bank
19/12/2025</desc><time>19/12/2025</time><sym>bigfish</sym></wpt>
<wpt lat="-38.5487" lon="145.3567"><name>Squid</name><desc>Clealand Bight 
27/11/202530/10/2025</desc><time>27/11/2025</time><sym>circle,aqua</sym></wpt>
<wpt lat="-38.6991833" lon="146.35115"><name>Squid</name><desc>Toora 
10/12/20254/12/202530/10/2025</desc><time>10/12/2025</time><sym>circle,aqua</sym></wpt>
<wpt lat="-38.701" lon="146.4247667"><name>Whiting</name><desc>Possum Island 
10/12/20254/12/202530/10/2025</desc><time>10/12/2025</time><sym>circle,yellow</sym></wpt>
<wpt lat="-38.7051667" lon="146.35565"><name>Squid</name><desc>Toora 
30/10/2025</desc><time>30/10/2025</time><sym>circle,aqua</sym></wpt>
<wpt lat="-38.70685" lon="146.4704667"><name>Squid</name><desc>Little Snake Island
10/12/20254/12/2025</desc><time>10/12/2025</time><sym>circle,aqua</sym></wpt>
<wpt lat="-38.7075167" lon="146.4398167"><name>Whiting</name><desc>Possum Island 
10/12/20254/12/202530/10/2025</desc><time>10/12/2025</time><sym>circle,yellow</sym></wpt>
<wpt lat="-38.7075667" lon="146.46805"><name>Squid</name><desc>Little Snake Island
30/10/2025</desc><time>30/10/2025</time><sym>circle,aqua</sym></wpt>
<wpt lat="-38.70835" lon="146.4566833"><name>Whiting</name><desc>Little Snake Island 
10/12/20254/12/2025</desc><time>10/12/2025</time><sym>circle,yellow</sym></wpt>
<wpt lat="-38.7086833" lon="146.4451667"><name>Squid</name><desc>Little Snake Island
10/12/20254/12/202530/10/2025</desc><time>10/12/2025</time><sym>circle,aqua</sym></wpt>
<wpt lat="-38.7091167" lon="146.4524333"><name>Whiting</name><desc>Little Snake Island 
10/12/20254/12/2025</desc><time>10/12/2025</time><sym>circle,yellow</sym></wpt>
<wpt lat="-38.7099" lon="146.43435"><name>Whiting</name><desc>Possum Island 
10/12/20254/12/202530/10/2025</desc><time>10/12/2025</time><sym>circle,yellow</sym></wpt>
<wpt lat="-38.7156833" lon="146.4299833"><name>Whiting</name><desc>Possum Island 
10/12/20254/12/202530/10/2025</desc><time>10/12/2025</time><sym>circle,yellow</sym></wpt>
<wpt lat="-38.7167167" lon="146.4247167"><name>Squid</name><desc>The Lewis Channel
10/12/20254/12/202530/10/2025</desc><time>10/12/2025</time><sym>circle,aqua</sym></wpt>
<wpt lat="-38.7213" lon="146.4293167"><name>Squid</name><desc>The Lewis Channel
10/12/20254/12/2025</desc><time>10/12/2025</time><sym>circle,aqua</sym></wpt>
<wpt lat="-38.7228667" lon="146.4669333"><name>Whiting</name><desc>Swashway top of the 
30/10/2025</desc><time>30/10/2025</time><sym>circle,yellow</sym></wpt>
<wpt lat="-38.7289333" lon="146.4607333"><name>Whiting</name><desc>Swashway top of the 
30/10/2025</desc><time>30/10/2025</time><sym>circle,yellow</sym></wpt>
<wpt lat="-38.7319667" lon="146.3900667"><name>Squid</name><desc>Toora 
30/10/2025</desc><time>30/10/2025</time><sym>circle,aqua</sym></wpt>
<wpt lat="-38.73425" lon="146.4530833"><name>Whiting</name><desc>Swashway top of the 
30/10/2025</desc><time>30/10/2025</time><sym>circle,yellow</sym></wpt>
<wpt lat="-38.7406" lon="146.4304667"><name>Squid</name><desc>The Lewis channel
30/10/2025</desc><time>30/10/2025</time><sym>circle,aqua</sym></wpt>
<wpt lat="-38.7415" lon="146.4000333"><name>Squid</name><desc>Toora 
10/12/20254/12/202530/10/2025</desc><time>10/12/2025</time><sym>circle,aqua</sym></wpt>
<wpt lat="-38.7481" lon="146.4454833"><name>Squid</name><desc>Snake Island 
30/10/2025</desc><time>30/10/2025</time><sym>circle,aqua</sym></wpt>
<wpt lat="-38.7485167" lon="146.4440667"><name>Squid</name><desc>Snake Island 
10/12/20254/12/202530/10/2025</desc><time>10/12/2025</time><sym>circle,aqua</sym></wpt>
<wpt lat="-38.7499167" lon="146.4462"><name>Whiting</name><desc>Snake Island
10/12/20254/12/2025</desc><time>10/12/2025</time><sym>circle,yellow</sym></wpt>
<wpt lat="-38.7509833" lon="146.4467667"><name>Squid</name><desc>Snake Island 
10/12/20254/12/202530/10/2025</desc><time>10/12/2025</time><sym>circle,aqua</sym></wpt>
<wpt lat="-38.7512333" lon="146.4394333"><name>Squid</name><desc>Snake Island 
30/10/2025</desc><time>30/10/2025</time><sym>circle,aqua</sym></wpt>
<wpt lat="-38.75235" lon="146.3274"><name>Snapper</name><desc>Franklin
4/12/2025</desc><time>4/12/2025</time><sym>bigfish</sym></wpt>
<wpt lat="-38.75235" lon="146.3274"><name>Whiting</name><desc>Franklin
10/12/2025</desc><time>10/12/2025</time><sym>circle,yellow</sym></wpt>
<wpt lat="-38.7564333" lon="146.4660667"><name>Squid</name><desc>Snake Island 
10/12/20254/12/202530/10/2025</desc><time>10/12/2025</time><sym>circle,aqua</sym></wpt>
<wpt lat="-38.7588333" lon="146.2978167"><name>Whiting</name><desc>Doughboy Channel
30/10/2025</desc><time>30/10/2025</time><sym>circle,yellow</sym></wpt>
<wpt lat="-38.7600333" lon="146.35655"><name>Snapper</name><desc>Franklin
4/12/2025</desc><time>4/12/2025</time><sym>bigfish</sym></wpt>
<wpt lat="-38.7600333" lon="146.35655"><name>Whiting</name><desc>Franklin
10/12/2025</desc><time>10/12/2025</time><sym>circle,yellow</sym></wpt>
<wpt lat="-38.7617333" lon="146.4523833"><name>Snapper</name><desc>Snake Island edge of
4/12/2025</desc><time>4/12/2025</time><sym>bigfish</sym></wpt>
<wpt lat="-38.7617333" lon="146.4523833"><name>Whiting</name><desc>Snake Island - edge 
10/12/2025</desc><time>10/12/2025</time><sym>circle,yellow</sym></wpt>
<wpt lat="-38.7621833" lon="146.4521167"><name>Snapper</name><desc>Snake Island edge of
4/12/2025</desc><time>4/12/2025</time><sym>bigfish</sym></wpt>
<wpt lat="-38.7621833" lon="146.4521167"><name>Whiting</name><desc>Snake Island - edge 
10/12/2025</desc><time>10/12/2025</time><sym>circle,yellow</sym></wpt>
<wpt lat="-38.7623667" lon="146.4268167"><name>Whiting</name><desc>Franklin Channel
30/10/2025</desc><time>30/10/2025</time><sym>circle,yellow</sym></wpt>
<wpt lat="-38.7629667" lon="146.4231333"><name>Snapper</name><desc>Franklin
4/12/2025</desc><time>4/12/2025</time><sym>bigfish</sym></wpt>
<wpt lat="-38.7629667" lon="146.4231333"><name>Whiting</name><desc>Franklin
10/12/2025</desc><time>10/12/2025</time><sym>circle,yellow</sym></wpt>
<wpt lat="-38.76375" lon="146.4584"><name>Snapper</name><desc>Snake Island edge of
4/12/2025</desc><time>4/12/2025</time><sym>bigfish</sym></wpt>
<wpt lat="-38.76375" lon="146.4584"><name>Whiting</name><desc>Snake Island - edge 
10/12/2025</desc><time>10/12/2025</time><sym>circle,yellow</sym></wpt>
<wpt lat="-38.7654333" lon="146.46085"><name>Whiting</name><desc>Snake Island edge
30/10/2025</desc><time>30/10/2025</time><sym>circle,yellow</sym></wpt>
<wpt lat="-38.76615" lon="146.2787833"><name>Snapper</name><desc>Dough Boy
4/12/2025</desc><time>4/12/2025</time><sym>bigfish</sym></wpt>
<wpt lat="-38.76645" lon="146.37485"><name>Snapper</name><desc>Franklin
4/12/2025</desc><time>4/12/2025</time><sym>bigfish</sym></wpt>
<wpt lat="-38.76645" lon="146.37485"><name>Whiting</name><desc>Franklin
10/12/2025</desc><time>10/12/2025</time><sym>circle,yellow</sym></wpt>
<wpt lat="-38.7664833" lon="146.44435"><name>Whiting</name><desc>Benison Spit
30/10/2025</desc><time>30/10/2025</time><sym>circle,yellow</sym></wpt>
<wpt lat="-38.7680667" lon="146.46155"><name>Whiting</name><desc>Snake Island edge
30/10/2025</desc><time>30/10/2025</time><sym>circle,yellow</sym></wpt>
<wpt lat="-38.76895" lon="146.4505667"><name>Whiting</name><desc>Benison Spit
30/10/2025</desc><time>30/10/2025</time><sym>circle,yellow</sym></wpt>
<wpt lat="-38.769883300000004" lon="146.44345"><name>Snapper</name><desc>Benison Spit
4/12/2025</desc><time>4/12/2025</time><sym>bigfish</sym></wpt>
<wpt lat="-38.769883300000004" lon="146.44345"><name>Whiting</name><desc>Benison Spit
10/12/2025</desc><time>10/12/2025</time><sym>circle,yellow</sym></wpt>
<wpt lat="-38.7715" lon="146.4562833"><name>Snapper</name><desc>Singapore deep
4/12/2025</desc><time>4/12/2025</time><sym>bigfish</sym></wpt>
<wpt lat="-38.7715" lon="146.4562833"><name>Whiting</name><desc>Singapore Deep
10/12/2025</desc><time>10/12/2025</time><sym>circle,yellow</sym></wpt>
<wpt lat="-38.77735" lon="146.4934333"><name>Whiting</name><desc>Bentley Point
30/10/2025</desc><time>30/10/2025</time><sym>circle,yellow</sym></wpt>
<wpt lat="-38.7775333" lon="146.49175"><name>Snapper</name><desc>Bently Point
4/12/2025</desc><time>4/12/2025</time><sym>bigfish</sym></wpt>
<wpt lat="-38.7775333" lon="146.49175"><name>Whiting</name><desc>Bently Point
10/12/2025</desc><time>10/12/2025</time><sym>circle,yellow</sym></wpt>
<wpt lat="-38.77995" lon="146.4782833"><name>Whiting</name><desc>Entrance Point
30/10/2025</desc><time>30/10/2025</time><sym>circle,yellow</sym></wpt>
<wpt lat="-38.7805833" lon="146.4758333"><name>Whiting</name><desc>Entrance Point
30/10/2025</desc><time>30/10/2025</time><sym>circle,yellow</sym></wpt>
<wpt lat="-38.7818333" lon="146.4789833"><name>Snapper</name><desc>Buoy 6
4/12/2025</desc><time>4/12/2025</time><sym>bigfish</sym></wpt>
<wpt lat="-38.7818333" lon="146.4789833"><name>Whiting</name><desc>Buoy 6
10/12/2025</desc><time>10/12/2025</time><sym>circle,yellow</sym></wpt>
<wpt lat="-38.7855" lon="146.4833833"><name>Snapper</name><desc>Buoy 6
4/12/2025</desc><time>4/12/2025</time><sym>bigfish</sym></wpt>
<wpt lat="-38.7855" lon="146.4833833"><name>Whiting</name><desc>Buoy 6
10/12/2025</desc><time>10/12/2025</time><sym>circle,yellow</sym></wpt>
<wpt lat="-38.7856" lon="146.42905"><name>Whiting</name><desc>Bennison Channel
10/12/20254/12/202530/10/2025</desc><time>10/12/2025</time><sym>circle,yellow</sym></wpt>
<wpt lat="-38.7866667" lon="146.4244333"><name>Whiting</name><desc>Bennison Channel
10/12/20254/12/202530/10/2025</desc><time>10/12/2025</time><sym>circle,yellow</sym></wpt>
<wpt lat="-38.78795" lon="146.5071"><name>Snapper</name><desc>Bently Point
4/12/2025</desc><time>4/12/2025</time><sym>bigfish</sym></wpt>
<wpt lat="-38.78795" lon="146.5071"><name>Whiting</name><desc>Bently Point
10/12/2025</desc><time>10/12/2025</time><sym>circle,yellow</sym></wpt>
<wpt lat="-38.7919333" lon="146.5053333"><name>Whiting</name><desc>Buoy 4
30/10/2025</desc><time>30/10/2025</time><sym>circle,yellow</sym></wpt>
<wpt lat="-38.7931667" lon="146.5097"><name>Snapper</name><desc>Bently Point
4/12/2025</desc><time>4/12/2025</time><sym>bigfish</sym></wpt>
<wpt lat="-38.7931667" lon="146.5097"><name>Whiting</name><desc>Bently Point
10/12/2025</desc><time>10/12/2025</time><sym>circle,yellow</sym></wpt>
<wpt lat="-38.7944667" lon="146.5516667"><name>Whiting</name><desc>Bentley Harbour
30/10/2025</desc><time>30/10/2025</time><sym>circle,yellow</sym></wpt>
<wpt lat="-38.7947333" lon="146.5507333"><name>Whiting</name><desc>Bently Harbour
10/12/2025</desc><time>10/12/2025</time><sym>circle,yellow</sym></wpt>
<wpt lat="-38.7956667" lon="146.4955333"><name>Snapper</name><desc>Buoy 4
4/12/2025</desc><time>4/12/2025</time><sym>bigfish</sym></wpt>
<wpt lat="-38.7957667" lon="146.4957833"><name>Whiting</name><desc>Buoy 4
30/10/2025</desc><time>30/10/2025</time><sym>circle,yellow</sym></wpt>
<wpt lat="-38.80185" lon="146.5096167"><name>Snapper</name><desc>Buoy 4
4/12/2025</desc><time>4/12/2025</time><sym>bigfish</sym></wpt>
<wpt lat="-38.8149333" lon="146.32245"><name>Whiting</name><desc>Middle Channel
30/10/2025</desc><time>30/10/2025</time><sym>circle,yellow</sym></wpt>
<wpt lat="-38.83915" lon="146.3615833"><name>Whiting</name><desc>Benison Channel
30/10/2025</desc><time>30/10/2025</time><sym>circle,yellow</sym></wpt>
<wpt lat="-38.8794333" lon="146.7070833"><name>Whiting</name><desc>OFFHSORE FLATHEAD
30/10/2025</desc><time>30/10/2025</time><sym>circle,yellow</sym></wpt>
<wpt lat="-38.90945" lon="146.5942833"><name>Whiting</name><desc>OFFHSORE FLATHEAD
30/10/2025</desc><time>30/10/2025</time><sym>circle,yellow</sym></wpt>
<wpt lat="-38.9103" lon="146.5550333"><name>Whiting</name><desc>OFFHSORE FLATHEAD
30/10/2025</desc><time>30/10/2025</time><sym>circle,yellow</sym></wpt>
<wpt lat="-38.9114667" lon="146.6026667"><name>Snapper</name><desc>Ovals
1/01/2026</desc><time>1/01/2026</time><sym>bigfish</sym></wpt>
<wpt lat="-38.9114667" lon="146.6026667"><name>Whiting</name><desc>The Ovals
30/10/2025</desc><time>30/10/2025</time><sym>circle,yellow</sym></wpt>
<wpt lat="-38.9372167" lon="146.64565"><name>Snapper</name><desc>Seal Island
1/01/20261/01/2026</desc><time>1/01/2026</time><sym>bigfish</sym></wpt>
<wpt lat="-38.9372167" lon="146.64565"><name>Whiting</name><desc>Seal Ledge
30/10/2025</desc><time>30/10/2025</time><sym>circle,yellow</sym></wpt>
<wpt lat="-38.9424333" lon="146.6992667"><name>Whiting</name><desc>Cliffy Gummies 
30/10/2025</desc><time>30/10/2025</time><sym>circle,yellow</sym></wpt>
<wpt lat="-38.94995" lon="146.6869833"><name>Whiting</name><desc>Rag Island
30/10/2025</desc><time>30/10/2025</time><sym>circle,yellow</sym></wpt>
<wpt lat="-38.9548833" lon="146.6651833"><name>Whiting</name><desc>Rag Island ledge 
30/10/2025</desc><time>30/10/2025</time><sym>circle,yellow</sym></wpt>
<wpt lat="-38.98035" lon="146.6713833"><name>Whiting</name><desc>OFFHSORE FLATHEAD
30/10/2025</desc><time>30/10/2025</time><sym>circle,yellow</sym></wpt>
<wpt lat="-37.5198333710432" lon="149.76883334107697"><name>POI</name><desc>
25/08/2025</desc><time>25/08/2025</time><sym>flagbuoy</sym></wpt>
<wpt lat="-37.522166641429" lon="149.75700002163649"><name>POI</name><desc>
25/08/2025</desc><time>25/08/2025</time><sym>flagbuoy</sym></wpt>
<wpt lat="-37.524666627869" lon="149.75716665387154"><name>POI</name><desc>
25/08/2025</desc><time>25/08/2025</time><sym>flagbuoy</sym></wpt>
<wpt lat="-37.5371666438877" lon="149.77066663093865"><name>POI</name><desc>
25/08/2025</desc><time>25/08/2025</time><sym>flagbuoy</sym></wpt>
<wpt lat="-38.1938166730105" lon="145.06523324176669"><name>Squid</name><desc>
3/06/2025</desc><time>3/06/2025</time><sym>circle,aqua</sym></wpt>
<wpt lat="-38.1942999735474" lon="145.06564990617335"><name>Squid</name><desc>
3/06/2025</desc><time>3/06/2025</time><sym>circle,aqua</sym></wpt>
<wpt lat="-38.255649972707" lon="145.30179988592863"><name>Whiting</name><desc>
3/06/2025</desc><time>3/06/2025</time><sym>circle,yellow</sym></wpt>
<wpt lat="-38.2558332849293" lon="145.30094987712801"><name>Whiting</name><desc>
3/06/2025</desc><time>3/06/2025</time><sym>circle,yellow</sym></wpt>
<wpt lat="-38.2567688729614" lon="145.30602402985096"><name>Flathead</name><desc>
13/06/2025</desc><time>13/06/2025</time><sym>circle,yellow</sym></wpt>
<wpt lat="-38.2573080807924" lon="145.30447404831648"><name>Leather Jacket</name><desc>
20/06/2025</desc><time>20/06/2025</time><sym>circle,yellow</sym></wpt>
<wpt lat="-38.2573167141526" lon="145.29733316972852"><name>Squid</name><desc>
3/06/2025</desc><time>3/06/2025</time><sym>circle,aqua</sym></wpt>
<wpt lat="-38.2574514951556" lon="145.29881928116083"><name>Squid</name><desc>
7/06/2025</desc><time>7/06/2025</time><sym>circle,aqua</sym></wpt>
<wpt lat="-38.257500026375" lon="145.29884987510741"><name>Squid</name><desc>
3/06/2025</desc><time>3/06/2025</time><sym>circle,aqua</sym></wpt>
<wpt lat="-38.257560878992" lon="145.29934306629002"><name>Grass Whiting</name><desc>
7/06/2025</desc><time>7/06/2025</time><sym>circle,yellow</sym></wpt>
<wpt lat="-38.2576176244765" lon="145.29744892381132"><name>Squid</name><desc>
29/07/2025</desc><time>29/07/2025</time><sym>circle,aqua</sym></wpt>
<wpt lat="-38.2576358132064" lon="145.29749225825071"><name>Squid</name><desc>
29/07/2025</desc><time>29/07/2025</time><sym>circle,aqua</sym></wpt>
<wpt lat="-38.2578480429947" lon="145.30001387000084"><name>Squid</name><desc>
13/08/2025</desc><time>13/08/2025</time><sym>circle,aqua</sym></wpt>
<wpt lat="-38.2579687424004" lon="145.2883545588702"><name>Squid</name><desc>
29/07/2025</desc><time>29/07/2025</time><sym>circle,aqua</sym></wpt>
<wpt lat="-38.2582126557827" lon="145.28741109184921"><name>Squid</name><desc>
30/07/2025</desc><time>30/07/2025</time><sym>circle,aqua</sym></wpt>
<wpt lat="-38.2584710698574" lon="145.27814623899758"><name>Squid</name><desc>
30/07/2025</desc><time>30/07/2025</time><sym>circle,aqua</sym></wpt>
<wpt lat="-38.2585168350487" lon="145.30506891198456"><name>Leather Jacket</name><desc>
14/06/2025</desc><time>14/06/2025</time><sym>circle,yellow</sym></wpt>
<wpt lat="-38.2585297431796" lon="145.31153286807239"><name>Whiting</name><desc>
27/06/2025</desc><time>27/06/2025</time><sym>circle,yellow</sym></wpt>
<wpt lat="-38.2585852313786" lon="145.30664948746562"><name>Grass Whiting</name><desc>
20/06/2025</desc><time>20/06/2025</time><sym>circle,yellow</sym></wpt>
<wpt lat="-38.2587511930614" lon="145.30659735202789"><name>Whiting</name><desc>
19/06/2025</desc><time>19/06/2025</time><sym>circle,yellow</sym></wpt>
<wpt lat="-38.2588437292724" lon="145.30651470646262"><name>Whiting</name><desc>
11/06/2025</desc><time>11/06/2025</time><sym>circle,yellow</sym></wpt>
<wpt lat="-38.2595706917345" lon="145.30707000754774"><name>Squid</name><desc>
21/10/2025</desc><time>21/10/2025</time><sym>circle,aqua</sym></wpt>
<wpt lat="-38.3301999606192" lon="144.93943328037858"><name>Flathead</name><desc>
3/06/2025</desc><time>3/06/2025</time><sym>circle,yellow</sym></wpt>
<wpt lat="-38.3322666864842" lon="144.93514996021986"><name>Flathead</name><desc>
3/06/2025</desc><time>3/06/2025</time><sym>circle,yellow</sym></wpt>
<wpt lat="-38.333183331415" lon="144.93328322656453"><name>Flathead</name><desc>
3/06/2025</desc><time>3/06/2025</time><sym>circle,yellow</sym></wpt>
<wpt lat="-38.3427832927554" lon="144.93591665290296"><name>Squid</name><desc>
3/06/2025</desc><time>3/06/2025</time><sym>circle,aqua</sym></wpt>
<wpt lat="-38.3441892731934" lon="144.9018245190382"><name>Squid</name><desc>
10/08/2025</desc><time>10/08/2025</time><sym>circle,aqua</sym></wpt>
<wpt lat="-38.3444964699447" lon="144.89813094958663"><name>Squid</name><desc>
10/08/2025</desc><time>10/08/2025</time><sym>circle,aqua</sym></wpt>
<wpt lat="-38.3454794157296" lon="144.88864632323384"><name>Wrasse</name><desc>
6/07/2025</desc><time>6/07/2025</time><sym>circle,yellow</sym></wpt>
<wpt lat="-38.3485018461942" lon="144.90089261904359"><name>Squid</name><desc>
6/07/2025</desc><time>6/07/2025</time><sym>circle,aqua</sym></wpt>
<wpt lat="-38.348519783467" lon="144.90093377418816"><name>Port Jackson</name><desc>
6/07/2025</desc><time>6/07/2025</time><sym>bigfish</sym></wpt>
<wpt lat="-38.3520090021193" lon="145.22211614996195"><name>Flathead</name><desc>
25/08/2025</desc><time>25/08/2025</time><sym>circle,yellow</sym></wpt>
<wpt lat="-38.3672190550714" lon="145.22459861822426"><name>Flathead</name><desc>
22/08/2025</desc><time>22/08/2025</time><sym>circle,yellow</sym></wpt>
<wpt lat="-38.3672626409679" lon="145.22541644051671"><name>Flathead</name><desc>
22/08/2025</desc><time>22/08/2025</time><sym>circle,yellow</sym></wpt>
<wpt lat="-38.3718701731413" lon="145.22928787395358"><name>Squid</name><desc>
13/10/2025</desc><time>13/10/2025</time><sym>circle,aqua</sym></wpt>
<wpt lat="-38.3783488813787" lon="145.22928267717361"><name>Grass Whiting</name><desc>
6/09/2025</desc><time>6/09/2025</time><sym>circle,yellow</sym></wpt>
<wpt lat="-38.3826910424977" lon="145.23140187375247"><name>Flathead</name><desc>
13/09/2025</desc><time>13/09/2025</time><sym>circle,yellow</sym></wpt>
<wpt lat="-38.3841038960963" lon="145.23180663585663"><name>Grass Whiting</name><desc>
6/09/2025</desc><time>6/09/2025</time><sym>circle,yellow</sym></wpt>
<wpt lat="-38.3841038960963" lon="145.23180663585663"><name>Squid</name><desc>
6/09/2025</desc><time>6/09/2025</time><sym>circle,aqua</sym></wpt>
<wpt lat="-38.3867425192147" lon="145.2343537285924"><name>Flathead</name><desc>
24/10/2025</desc><time>24/10/2025</time><sym>circle,yellow</sym></wpt>
<wpt lat="-38.3917909394949" lon="145.23593111895025"><name>Gummy</name><desc>
13/09/2025</desc><time>13/09/2025</time><sym>bigfish</sym></wpt>
<wpt lat="-38.3918930310755" lon="145.23590052500367"><name>Squid</name><desc>
13/09/2025</desc><time>13/09/2025</time><sym>circle,aqua</sym></wpt>
<wpt lat="-38.3919491060078" lon="145.23589876480401"><name>Snapper</name><desc>
9/08/2025</desc><time>9/08/2025</time><sym>bigfish</sym></wpt>
<wpt lat="-38.3920647762715" lon="145.23599708452821"><name>Snapper</name><desc>
28/09/2025</desc><time>28/09/2025</time><sym>bigfish</sym></wpt>
<wpt lat="-38.3927538525313" lon="145.23611384443939"><name>Wrasse</name><desc>
9/08/2025</desc><time>9/08/2025</time><sym>circle,yellow</sym></wpt>
<wpt lat="-38.4759045112878" lon="145.03417401574552"><name>Whiting</name><desc>
20/07/2025</desc><time>20/07/2025</time><sym>circle,yellow</sym></wpt>
<wpt lat="-38.4759277291595" lon="145.03411098383367"><name>Whiting</name><desc>
18/07/2025</desc><time>18/07/2025</time><sym>circle,yellow</sym></wpt>
<wpt lat="-38.4760576486587" lon="145.03386816009879"><name>Leather Jacket</name><desc>
19/07/2025</desc><time>19/07/2025</time><sym>circle,yellow</sym></wpt>
<wpt lat="-37.8901" lon="144.8637167"><name>Snapper</name><desc>Wiliamstown Deep 
5/01/202630/12/202522/12/202515/12/2025</desc><time>5/01/2026</time><sym>bigfish</sym></wpt>
<wpt lat="-37.9081833" lon="144.9164833"><name>Snapper</name><desc>T20 
30/12/202522/12/202515/12/2025</desc><time>30/12/2025</time><sym>bigfish</sym></wpt>
<wpt lat="-37.90965" lon="144.9337"><name>Snapper</name><desc>T19 
5/01/202630/12/202522/12/202515/12/2025</desc><time>5/01/2026</time><sym>bigfish</sym></wpt>
<wpt lat="-37.9393833" lon="144.8697833"><name>Snapper</name><desc>Deep Edge 
5/01/202630/12/202522/12/202515/12/2025</desc><time>5/01/2026</time><sym>bigfish</sym></wpt>
<wpt lat="-37.9519" lon="144.9281833"><name>Snapper</name><desc>Fawkner 
5/01/202630/12/202522/12/202515/12/2025</desc><time>5/01/2026</time><sym>bigfish</sym></wpt>
<wpt lat="-37.9642333" lon="144.8994833"><name>Snapper</name><desc>Deep outside shipping channel 
30/12/202522/12/202515/12/2025</desc><time>30/12/2025</time><sym>bigfish</sym></wpt>
<wpt lat="-38.3031" lon="145.2517333"><name>Snapper</name><desc>Sunken Island 
5/01/202630/12/202522/12/202515/12/2025</desc><time>5/01/2026</time><sym>bigfish</sym></wpt>
<wpt lat="-38.41685" lon="145.3885833"><name>Gummy</name><desc>Settlement Point 
5/01/202630/12/202522/12/202515/12/2025</desc><time>5/01/2026</time><sym>bigfish</sym></wpt>
<wpt lat="-38.4280667" lon="145.2928333"><name>Gummy</name><desc>Gardeners point 
5/01/202630/12/202522/12/202515/12/2025</desc><time>5/01/2026</time><sym>bigfish</sym></wpt>
<wpt lat="-38.4394333" lon="145.0851167"><name>Snapper</name><desc>Point Leo 
5/01/202630/12/202522/12/202515/12/2025</desc><time>5/01/2026</time><sym>bigfish</sym></wpt>
<wpt lat="-38.4445833" lon="145.3025833"><name>Gummy</name><desc>Silverleaves  
30/12/2025</desc><time>30/12/2025</time><sym>bigfish</sym></wpt>
<wpt lat="-38.4445833" lon="145.3025833"><name>Whiting</name><desc>Silverleaves  
5/01/202622/12/202515/12/2025</desc><time>5/01/2026</time><sym>circle,yellow</sym></wpt>
<wpt lat="-38.4454333" lon="145.2357167"><name>Whiting</name><desc>Cowes 
5/01/202630/12/202522/12/202515/12/2025</desc><time>5/01/2026</time><sym>circle,yellow</sym></wpt>
<wpt lat="-38.4465167" lon="145.2723667"><name>Whiting</name><desc>Silverleaves 
30/12/202522/12/202515/12/2025</desc><time>30/12/2025</time><sym>circle,yellow</sym></wpt>
<wpt lat="-37.7027167" lon="149.6862333"><name>Kingfish</name><desc>Got all our fish here on knife jigs.
8/01/20262/01/202626/12/202519/12/2025</desc><time>8/01/2026</time><sym>bigfish</sym></wpt>
<wpt lat="-38.0302333" lon="144.8859667"><name>Snapper</name><desc>St Leonards (wide/middle of the bay)
19/12/2025</desc><time>19/12/2025</time><sym>bigfish</sym></wpt>
<wpt lat="-38.0524667" lon="144.8382167"><name>Snapper</name><desc>The wrecks out wide
19/12/2025</desc><time>19/12/2025</time><sym>bigfish</sym></wpt>
<wpt lat="-38.0664" lon="144.97725"><name>Snapper</name><desc>Mordi wide
19/12/2025</desc><time>19/12/2025</time><sym>bigfish</sym></wpt>
<wpt lat="-38.0691333" lon="144.9976667"><name>Snapper</name><desc>Mordi wide
19/12/2025</desc><time>19/12/2025</time><sym>bigfish</sym></wpt>
<wpt lat="-38.0776667" lon="144.82455"><name>Snapper</name><desc>St Leonards (wide/middle of the bay)
19/12/2025</desc><time>19/12/2025</time><sym>bigfish</sym></wpt>
<wpt lat="-38.0780167" lon="144.8234333"><name>Snapper</name><desc>The wrecks out wide
19/12/2025</desc><time>19/12/2025</time><sym>bigfish</sym></wpt>
<wpt lat="-38.1019167" lon="145.0108667"><name>Snapper</name><desc>The aeroplane
19/12/2025</desc><time>19/12/2025</time><sym>bigfish</sym></wpt>
<wpt lat="-38.1214833" lon="144.9571167"><name>Snapper</name><desc>Mornington
19/12/2025</desc><time>19/12/2025</time><sym>bigfish</sym></wpt>
<wpt lat="-38.17365" lon="144.9920167"><name>Snapper</name><desc>Mornington
19/12/2025</desc><time>19/12/2025</time><sym>bigfish</sym></wpt>
<wpt lat="-38.18915" lon="144.87015"><name>Snapper</name><desc>Mt Martha
19/12/2025</desc><time>19/12/2025</time><sym>bigfish</sym></wpt>
<wpt lat="-38.1909833" lon="144.91175"><name>Snapper</name><desc>Mt Martha
19/12/2025</desc><time>19/12/2025</time><sym>bigfish</sym></wpt>
<wpt lat="-38.2087" lon="144.79755"><name>Gummy</name><desc>Back of the fort
19/12/2025</desc><time>19/12/2025</time><sym>bigfish</sym></wpt>
<wpt lat="-38.2135" lon="144.7909167"><name>Flathead</name><desc>Symmonds channel
1/01/202619/12/2025</desc><time>1/01/2026</time><sym>circle,yellow</sym></wpt>
<wpt lat="-38.2136667" lon="144.7929167"><name>Flathead</name><desc>Symmonds channel
1/01/202619/12/2025</desc><time>1/01/2026</time><sym>circle,yellow</sym></wpt>
<wpt lat="-38.2155167" lon="144.9608167"><name>Snapper</name><desc>Mt Martha area
19/12/2025</desc><time>19/12/2025</time><sym>bigfish</sym></wpt>
<wpt lat="-38.2197167" lon="144.9411333"><name>Snapper</name><desc>Mt Martha area
19/12/2025</desc><time>19/12/2025</time><sym>bigfish</sym></wpt>
<wpt lat="-38.2230167" lon="144.8435333"><name>Snapper</name><desc>Island mussel farms
19/12/2025</desc><time>19/12/2025</time><sym>bigfish</sym></wpt>
<wpt lat="-38.22975" lon="144.9651333"><name>Snapper</name><desc>Mt Martha
19/12/2025</desc><time>19/12/2025</time><sym>bigfish</sym></wpt>
<wpt lat="-38.2491833" lon="145.2655667"><name>Whiting</name><desc>Watsons Inlet flood tide
19/12/2025</desc><time>19/12/2025</time><sym>circle,yellow</sym></wpt>
<wpt lat="-38.2528" lon="144.8073833"><name>Squid</name><desc>Mud Island 
19/12/2025</desc><time>19/12/2025</time><sym>circle,aqua</sym></wpt>
<wpt lat="-38.2546333" lon="144.9503833"><name>Snapper</name><desc>Mt Martha area
19/12/2025</desc><time>19/12/2025</time><sym>bigfish</sym></wpt>
<wpt lat="-38.2565167" lon="144.8064833"><name>Squid</name><desc>Mud Island 
19/12/2025</desc><time>19/12/2025</time><sym>circle,aqua</sym></wpt>
<wpt lat="-38.2588333" lon="144.8575"><name>Snapper</name><desc>Island mussel farms
19/12/2025</desc><time>19/12/2025</time><sym>bigfish</sym></wpt>
<wpt lat="-38.2592833" lon="144.9205833"><name>Snapper</name><desc>Martha hump
19/12/2025</desc><time>19/12/2025</time><sym>bigfish</sym></wpt>
<wpt lat="-38.2636667" lon="144.8016167"><name>Squid</name><desc>Mud Island 
19/12/2025</desc><time>19/12/2025</time><sym>circle,aqua</sym></wpt>
<wpt lat="-38.2669667" lon="144.81195"><name>Squid</name><desc>Pinnace channel
19/12/2025</desc><time>19/12/2025</time><sym>circle,aqua</sym></wpt>
<wpt lat="-38.2698667" lon="144.7990333"><name>Flathead</name><desc>Pinnace
1/01/202619/12/2025</desc><time>1/01/2026</time><sym>circle,yellow</sym></wpt>
<wpt lat="-38.27415" lon="144.8065667"><name>Squid</name><desc>Pinnace channel
19/12/2025</desc><time>19/12/2025</time><sym>circle,aqua</sym></wpt>
<wpt lat="-38.2747667" lon="144.8092667"><name>Squid</name><desc>Pinnace channel
19/12/2025</desc><time>19/12/2025</time><sym>circle,aqua</sym></wpt>
<wpt lat="-38.2747667" lon="145.3933833"><name>Whiting</name><desc>Bouchiers channel flood tide 
19/12/2025</desc><time>19/12/2025</time><sym>circle,yellow</sym></wpt>
<wpt lat="-38.2752667" lon="145.38635"><name>Whiting</name><desc>Bouchiers channel flood tide 
19/12/2025</desc><time>19/12/2025</time><sym>circle,yellow</sym></wpt>
<wpt lat="-38.2863833" lon="144.7988333"><name>Flathead</name><desc>Pinnace
1/01/202619/12/2025</desc><time>1/01/2026</time><sym>circle,yellow</sym></wpt>
<wpt lat="-38.2881333" lon="144.7943167"><name>Squid</name><desc>Pinnace channel
19/12/2025</desc><time>19/12/2025</time><sym>circle,aqua</sym></wpt>
<wpt lat="-38.2891833" lon="144.84015"><name>Gummy</name><desc>Pinnace channel 
19/12/2025</desc><time>19/12/2025</time><sym>bigfish</sym></wpt>
<wpt lat="-38.29035" lon="144.5809833"><name>Crayfish</name><desc>Water should clear up bloody nicely and 
19/12/2025</desc><time>19/12/2025</time><sym>circle,green</sym></wpt>
<wpt lat="-38.2918167" lon="144.7396333"><name>Whiting</name><desc>Chinamans hat
19/12/2025</desc><time>19/12/2025</time><sym>circle,yellow</sym></wpt>
<wpt lat="-38.2931167" lon="144.7404"><name>Whiting</name><desc>Chinamans hat
19/12/2025</desc><time>19/12/2025</time><sym>circle,yellow</sym></wpt>
<wpt lat="-38.2944333" lon="144.8309667"><name>Flathead</name><desc>Back of the fort
1/01/202619/12/2025</desc><time>1/01/2026</time><sym>circle,yellow</sym></wpt>
<wpt lat="-38.2965167" lon="144.8239167"><name>Flathead</name><desc>Back of the fort
1/01/202619/12/2025</desc><time>1/01/2026</time><sym>circle,yellow</sym></wpt>
<wpt lat="-38.2965667" lon="144.8371667"><name>Flathead</name><desc>Back of the fort
19/12/2025</desc><time>19/12/2025</time><sym>circle,yellow</sym></wpt>
<wpt lat="-38.2977833" lon="144.8373"><name>Flathead</name><desc>Back of the fort
1/01/202619/12/2025</desc><time>1/01/2026</time><sym>circle,yellow</sym></wpt>
<wpt lat="-38.3019167" lon="144.4836667"><name>Kingfish</name><desc>Trolling squid strips or a white occy wi
19/12/2025</desc><time>19/12/2025</time><sym>bigfish</sym></wpt>
<wpt lat="-38.30245" lon="144.5702"><name>Tuna</name><desc>Make sure youâ€™ve got some casting gear
19/12/2025</desc><time>19/12/2025</time><sym>bigfish</sym></wpt>
<wpt lat="-38.3025" lon="144.8392667"><name>Flathead</name><desc>Back of the fort
1/01/202619/12/2025</desc><time>1/01/2026</time><sym>circle,yellow</sym></wpt>
<wpt lat="-38.3030667" lon="144.7625167"><name>Gummy</name><desc>The fort 
19/12/2025</desc><time>19/12/2025</time><sym>bigfish</sym></wpt>
<wpt lat="-38.3060833" lon="144.4374333"><name>Tuna</name><desc>Make sure youâ€™ve got some casting gear
19/12/2025</desc><time>19/12/2025</time><sym>bigfish</sym></wpt>
<wpt lat="-38.3098" lon="145.2783167"><name>Snapper</name><desc>Eastern channel
19/12/2025</desc><time>19/12/2025</time><sym>bigfish</sym></wpt>
<wpt lat="-38.3231833" lon="145.2388833"><name>Snapper</name><desc>Hastings
19/12/2025</desc><time>19/12/2025</time><sym>bigfish</sym></wpt>
<wpt lat="-38.3251333" lon="144.8033"><name>Squid</name><desc>Rye
19/12/2025</desc><time>19/12/2025</time><sym>circle,aqua</sym></wpt>
<wpt lat="-38.33705" lon="144.8332"><name>Squid</name><desc>Rye
19/12/2025</desc><time>19/12/2025</time><sym>circle,aqua</sym></wpt>
<wpt lat="-38.3372" lon="144.8196667"><name>Squid</name><desc>Rye
19/12/2025</desc><time>19/12/2025</time><sym>circle,aqua</sym></wpt>
<wpt lat="-38.338" lon="145.2379167"><name>Snapper</name><desc>Hastings
19/12/2025</desc><time>19/12/2025</time><sym>bigfish</sym></wpt>
<wpt lat="-38.3695" lon="145.2701167"><name>Whiting</name><desc>Tankerton flood tide
19/12/2025</desc><time>19/12/2025</time><sym>circle,yellow</sym></wpt>
<wpt lat="-38.3727167" lon="145.2684833"><name>Whiting</name><desc>Tankerton flood tide
19/12/2025</desc><time>19/12/2025</time><sym>circle,yellow</sym></wpt>
<wpt lat="-38.3735" lon="145.2587833"><name>Whiting</name><desc>South spit pin flood tide
19/12/2025</desc><time>19/12/2025</time><sym>circle,yellow</sym></wpt>
<wpt lat="-38.3770333" lon="145.2696167"><name>Whiting</name><desc>Tankerton flood tide
19/12/2025</desc><time>19/12/2025</time><sym>circle,yellow</sym></wpt>
<wpt lat="-38.3796333" lon="145.2706333"><name>Whiting</name><desc>Tankerton flood tide
19/12/2025</desc><time>19/12/2025</time><sym>circle,yellow</sym></wpt>
<wpt lat="-38.3831333" lon="145.26855"><name>Whiting</name><desc>Tankerton flood tide
19/12/2025</desc><time>19/12/2025</time><sym>circle,yellow</sym></wpt>
<wpt lat="-38.3937833" lon="145.2664833"><name>Whiting</name><desc>Tankerton flood tide
19/12/2025</desc><time>19/12/2025</time><sym>circle,yellow</sym></wpt>
<wpt lat="-38.438" lon="145.2884167"><name>Snapper</name><desc>Silverleaves
19/12/2025</desc><time>19/12/2025</time><sym>bigfish</sym></wpt>
<wpt lat="-38.4380167" lon="145.27435"><name>Snapper</name><desc>Silverleaves
19/12/2025</desc><time>19/12/2025</time><sym>bigfish</sym></wpt>
<wpt lat="-38.4462167" lon="145.3120833"><name>Snapper</name><desc>Observation Point 
19/12/2025</desc><time>19/12/2025</time><sym>bigfish</sym></wpt>
<wpt lat="-38.44945" lon="145.3272"><name>Snapper</name><desc>Observation Point 
19/12/2025</desc><time>19/12/2025</time><sym>bigfish</sym></wpt>
<wpt lat="-38.4495667" lon="145.36285"><name>Snapper</name><desc>Corals
19/12/2025</desc><time>19/12/2025</time><sym>bigfish</sym></wpt>
<wpt lat="-38.4496167" lon="145.3816167"><name>Snapper</name><desc>Corals
19/12/2025</desc><time>19/12/2025</time><sym>bigfish</sym></wpt>
<wpt lat="-38.4504833" lon="145.3762833"><name>Snapper</name><desc>Corals
19/12/2025</desc><time>19/12/2025</time><sym>bigfish</sym></wpt>
<wpt lat="-38.4526333" lon="145.33385"><name>Snapper</name><desc>Rhyll
19/12/2025</desc><time>19/12/2025</time><sym>bigfish</sym></wpt>
<wpt lat="-38.4540167" lon="145.34665"><name>Snapper</name><desc>Rhyll
19/12/2025</desc><time>19/12/2025</time><sym>bigfish</sym></wpt>
<wpt lat="-38.4636833" lon="145.0385667"><name>Whiting</name><desc>Flinders
19/12/2025</desc><time>19/12/2025</time><sym>circle,yellow</sym></wpt>
<wpt lat="-38.5229" lon="145.0043167"><name>Gummy</name><desc>Flinders golf course
1/01/2026</desc><time>1/01/2026</time><sym>bigfish</sym></wpt>
<wpt lat="-38.5229" lon="145.0043167"><name>Snapper</name><desc>Flinders golf course
19/12/2025</desc><time>19/12/2025</time><sym>bigfish</sym></wpt>
<wpt lat="-38.5418667" lon="145.1147833"><name>Snapper</name><desc>Seal rocks
19/12/2025</desc><time>19/12/2025</time><sym>bigfish</sym></wpt>
<wpt lat="-38.5456833" lon="145.0927667"><name>Snapper</name><desc>Seal rocks
19/12/2025</desc><time>19/12/2025</time><sym>bigfish</sym></wpt>
<wpt lat="-38.33129669" lon="145.2249075"><name>Flathead</name><desc>Hasting
20/12/2025 9:49:30 AM</desc><time>20/12/2025 9:49:30 AM</time><sym>circle,yellow</sym></wpt>
<wpt lat="-37.9270167" lon="144.8898667"><name>Snapper</name><desc>P2 
5/01/202630/12/202522/12/2025</desc><time>5/01/2026</time><sym>bigfish</sym></wpt>
<wpt lat="-38.3845333" lon="145.2676"><name>Whiting</name><desc>Tankerton 
5/01/202630/12/202522/12/2025</desc><time>5/01/2026</time><sym>circle,yellow</sym></wpt>
<wpt lat="-37.8891833" lon="144.8664333"><name>Snapper</name><desc>Altona
24/12/2025</desc><time>24/12/2025</time><sym>bigfish</sym></wpt>
<wpt lat="-37.8928" lon="144.8578"><name>Snapper</name><desc>Altona
24/12/2025</desc><time>24/12/2025</time><sym>bigfish</sym></wpt>
<wpt lat="-37.91005" lon="144.86645"><name>Snapper</name><desc>Altona 
26/12/2025</desc><time>26/12/2025</time><sym>bigfish</sym></wpt>
<wpt lat="-37.9102167" lon="144.8675667"><name>Snapper</name><desc>The wreck of the Kakariki
24/12/2025</desc><time>24/12/2025</time><sym>bigfish</sym></wpt>
<wpt lat="-37.9254333" lon="144.8731"><name>Snapper</name><desc>Altona 
26/12/2025</desc><time>26/12/2025</time><sym>bigfish</sym></wpt>
<wpt lat="-37.9715333" lon="144.7071167"><name>Whiting</name><desc>Werribee
1/01/202624/12/2025</desc><time>1/01/2026</time><sym>circle,yellow</sym></wpt>
<wpt lat="-37.9767667" lon="144.6984333"><name>Whiting</name><desc>Werribee
1/01/202624/12/2025</desc><time>1/01/2026</time><sym>circle,yellow</sym></wpt>
<wpt lat="-37.98445" lon="144.6828833"><name>Whiting</name><desc>Werribee
1/01/202624/12/2025</desc><time>1/01/2026</time><sym>circle,yellow</sym></wpt>
<wpt lat="-37.9976333" lon="144.6885833"><name>Whiting</name><desc>Wedge Spit
26/12/2025</desc><time>26/12/2025</time><sym>circle,yellow</sym></wpt>
<wpt lat="-38.0104" lon="144.6557167"><name>Squid</name><desc>Werribee / Wedge Spit
26/12/2025</desc><time>26/12/2025</time><sym>circle,aqua</sym></wpt>
<wpt lat="-38.0108667" lon="144.6278"><name>Whiting</name><desc>Wedge Spit 
1/01/202624/12/2025</desc><time>1/01/2026</time><sym>circle,yellow</sym></wpt>
<wpt lat="-38.0162667" lon="144.88155"><name>Snapper</name><desc>St Leonards (wide/middle of the bay)
26/12/2025</desc><time>26/12/2025</time><sym>bigfish</sym></wpt>
<wpt lat="-38.01775" lon="144.6765"><name>Whiting</name><desc>Wedge Spit
26/12/2025</desc><time>26/12/2025</time><sym>circle,yellow</sym></wpt>
<wpt lat="-38.0180667" lon="144.6149333"><name>Whiting</name><desc>Wedge Spit 
1/01/202624/12/2025</desc><time>1/01/2026</time><sym>circle,yellow</sym></wpt>
<wpt lat="-38.02" lon="144.8424167"><name>Snapper</name><desc>Altona 
26/12/2025</desc><time>26/12/2025</time><sym>bigfish</sym></wpt>
<wpt lat="-38.0209" lon="144.64935"><name>Whiting</name><desc>Wedge Spit 
24/12/2025</desc><time>24/12/2025</time><sym>circle,yellow</sym></wpt>
<wpt lat="-38.0217667" lon="144.6107667"><name>Whiting</name><desc>Wedge Spit 
24/12/2025</desc><time>24/12/2025</time><sym>circle,yellow</sym></wpt>
<wpt lat="-38.0217833" lon="144.5874833"><name>Squid</name><desc>Werribee / Wedge Spit
26/12/2025</desc><time>26/12/2025</time><sym>circle,aqua</sym></wpt>
<wpt lat="-38.0305667" lon="144.6580833"><name>Whiting</name><desc>Wedge Spit
26/12/2025</desc><time>26/12/2025</time><sym>circle,yellow</sym></wpt>
<wpt lat="-38.0505167" lon="144.8602833"><name>Snapper</name><desc>The deep gutters too will have fish star
24/12/2025</desc><time>24/12/2025</time><sym>bigfish</sym></wpt>
<wpt lat="-38.0589167" lon="144.8560167"><name>Snapper</name><desc>The deep gutters too will have fish star
24/12/2025</desc><time>24/12/2025</time><sym>bigfish</sym></wpt>
<wpt lat="-38.068" lon="144.8777333"><name>Snapper</name><desc>The deep gutters too will have fish star
24/12/2025</desc><time>24/12/2025</time><sym>bigfish</sym></wpt>
<wpt lat="-38.0766667" lon="144.8283167"><name>Snapper</name><desc>Werrwreck 
24/12/2025</desc><time>24/12/2025</time><sym>bigfish</sym></wpt>
<wpt lat="-38.0768167" lon="144.82445"><name>Snapper</name><desc>St Leonards (wide/middle of the bay)
26/12/2025</desc><time>26/12/2025</time><sym>bigfish</sym></wpt>
<wpt lat="-38.0768667" lon="144.82625"><name>Snapper</name><desc>Launceston 
24/12/2025</desc><time>24/12/2025</time><sym>bigfish</sym></wpt>
<wpt lat="-38.07805" lon="144.82345"><name>Snapper</name><desc>Pinafore 
24/12/2025</desc><time>24/12/2025</time><sym>bigfish</sym></wpt>
<wpt lat="-38.08275" lon="144.6253167"><name>Snapper</name><desc>Portarlington 
26/12/2025</desc><time>26/12/2025</time><sym>bigfish</sym></wpt>
<wpt lat="-38.0891" lon="144.6226"><name>Snapper</name><desc>Portarlington 
26/12/2025</desc><time>26/12/2025</time><sym>bigfish</sym></wpt>
<wpt lat="-38.1011167" lon="144.5910833"><name>Snapper</name><desc>Clifton Springs
26/12/2025</desc><time>26/12/2025</time><sym>bigfish</sym></wpt>
<wpt lat="-38.1166" lon="144.5736167"><name>Snapper</name><desc>Clifton Springs
26/12/2025</desc><time>26/12/2025</time><sym>bigfish</sym></wpt>
<wpt lat="-38.1193" lon="144.7079"><name>Squid</name><desc>St Leonard/ Indented Heads
26/12/2025</desc><time>26/12/2025</time><sym>circle,aqua</sym></wpt>
<wpt lat="-38.1225167" lon="144.9444"><name>Snapper</name><desc>Outwide
24/12/2025</desc><time>24/12/2025</time><sym>bigfish</sym></wpt>
<wpt lat="-38.1245667" lon="144.5003667"><name>Snapper</name><desc>Clifton Springs
26/12/2025</desc><time>26/12/2025</time><sym>bigfish</sym></wpt>
<wpt lat="-38.1263333" lon="144.9130167"><name>Snapper</name><desc>Outwide
24/12/2025</desc><time>24/12/2025</time><sym>bigfish</sym></wpt>
<wpt lat="-38.13495" lon="144.943"><name>Snapper</name><desc>Outwide
24/12/2025</desc><time>24/12/2025</time><sym>bigfish</sym></wpt>
<wpt lat="-38.1356167" lon="144.9654333"><name>Snapper</name><desc>Carrum to Mornington 
26/12/2025</desc><time>26/12/2025</time><sym>bigfish</sym></wpt>
<wpt lat="-38.1371667" lon="144.7259333"><name>Squid</name><desc>St Leonard/ Indented Heads
26/12/2025</desc><time>26/12/2025</time><sym>circle,aqua</sym></wpt>
<wpt lat="-38.1373167" lon="144.5727"><name>Squid</name><desc>Clifton Springs
26/12/2025</desc><time>26/12/2025</time><sym>circle,aqua</sym></wpt>
<wpt lat="-38.1397333" lon="144.5626167"><name>Whiting</name><desc>Clifton Springs 
26/12/2025</desc><time>26/12/2025</time><sym>circle,yellow</sym></wpt>
<wpt lat="-38.14985" lon="144.5202333"><name>Whiting</name><desc>Clifton Springs 
26/12/2025</desc><time>26/12/2025</time><sym>circle,yellow</sym></wpt>
<wpt lat="-38.15115" lon="144.5395167"><name>Squid</name><desc>Clifton Springs
26/12/2025</desc><time>26/12/2025</time><sym>circle,aqua</sym></wpt>
<wpt lat="-38.15125" lon="144.5085333"><name>Whiting</name><desc>Clifton Springs 
26/12/2025</desc><time>26/12/2025</time><sym>circle,yellow</sym></wpt>
<wpt lat="-38.1535" lon="144.52085"><name>Squid</name><desc>Clifton Springs
26/12/2025</desc><time>26/12/2025</time><sym>circle,aqua</sym></wpt>
<wpt lat="-38.1764333" lon="144.8902667"><name>Snapper</name><desc>Outwide
24/12/2025</desc><time>24/12/2025</time><sym>bigfish</sym></wpt>
<wpt lat="-38.1915833" lon="144.7157"><name>Squid</name><desc>St Leonard/ Indented Heads
26/12/2025</desc><time>26/12/2025</time><sym>circle,aqua</sym></wpt>
<wpt lat="-38.1926833" lon="144.7338833"><name>Whiting</name><desc>St Leonards
26/12/2025</desc><time>26/12/2025</time><sym>circle,yellow</sym></wpt>
<wpt lat="-38.1941833" lon="144.7312833"><name>Whiting</name><desc>St Leonards
26/12/2025</desc><time>26/12/2025</time><sym>circle,yellow</sym></wpt>
<wpt lat="-38.1956833" lon="144.7267"><name>Whiting</name><desc>St Leonards
26/12/2025</desc><time>26/12/2025</time><sym>circle,yellow</sym></wpt>
<wpt lat="-38.2066167" lon="144.73215"><name>Squid</name><desc>St Leonard/ Indented Heads
26/12/2025</desc><time>26/12/2025</time><sym>circle,aqua</sym></wpt>
<wpt lat="-38.21895" lon="144.9230667"><name>Snapper</name><desc>Mt Martha area
26/12/2025</desc><time>26/12/2025</time><sym>bigfish</sym></wpt>
<wpt lat="-38.2196167" lon="144.7270833"><name>Whiting</name><desc>The Narrows
24/12/2025</desc><time>24/12/2025</time><sym>circle,yellow</sym></wpt>
<wpt lat="-38.2232333" lon="144.9428833"><name>Snapper</name><desc>Mt Martha area
26/12/2025</desc><time>26/12/2025</time><sym>bigfish</sym></wpt>
<wpt lat="-38.2408" lon="144.7091167"><name>Whiting</name><desc>Swan Bay Entrance
26/12/2025</desc><time>26/12/2025</time><sym>circle,yellow</sym></wpt>
<wpt lat="-38.2433667" lon="144.7073667"><name>Whiting</name><desc>Swan Bay Entrance
26/12/2025</desc><time>26/12/2025</time><sym>circle,yellow</sym></wpt>
<wpt lat="-38.2524333" lon="145.3173667"><name>Whiting</name><desc>Gentle Annie 
24/12/2025</desc><time>24/12/2025</time><sym>circle,yellow</sym></wpt>
<wpt lat="-38.25695" lon="144.69085"><name>Whiting</name><desc>Queenscliff
26/12/2025</desc><time>26/12/2025</time><sym>circle,yellow</sym></wpt>
<wpt lat="-38.2594333" lon="144.7355333"><name>Gummy</name><desc>Symmonds
26/12/2025</desc><time>26/12/2025</time><sym>bigfish</sym></wpt>
<wpt lat="-38.2616667" lon="144.69055"><name>Whiting</name><desc>Queenscliff
26/12/2025</desc><time>26/12/2025</time><sym>circle,yellow</sym></wpt>
<wpt lat="-38.2652667" lon="145.2837167"><name>Gummy</name><desc>Eagle Rock ebb tide
24/12/2025</desc><time>24/12/2025</time><sym>bigfish</sym></wpt>
<wpt lat="-38.2736667" lon="144.6629"><name>Squid</name><desc>Pilot Pier 
24/12/2025</desc><time>24/12/2025</time><sym>circle,aqua</sym></wpt>
<wpt lat="-38.2741333" lon="144.64645"><name>Squid</name><desc>Queenscliff
8/01/20262/01/202626/12/2025</desc><time>8/01/2026</time><sym>circle,aqua</sym></wpt>
<wpt lat="-38.2744" lon="144.6618833"><name>Squid</name><desc>Pilot Pier 
24/12/2025</desc><time>24/12/2025</time><sym>circle,aqua</sym></wpt>
<wpt lat="-38.2744167" lon="144.6397333"><name>Squid</name><desc>Queenscliff
8/01/20262/01/202626/12/2025</desc><time>8/01/2026</time><sym>circle,aqua</sym></wpt>
<wpt lat="-38.2773333" lon="144.6328"><name>Squid</name><desc>Queenscliff
8/01/20262/01/202626/12/2025</desc><time>8/01/2026</time><sym>circle,aqua</sym></wpt>
<wpt lat="-38.2787167" lon="145.27535"><name>Whiting</name><desc>Danny 
1/01/202624/12/2025</desc><time>1/01/2026</time><sym>circle,yellow</sym></wpt>
<wpt lat="-38.2815667" lon="145.2719667"><name>Whiting</name><desc>Charmers
1/01/202624/12/2025</desc><time>1/01/2026</time><sym>circle,yellow</sym></wpt>
<wpt lat="-38.2837667" lon="145.2666833"><name>Gummy</name><desc>North Arm
24/12/2025</desc><time>24/12/2025</time><sym>bigfish</sym></wpt>
<wpt lat="-38.2858167" lon="145.2535"><name>Gummy</name><desc>Long Reef
24/12/2025</desc><time>24/12/2025</time><sym>bigfish</sym></wpt>
<wpt lat="-38.2895333" lon="144.6551333"><name>Kingfish</name><desc>The Rip
26/12/2025</desc><time>26/12/2025</time><sym>bigfish</sym></wpt>
<wpt lat="-38.2905833" lon="144.5415833"><name>Crayfish</name><desc>Iâ€™ve had a few people asking what I us
2/01/202626/12/2025</desc><time>2/01/2026</time><sym>circle,green</sym></wpt>
<wpt lat="-38.2948333" lon="144.8382"><name>Gummy</name><desc>Back of the Fort
24/12/2025</desc><time>24/12/2025</time><sym>bigfish</sym></wpt>
<wpt lat="-38.2950833" lon="144.6315667"><name>Kingfish</name><desc>The Rip
26/12/2025</desc><time>26/12/2025</time><sym>bigfish</sym></wpt>
<wpt lat="-38.2989333" lon="144.4832667"><name>Kingfish</name><desc>Charlemont Reef
26/12/2025</desc><time>26/12/2025</time><sym>bigfish</sym></wpt>
<wpt lat="-38.2991833" lon="144.5292167"><name>Crayfish</name><desc>Iâ€™ve had a few people asking what I us
2/01/202626/12/2025</desc><time>2/01/2026</time><sym>circle,green</sym></wpt>
<wpt lat="-38.299466699999996" lon="144.6084833"><name>Kingfish</name><desc>Loni
26/12/2025</desc><time>26/12/2025</time><sym>bigfish</sym></wpt>
<wpt lat="-38.2996167" lon="144.6038333"><name>Kingfish</name><desc>Loni
26/12/2025</desc><time>26/12/2025</time><sym>bigfish</sym></wpt>
<wpt lat="-38.3014667" lon="145.2475667"><name>Gummy</name><desc>Esso
24/12/2025</desc><time>24/12/2025</time><sym>bigfish</sym></wpt>
<wpt lat="-38.3037833" lon="144.7156667"><name>Gummy</name><desc>South channel 
26/12/2025</desc><time>26/12/2025</time><sym>bigfish</sym></wpt>
<wpt lat="-38.3079333" lon="144.7322167"><name>Gummy</name><desc>South channel 
26/12/2025</desc><time>26/12/2025</time><sym>bigfish</sym></wpt>
<wpt lat="-38.30835" lon="144.5863"><name>Tuna</name><desc>Teaser bar divers are exactly what you w
2/01/202626/12/2025</desc><time>2/01/2026</time><sym>bigfish</sym></wpt>
<wpt lat="-38.3113833" lon="144.5452"><name>Gummy</name><desc>Offshore 
2/01/202626/12/2025</desc><time>2/01/2026</time><sym>bigfish</sym></wpt>
<wpt lat="-38.3135833" lon="144.5365333"><name>Tuna</name><desc>Teaser bar divers are exactly what you w
2/01/202626/12/2025</desc><time>2/01/2026</time><sym>bigfish</sym></wpt>
<wpt lat="-38.3182" lon="144.7236833"><name>Squid</name><desc>Point Franklin
24/12/2025</desc><time>24/12/2025</time><sym>circle,aqua</sym></wpt>
<wpt lat="-38.3188833" lon="144.72725"><name>Squid</name><desc>Point Franklin
24/12/2025</desc><time>24/12/2025</time><sym>circle,aqua</sym></wpt>
<wpt lat="-38.3191" lon="141.7076333"><name>Tuna</name><desc>The anchorage is area below and you can 
8/01/20262/01/202626/12/2025</desc><time>8/01/2026</time><sym>bigfish</sym></wpt>
<wpt lat="-38.3214" lon="145.2754833"><name>Gummy</name><desc>Eastern Channel
24/12/2025</desc><time>24/12/2025</time><sym>bigfish</sym></wpt>
<wpt lat="-38.3241167" lon="144.7804333"><name>Squid</name><desc>Sorrento/rye
26/12/2025</desc><time>26/12/2025</time><sym>circle,aqua</sym></wpt>
<wpt lat="-38.3248333" lon="144.77145"><name>Squid</name><desc>S338 20 182 E144 46 190
24/12/2025</desc><time>24/12/2025</time><sym>circle,aqua</sym></wpt>
<wpt lat="-38.3272" lon="144.7449"><name>Squid</name><desc>Sorrento
24/12/2025</desc><time>24/12/2025</time><sym>circle,aqua</sym></wpt>
<wpt lat="-38.3306667" lon="144.7968"><name>Squid</name><desc>Sorrento/rye
26/12/2025</desc><time>26/12/2025</time><sym>circle,aqua</sym></wpt>
<wpt lat="-38.3329167" lon="144.77255"><name>Squid</name><desc>The Sisters
24/12/2025</desc><time>24/12/2025</time><sym>circle,aqua</sym></wpt>
<wpt lat="-38.33515" lon="144.7468667"><name>Squid</name><desc>Sorrento
24/12/2025</desc><time>24/12/2025</time><sym>circle,aqua</sym></wpt>
<wpt lat="-38.3357" lon="144.7472"><name>Squid</name><desc>Sorrento
24/12/2025</desc><time>24/12/2025</time><sym>circle,aqua</sym></wpt>
<wpt lat="-38.3358333" lon="144.75605"><name>Squid</name><desc>Sorrento
24/12/2025</desc><time>24/12/2025</time><sym>circle,aqua</sym></wpt>
<wpt lat="-38.3362167" lon="144.8330833"><name>Squid</name><desc>Sorrento/rye
26/12/2025</desc><time>26/12/2025</time><sym>circle,aqua</sym></wpt>
<wpt lat="-38.33985" lon="145.2321667"><name>Gummy</name><desc>Hastings
24/12/2025</desc><time>24/12/2025</time><sym>bigfish</sym></wpt>
<wpt lat="-38.3400167" lon="141.7594833"><name>Gummy</name><desc>Along this reef through here are some go
8/01/20262/01/202626/12/2025</desc><time>8/01/2026</time><sym>bigfish</sym></wpt>
<wpt lat="-38.3445333" lon="144.4555833"><name>Snapper</name><desc>Offshore
8/01/20262/01/202626/12/2025</desc><time>8/01/2026</time><sym>bigfish</sym></wpt>
<wpt lat="-38.3445333" lon="144.7854333"><name>Squid</name><desc>S338 20 182 E144 46 190
24/12/2025</desc><time>24/12/2025</time><sym>circle,aqua</sym></wpt>
<wpt lat="-38.3464167" lon="144.4124333"><name>Snapper</name><desc>Offshore
8/01/20262/01/202626/12/2025</desc><time>8/01/2026</time><sym>bigfish</sym></wpt>
<wpt lat="-38.35625" lon="145.2679667"><name>Whiting</name><desc>Little chilli
24/12/2025</desc><time>24/12/2025</time><sym>circle,yellow</sym></wpt>
<wpt lat="-38.3564833" lon="145.2682"><name>Whiting</name><desc>Little chilli
24/12/2025</desc><time>24/12/2025</time><sym>circle,yellow</sym></wpt>
<wpt lat="-38.3570333" lon="145.2681833"><name>Whiting</name><desc>Little chilli
24/12/2025</desc><time>24/12/2025</time><sym>circle,yellow</sym></wpt>
<wpt lat="-38.3571833" lon="141.7926333"><name>Gummy</name><desc>Along this reef through here are some go
8/01/20262/01/202626/12/2025</desc><time>8/01/2026</time><sym>bigfish</sym></wpt>
<wpt lat="-38.3610167" lon="144.4272667"><name>Snapper</name><desc>Offshore
8/01/20262/01/202626/12/2025</desc><time>8/01/2026</time><sym>bigfish</sym></wpt>
<wpt lat="-38.3637833" lon="144.33465"><name>Gummy</name><desc>Offshore 
2/01/202626/12/2025</desc><time>2/01/2026</time><sym>bigfish</sym></wpt>
<wpt lat="-38.3761667" lon="141.64105"><name>Whiting</name><desc>Inside Point Danger the whiting and pink
8/01/20262/01/202626/12/2025</desc><time>8/01/2026</time><sym>circle,yellow</sym></wpt>
<wpt lat="-38.3767833" lon="145.4505833"><name>Snapper</name><desc>They are feeding well into the evening a
24/12/2025</desc><time>24/12/2025</time><sym>bigfish</sym></wpt>
<wpt lat="-38.37785" lon="145.4472"><name>Snapper</name><desc>They are feeding well into the evening a
24/12/2025</desc><time>24/12/2025</time><sym>bigfish</sym></wpt>
<wpt lat="-38.3794833" lon="145.44685"><name>Snapper</name><desc>They are feeding well into the evening a
24/12/2025</desc><time>24/12/2025</time><sym>bigfish</sym></wpt>
<wpt lat="-38.3798" lon="141.6457667"><name>Whiting</name><desc>Inside Point Danger the whiting and pink
8/01/20262/01/202626/12/2025</desc><time>8/01/2026</time><sym>circle,yellow</sym></wpt>
<wpt lat="-38.38925" lon="144.7524833"><name>Gummy</name><desc>Offshore 
2/01/202626/12/2025</desc><time>2/01/2026</time><sym>bigfish</sym></wpt>
<wpt lat="-38.3926167" lon="145.2684"><name>Whiting</name><desc>For the flood tide head in shallow 
24/12/2025</desc><time>24/12/2025</time><sym>circle,yellow</sym></wpt>
<wpt lat="-38.3944667" lon="145.2674667"><name>Whiting</name><desc>For the flood tide head in shallow 
24/12/2025</desc><time>24/12/2025</time><sym>circle,yellow</sym></wpt>
<wpt lat="-38.3947667" lon="145.26625"><name>Whiting</name><desc>Tankerton southern bank ebb tide
24/12/2025</desc><time>24/12/2025</time><sym>circle,yellow</sym></wpt>
<wpt lat="-38.39605" lon="145.2666333"><name>Whiting</name><desc>For the flood tide head in shallow 
24/12/2025</desc><time>24/12/2025</time><sym>circle,yellow</sym></wpt>
<wpt lat="-38.3967833" lon="145.2659"><name>Whiting</name><desc>Tankerton southern bank ebb tide
24/12/2025</desc><time>24/12/2025</time><sym>circle,yellow</sym></wpt>
<wpt lat="-38.39965" lon="145.26455"><name>Whiting</name><desc>Tankerton southern bank ebb tide
24/12/2025</desc><time>24/12/2025</time><sym>circle,yellow</sym></wpt>
<wpt lat="-38.40925" lon="145.2483167"><name>Gummy</name><desc>Tortiose Head 
24/12/2025</desc><time>24/12/2025</time><sym>bigfish</sym></wpt>
<wpt lat="-38.4184333" lon="142.00135"><name>Tuna</name><desc>Tuna are all through here.
8/01/20262/01/202626/12/2025</desc><time>8/01/2026</time><sym>bigfish</sym></wpt>
<wpt lat="-38.4265833" lon="145.2919"><name>Gummy</name><desc>Gardeners Bank
24/12/2025</desc><time>24/12/2025</time><sym>bigfish</sym></wpt>
<wpt lat="-38.43365" lon="145.2491667"><name>Gummy</name><desc>Tortiose Head 
24/12/2025</desc><time>24/12/2025</time><sym>bigfish</sym></wpt>
<wpt lat="-38.4451333" lon="145.3486"><name>Snapper</name><desc>The corals went very well for me yesterd
24/12/2025</desc><time>24/12/2025</time><sym>bigfish</sym></wpt>
<wpt lat="-38.4477667" lon="145.3572667"><name>Snapper</name><desc>The corals went very well for me yesterd
24/12/2025</desc><time>24/12/2025</time><sym>bigfish</sym></wpt>
<wpt lat="-38.4514333" lon="141.5470667"><name>Gummy</name><desc>You can drift or anchor along here. I pr
8/01/20262/01/202626/12/2025</desc><time>8/01/2026</time><sym>bigfish</sym></wpt>
<wpt lat="-38.4521333" lon="145.3503"><name>Snapper</name><desc>The corals went very well for me yesterd
24/12/2025</desc><time>24/12/2025</time><sym>bigfish</sym></wpt>
<wpt lat="-38.4728167" lon="141.5508167"><name>Gummy</name><desc>You can drift or anchor along here. I pr
8/01/20262/01/202626/12/2025</desc><time>8/01/2026</time><sym>bigfish</sym></wpt>
<wpt lat="-38.4802167" lon="141.9626"><name>Gummy</name><desc>GUMBOS AND SCHOOL SHARK
8/01/20262/01/202626/12/2025</desc><time>8/01/2026</time><sym>bigfish</sym></wpt>
<wpt lat="-38.4992833" lon="145.3761167"><name>Squid</name><desc>Newhaven 
24/12/2025</desc><time>24/12/2025</time><sym>circle,aqua</sym></wpt>
<wpt lat="-38.5030167" lon="145.3816833"><name>Squid</name><desc>Newhaven 
24/12/2025</desc><time>24/12/2025</time><sym>circle,aqua</sym></wpt>
<wpt lat="-38.51225" lon="145.3682167"><name>Squid</name><desc>Newhaven 
24/12/2025</desc><time>24/12/2025</time><sym>circle,aqua</sym></wpt>
<wpt lat="-38.5275333" lon="142.2150667"><name>Gummy</name><desc>GUMBOS AND SCHOOL SHARK
8/01/20262/01/202626/12/2025</desc><time>8/01/2026</time><sym>bigfish</sym></wpt>
<wpt lat="-38.5301" lon="145.1269833"><name>Gummy</name><desc>Grant Hill
24/12/2025</desc><time>24/12/2025</time><sym>bigfish</sym></wpt>
<wpt lat="-38.5384833" lon="145.2354667"><name>Gummy</name><desc>Pyramid 
24/12/2025</desc><time>24/12/2025</time><sym>bigfish</sym></wpt>
<wpt lat="-38.5414333" lon="145.21225"><name>Gummy</name><desc>Pyramid 
24/12/2025</desc><time>24/12/2025</time><sym>bigfish</sym></wpt>
<wpt lat="-38.5477333" lon="145.4158"><name>Gummy</name><desc>Half Moon Bay
24/12/2025</desc><time>24/12/2025</time><sym>bigfish</sym></wpt>
<wpt lat="-38.5554" lon="145.3228167"><name>Gummy</name><desc>Cape Woolamai
24/12/2025</desc><time>24/12/2025</time><sym>bigfish</sym></wpt>
<wpt lat="-38.5556667" lon="145.4551667"><name>Gummy</name><desc>Kilcunda 
24/12/2025</desc><time>24/12/2025</time><sym>bigfish</sym></wpt>
<wpt lat="-38.5643833" lon="145.3285667"><name>Gummy</name><desc>Cape Woolamai
24/12/2025</desc><time>24/12/2025</time><sym>bigfish</sym></wpt>
<wpt lat="-38.5677" lon="145.33835"><name>Gummy</name><desc>Cape Woolamai
24/12/2025</desc><time>24/12/2025</time><sym>bigfish</sym></wpt>
<wpt lat="-38.5702167" lon="145.3171333"><name>Gummy</name><desc>Cape Woolamai
24/12/2025</desc><time>24/12/2025</time><sym>bigfish</sym></wpt>
<wpt lat="-38.5734833" lon="145.33715"><name>Gummy</name><desc>Woolamai Pin 
24/12/2025</desc><time>24/12/2025</time><sym>bigfish</sym></wpt>
<wpt lat="-38.5745667" lon="145.3363833"><name>Gummy</name><desc>Cape Woolamai
24/12/2025</desc><time>24/12/2025</time><sym>bigfish</sym></wpt>
<wpt lat="-38.6133667" lon="145.5148"><name>Gummy</name><desc>Harmers haven
24/12/2025</desc><time>24/12/2025</time><sym>bigfish</sym></wpt>
<wpt lat="-38.6391333" lon="145.75605"><name>Gummy</name><desc>Number 14 
24/12/2025</desc><time>24/12/2025</time><sym>bigfish</sym></wpt>
<wpt lat="-38.6391333" lon="145.75605"><name>Kingfish</name><desc>Number 14 
1/01/2026</desc><time>1/01/2026</time><sym>bigfish</sym></wpt>
<wpt lat="-38.6408167" lon="145.7248833"><name>Gummy</name><desc>The Boulevard
24/12/2025</desc><time>24/12/2025</time><sym>bigfish</sym></wpt>
<wpt lat="-38.6408167" lon="145.7248833"><name>Kingfish</name><desc>The Boulevard
1/01/2026</desc><time>1/01/2026</time><sym>bigfish</sym></wpt>
<wpt lat="-38.6461333" lon="145.5301"><name>Gummy</name><desc>Harmers haven
24/12/2025</desc><time>24/12/2025</time><sym>bigfish</sym></wpt>
<wpt lat="-38.6468833" lon="145.7669333"><name>Gummy</name><desc>Number 3
24/12/2025</desc><time>24/12/2025</time><sym>bigfish</sym></wpt>
<wpt lat="-38.6468833" lon="145.7669333"><name>Kingfish</name><desc>Number 3
1/01/2026</desc><time>1/01/2026</time><sym>bigfish</sym></wpt>
<wpt lat="-38.6505667" lon="145.6916667"><name>Whiting</name><desc>Flat rocks is very good for big whiting,
1/01/202624/12/2025</desc><time>1/01/2026</time><sym>circle,yellow</sym></wpt>
<wpt lat="-38.6538167" lon="145.6904833"><name>Whiting</name><desc>Flat rocks is very good for big whiting,
1/01/202624/12/2025</desc><time>1/01/2026</time><sym>circle,yellow</sym></wpt>
<wpt lat="-38.6649833" lon="145.53265"><name>Gummy</name><desc>Coal Point
24/12/2025</desc><time>24/12/2025</time><sym>bigfish</sym></wpt>
<wpt lat="-38.6650333" lon="145.6939667"><name>Gummy</name><desc>Eagle nest to Petrel Rock
24/12/2025</desc><time>24/12/2025</time><sym>bigfish</sym></wpt>
<wpt lat="-38.6650333" lon="145.6939667"><name>Kingfish</name><desc>Eagle nest to Petrel Rock
1/01/2026</desc><time>1/01/2026</time><sym>bigfish</sym></wpt>
<wpt lat="-38.66555" lon="145.5165167"><name>Gummy</name><desc>Harmers haven
24/12/2025</desc><time>24/12/2025</time><sym>bigfish</sym></wpt>
<wpt lat="-38.67155" lon="145.6903167"><name>Gummy</name><desc>Eagle nest to Petrel Rock
24/12/2025</desc><time>24/12/2025</time><sym>bigfish</sym></wpt>
<wpt lat="-38.67155" lon="145.6903167"><name>Kingfish</name><desc>Eagle nest to Petrel Rock
1/01/2026</desc><time>1/01/2026</time><sym>bigfish</sym></wpt>
<wpt lat="-38.68005" lon="145.68585"><name>Gummy</name><desc>Eagle nest
1/01/202624/12/2025</desc><time>1/01/2026</time><sym>bigfish</sym></wpt>
<wpt lat="-38.68105" lon="145.6792833"><name>Gummy</name><desc>Eagle nest to Petrel Rock
24/12/2025</desc><time>24/12/2025</time><sym>bigfish</sym></wpt>
<wpt lat="-38.68105" lon="145.6792833"><name>Kingfish</name><desc>Eagle nest to Petrel Rock
1/01/2026</desc><time>1/01/2026</time><sym>bigfish</sym></wpt>
<wpt lat="-38.6843" lon="145.6768833"><name>Gummy</name><desc>Eagle nest
1/01/202624/12/2025</desc><time>1/01/2026</time><sym>bigfish</sym></wpt>
<wpt lat="-38.68545" lon="145.6815833"><name>Gummy</name><desc>Eagle nest
1/01/202624/12/2025</desc><time>1/01/2026</time><sym>bigfish</sym></wpt>
<wpt lat="-38.6874333" lon="145.55945"><name>Gummy</name><desc>Coal Point
24/12/2025</desc><time>24/12/2025</time><sym>bigfish</sym></wpt>
<wpt lat="-38.7061" lon="145.7269833"><name>Flathead</name><desc>Plenty of great flatty drifts through Ve
1/01/202624/12/2025</desc><time>1/01/2026</time><sym>circle,yellow</sym></wpt>
<wpt lat="-38.7223" lon="145.7910667"><name>Gummy</name><desc>Venus Bay
1/01/202624/12/2025</desc><time>1/01/2026</time><sym>bigfish</sym></wpt>
<wpt lat="-38.7401333" lon="145.7504333"><name>Flathead</name><desc>Plenty of great flatty drifts through Ve
1/01/202624/12/2025</desc><time>1/01/2026</time><sym>circle,yellow</sym></wpt>
<wpt lat="-38.75045" lon="145.8078"><name>Gummy</name><desc>Venus Bay
1/01/202624/12/2025</desc><time>1/01/2026</time><sym>bigfish</sym></wpt>
<wpt lat="-38.751" lon="145.82585"><name>Gummy</name><desc>Venus Bay
1/01/202624/12/2025</desc><time>1/01/2026</time><sym>bigfish</sym></wpt>
<wpt lat="-38.7611" lon="143.6853"><name>Whiting</name><desc>When you get to this mark, you will see 
8/01/20262/01/202626/12/2025</desc><time>8/01/2026</time><sym>circle,yellow</sym></wpt>
<wpt lat="-38.7880667" lon="145.7906"><name>Flathead</name><desc>Plenty of great flatty drifts through Ve
1/01/202624/12/2025</desc><time>1/01/2026</time><sym>circle,yellow</sym></wpt>
<wpt lat="-38.8316833" lon="143.6323167"><name>Flathead</name><desc>As usual the flathead are thick as along
8/01/20262/01/202626/12/2025</desc><time>8/01/2026</time><sym>circle,yellow</sym></wpt>
<wpt lat="-38.8333333" lon="146.01095"><name>Gummy</name><desc>Walkerville has great calamari fishing w
24/12/2025</desc><time>24/12/2025</time><sym>bigfish</sym></wpt>
<wpt lat="-38.8333333" lon="146.01095"><name>Kingfish</name><desc>Walkerville has great calamari fishing w
1/01/2026</desc><time>1/01/2026</time><sym>bigfish</sym></wpt>
<wpt lat="-38.8382667" lon="145.8807167"><name>Gummy</name><desc>Arch Rock
1/01/202624/12/2025</desc><time>1/01/2026</time><sym>bigfish</sym></wpt>
<wpt lat="-38.8409667" lon="145.88855"><name>Gummy</name><desc>Arch Rock
24/12/2025</desc><time>24/12/2025</time><sym>bigfish</sym></wpt>
<wpt lat="-38.8409667" lon="145.88855"><name>Kingfish</name><desc>Arch Rock
1/01/2026</desc><time>1/01/2026</time><sym>bigfish</sym></wpt>
<wpt lat="-38.8433833" lon="146.00275"><name>Gummy</name><desc>Walkerville has great calamari fishing w
24/12/2025</desc><time>24/12/2025</time><sym>bigfish</sym></wpt>
<wpt lat="-38.8433833" lon="146.00275"><name>Kingfish</name><desc>Walkerville has great calamari fishing w
1/01/2026</desc><time>1/01/2026</time><sym>bigfish</sym></wpt>
<wpt lat="-38.8485" lon="145.8922"><name>Gummy</name><desc>Arch Rock
24/12/2025</desc><time>24/12/2025</time><sym>bigfish</sym></wpt>
<wpt lat="-38.8485" lon="145.8922"><name>Kingfish</name><desc>Arch Rock
1/01/2026</desc><time>1/01/2026</time><sym>bigfish</sym></wpt>
<wpt lat="-38.8504833" lon="145.88315"><name>Gummy</name><desc>Arch Rock
1/01/202624/12/2025</desc><time>1/01/2026</time><sym>bigfish</sym></wpt>
<wpt lat="-38.85055" lon="146.0023667"><name>Whiting</name><desc>Walkie South
1/01/202624/12/2025</desc><time>1/01/2026</time><sym>circle,yellow</sym></wpt>
<wpt lat="-38.8558833" lon="146.0029833"><name>Whiting</name><desc>Walkie South
1/01/202624/12/2025</desc><time>1/01/2026</time><sym>circle,yellow</sym></wpt>
<wpt lat="-38.8569333" lon="146.0053167"><name>Gummy</name><desc>Walkerville has great calamari fishing w
24/12/2025</desc><time>24/12/2025</time><sym>bigfish</sym></wpt>
<wpt lat="-38.8569333" lon="146.0053167"><name>Kingfish</name><desc>Walkerville has great calamari fishing w
1/01/2026</desc><time>1/01/2026</time><sym>bigfish</sym></wpt>
<wpt lat="-38.8662333" lon="143.56775"><name>Flathead</name><desc>Drifting in this area below. Changing de
8/01/20262/01/202626/12/2025</desc><time>8/01/2026</time><sym>circle,yellow</sym></wpt>
<wpt lat="-38.8834167" lon="146.0050833"><name>Whiting</name><desc>Bell Point
1/01/202624/12/2025</desc><time>1/01/2026</time><sym>circle,yellow</sym></wpt>
<wpt lat="-38.8836167" lon="146.0025167"><name>Whiting</name><desc>Bell Point
1/01/202624/12/2025</desc><time>1/01/2026</time><sym>circle,yellow</sym></wpt>
<wpt lat="-38.8861667" lon="145.9039833"><name>Gummy</name><desc>Morgans Beach
24/12/2025</desc><time>24/12/2025</time><sym>bigfish</sym></wpt>
<wpt lat="-38.8861667" lon="145.9039833"><name>Kingfish</name><desc>Morgans Beach
1/01/2026</desc><time>1/01/2026</time><sym>bigfish</sym></wpt>
<wpt lat="-38.8887167" lon="145.9945"><name>Whiting</name><desc>Bear gully
1/01/202624/12/2025</desc><time>1/01/2026</time><sym>circle,yellow</sym></wpt>
<wpt lat="-38.8909167" lon="145.9903333"><name>Whiting</name><desc>Bear gully
1/01/202624/12/2025</desc><time>1/01/2026</time><sym>circle,yellow</sym></wpt>
<wpt lat="-38.8923" lon="143.5090167"><name>Flathead</name><desc>You can't beat it under the Cape Otway l
8/01/20262/01/202626/12/2025</desc><time>8/01/2026</time><sym>circle,yellow</sym></wpt>
<wpt lat="-38.89615" lon="143.4987833"><name>Flathead</name><desc>You can't beat it under the Cape Otway l
8/01/20262/01/202626/12/2025</desc><time>8/01/2026</time><sym>circle,yellow</sym></wpt>
<wpt lat="-38.8978333" lon="145.9005167"><name>Gummy</name><desc>Cape Liptrap
1/01/2026</desc><time>1/01/2026</time><sym>bigfish</sym></wpt>
<wpt lat="-38.8978333" lon="145.9005167"><name>Whiting</name><desc>Cape Liptrap
24/12/2025</desc><time>24/12/2025</time><sym>circle,yellow</sym></wpt>
<wpt lat="-38.9074167" lon="145.8999333"><name>Gummy</name><desc>Cape Liptrap
1/01/2026</desc><time>1/01/2026</time><sym>bigfish</sym></wpt>
<wpt lat="-38.9074167" lon="145.8999333"><name>Whiting</name><desc>Cape Liptrap
24/12/2025</desc><time>24/12/2025</time><sym>circle,yellow</sym></wpt>
<wpt lat="-38.9079167" lon="145.8999833"><name>Gummy</name><desc>Cape Liptrap
1/01/2026</desc><time>1/01/2026</time><sym>bigfish</sym></wpt>
<wpt lat="-38.9079167" lon="145.8999833"><name>Whiting</name><desc>Cape Liptrap
24/12/2025</desc><time>24/12/2025</time><sym>circle,yellow</sym></wpt>
<wpt lat="-38.9168333" lon="145.95065"><name>Gummy</name><desc>Grinder point
1/01/2026</desc><time>1/01/2026</time><sym>bigfish</sym></wpt>
<wpt lat="-38.9168333" lon="145.95065"><name>Whiting</name><desc>Grinder point
24/12/2025</desc><time>24/12/2025</time><sym>circle,yellow</sym></wpt>
<wpt lat="-38.9171667" lon="145.9141"><name>Gummy</name><desc>Cape Liptrap
1/01/2026</desc><time>1/01/2026</time><sym>bigfish</sym></wpt>
<wpt lat="-38.9171667" lon="145.9141"><name>Whiting</name><desc>Cape Liptrap
24/12/2025</desc><time>24/12/2025</time><sym>circle,yellow</sym></wpt>
<wpt lat="-38.9180333" lon="145.9680333"><name>Gummy</name><desc>Grinder point
1/01/2026</desc><time>1/01/2026</time><sym>bigfish</sym></wpt>
<wpt lat="-38.9180333" lon="145.9680333"><name>Whiting</name><desc>Grinder point
24/12/2025</desc><time>24/12/2025</time><sym>circle,yellow</sym></wpt>
<wpt lat="-38.9252333" lon="145.9687833"><name>Gummy</name><desc>Grinder point
1/01/2026</desc><time>1/01/2026</time><sym>bigfish</sym></wpt>
<wpt lat="-38.9252333" lon="145.9687833"><name>Whiting</name><desc>Grinder point
24/12/2025</desc><time>24/12/2025</time><sym>circle,yellow</sym></wpt>
<wpt lat="-38.9265833" lon="145.9493667"><name>Gummy</name><desc>Grinder point
1/01/2026</desc><time>1/01/2026</time><sym>bigfish</sym></wpt>
<wpt lat="-38.9265833" lon="145.9493667"><name>Whiting</name><desc>Grinder point
24/12/2025</desc><time>24/12/2025</time><sym>circle,yellow</sym></wpt>
<wpt lat="-38.2614833" lon="145.2931167"><name>Whiting</name><desc>Warneet 
5/01/202630/12/2025</desc><time>5/01/2026</time><sym>circle,yellow</sym></wpt>
<wpt lat="-38.2689" lon="145.2931833"><name>Whiting</name><desc>Crawfish Rock 
5/01/202630/12/2025</desc><time>5/01/2026</time><sym>circle,yellow</sym></wpt>
<wpt lat="-37.9726167" lon="144.8908167"><name>Snapper</name><desc>Altona
2/01/2026</desc><time>2/01/2026</time><sym>bigfish</sym></wpt>
<wpt lat="-37.9961833" lon="144.9106667"><name>Snapper</name><desc>Altona
2/01/2026</desc><time>2/01/2026</time><sym>bigfish</sym></wpt>
<wpt lat="-38.0049" lon="144.6300833"><name>Whiting</name><desc>Wedge Spit 
1/01/2026</desc><time>1/01/2026</time><sym>circle,yellow</sym></wpt>
<wpt lat="-38.00675" lon="144.6380167"><name>Whiting</name><desc>Wedge Spit 
1/01/2026</desc><time>1/01/2026</time><sym>circle,yellow</sym></wpt>
<wpt lat="-38.0137167" lon="144.6146"><name>Whiting</name><desc>Wedge Spit
2/01/2026</desc><time>2/01/2026</time><sym>circle,yellow</sym></wpt>
<wpt lat="-38.0161833" lon="144.6446333"><name>Squid</name><desc>Werribee / Wedge Spit
2/01/2026</desc><time>2/01/2026</time><sym>circle,aqua</sym></wpt>
<wpt lat="-38.0196667" lon="144.6193833"><name>Squid</name><desc>Werribee / Wedge Spit
2/01/2026</desc><time>2/01/2026</time><sym>circle,aqua</sym></wpt>
<wpt lat="-38.0259833" lon="144.6579333"><name>Whiting</name><desc>Wedge Spit
2/01/2026</desc><time>2/01/2026</time><sym>circle,yellow</sym></wpt>
<wpt lat="-38.02625" lon="144.5818667"><name>Squid</name><desc>Long Reef at Kirks Point 
1/01/2026</desc><time>1/01/2026</time><sym>circle,aqua</sym></wpt>
<wpt lat="-38.0267333" lon="144.6428"><name>Whiting</name><desc>Wedge Spit
2/01/2026</desc><time>2/01/2026</time><sym>circle,yellow</sym></wpt>
<wpt lat="-38.0305667" lon="144.6658833"><name>Squid</name><desc>Wedge Spit 
1/01/2026</desc><time>1/01/2026</time><sym>circle,aqua</sym></wpt>
<wpt lat="-38.0359167" lon="144.5968833"><name>Squid</name><desc>Long Reef at Kirks Point 
1/01/2026</desc><time>1/01/2026</time><sym>circle,aqua</sym></wpt>
<wpt lat="-38.04945" lon="144.6493667"><name>Squid</name><desc>Wedge Spit 
1/01/2026</desc><time>1/01/2026</time><sym>circle,aqua</sym></wpt>
<wpt lat="-38.0667667" lon="146.4860833"><name>Kingfish</name><desc>Cape Wellington
1/01/2026</desc><time>1/01/2026</time><sym>bigfish</sym></wpt>
<wpt lat="-38.1072333" lon="144.7280167"><name>Squid</name><desc>Prince George bank 
1/01/2026</desc><time>1/01/2026</time><sym>circle,aqua</sym></wpt>
<wpt lat="-38.1112333" lon="144.6826167"><name>Whiting</name><desc>Indented Heads area
2/01/2026</desc><time>2/01/2026</time><sym>circle,yellow</sym></wpt>
<wpt lat="-38.1174" lon="144.70055"><name>Squid</name><desc>Grassy Point
1/01/2026</desc><time>1/01/2026</time><sym>circle,aqua</sym></wpt>
<wpt lat="-38.11745" lon="144.7259333"><name>Squid</name><desc>St Leonard/ Indented Heads
2/01/2026</desc><time>2/01/2026</time><sym>circle,aqua</sym></wpt>
<wpt lat="-38.12475" lon="144.7039833"><name>Squid</name><desc>Point George
1/01/2026</desc><time>1/01/2026</time><sym>circle,aqua</sym></wpt>
<wpt lat="-38.1303167" lon="144.5778167"><name>Whiting</name><desc>Clifton Springs 
2/01/2026</desc><time>2/01/2026</time><sym>circle,yellow</sym></wpt>
<wpt lat="-38.1320333" lon="144.5820667"><name>Squid</name><desc>Clifton Springs
2/01/20261/01/2026</desc><time>2/01/2026</time><sym>circle,aqua</sym></wpt>
<wpt lat="-38.1371667" lon="144.5654833"><name>Whiting</name><desc>Clifton Springs 
2/01/2026</desc><time>2/01/2026</time><sym>circle,yellow</sym></wpt>
<wpt lat="-38.1396333" lon="144.40285"><name>Whiting</name><desc>Stingray Bay Geelong
8/01/20262/01/2026</desc><time>8/01/2026</time><sym>circle,yellow</sym></wpt>
<wpt lat="-38.1412333" lon="144.5620167"><name>Squid</name><desc>Clifton Springs
2/01/2026</desc><time>2/01/2026</time><sym>circle,aqua</sym></wpt>
<wpt lat="-38.1482333" lon="144.5461333"><name>Whiting</name><desc>Clifton Springs 
2/01/2026</desc><time>2/01/2026</time><sym>circle,yellow</sym></wpt>
<wpt lat="-38.1511833" lon="144.5335333"><name>Squid</name><desc>Clifton Springs
2/01/20261/01/2026</desc><time>2/01/2026</time><sym>circle,aqua</sym></wpt>
<wpt lat="-38.1531667" lon="144.7297833"><name>Squid</name><desc>St Leonard/ Indented Heads
2/01/2026</desc><time>2/01/2026</time><sym>circle,aqua</sym></wpt>
<wpt lat="-38.1536333" lon="144.4739333"><name>Whiting</name><desc>Clifton Springs 
2/01/2026</desc><time>2/01/2026</time><sym>circle,yellow</sym></wpt>
<wpt lat="-38.1792167" lon="144.8901667"><name>Snapper</name><desc>With the water temp still hanging around
1/01/2026</desc><time>1/01/2026</time><sym>bigfish</sym></wpt>
<wpt lat="-38.18325" lon="144.71755"><name>Squid</name><desc>St Leonard/ Indented Heads
2/01/2026</desc><time>2/01/2026</time><sym>circle,aqua</sym></wpt>
<wpt lat="-38.1873167" lon="144.7314333"><name>Whiting</name><desc>St Leonards
2/01/2026</desc><time>2/01/2026</time><sym>circle,yellow</sym></wpt>
<wpt lat="-38.1876167" lon="144.8915333"><name>Snapper</name><desc>With the water temp still hanging around
1/01/2026</desc><time>1/01/2026</time><sym>bigfish</sym></wpt>
<wpt lat="-38.1882333" lon="144.7443"><name>Whiting</name><desc>St Leonards
2/01/2026</desc><time>2/01/2026</time><sym>circle,yellow</sym></wpt>
<wpt lat="-38.18865" lon="144.8692"><name>Snapper</name><desc>With the water temp still hanging around
1/01/2026</desc><time>1/01/2026</time><sym>bigfish</sym></wpt>
<wpt lat="-38.1902167" lon="144.7464333"><name>Whiting</name><desc>St Leonards
2/01/2026</desc><time>2/01/2026</time><sym>circle,yellow</sym></wpt>
<wpt lat="-38.1914" lon="144.7447"><name>Squid</name><desc>St Leonard/ Indented Heads
2/01/2026</desc><time>2/01/2026</time><sym>circle,aqua</sym></wpt>
<wpt lat="-38.1918833" lon="144.7253167"><name>Whiting</name><desc>St Leonards
1/01/2026</desc><time>1/01/2026</time><sym>circle,yellow</sym></wpt>
<wpt lat="-38.1923" lon="144.9031167"><name>Snapper</name><desc>Mornington to Mt Martha
2/01/2026</desc><time>2/01/2026</time><sym>bigfish</sym></wpt>
<wpt lat="-38.1931333" lon="144.8546333"><name>Snapper</name><desc>With the water temp still hanging around
1/01/2026</desc><time>1/01/2026</time><sym>bigfish</sym></wpt>
<wpt lat="-38.1944" lon="144.7419667"><name>Whiting</name><desc>St Leonards
1/01/2026</desc><time>1/01/2026</time><sym>circle,yellow</sym></wpt>
<wpt lat="-38.1970833" lon="144.7703667"><name>Gummy</name><desc>West channel
2/01/2026</desc><time>2/01/2026</time><sym>bigfish</sym></wpt>
<wpt lat="-38.1974333" lon="144.72855"><name>Whiting</name><desc>St Leonards
2/01/2026</desc><time>2/01/2026</time><sym>circle,yellow</sym></wpt>
<wpt lat="-38.2055667" lon="144.7722333"><name>Whiting</name><desc>Loelia channel
1/01/2026</desc><time>1/01/2026</time><sym>circle,yellow</sym></wpt>
<wpt lat="-38.205883299999996" lon="144.72115"><name>Whiting</name><desc>St Leonards
2/01/2026</desc><time>2/01/2026</time><sym>circle,yellow</sym></wpt>
<wpt lat="-38.2106167" lon="144.7675833"><name>Squid</name><desc>St Leonard/ Indented Heads
2/01/2026</desc><time>2/01/2026</time><sym>circle,aqua</sym></wpt>
<wpt lat="-38.2121167" lon="144.8138167"><name>Gummy</name><desc>Top of Symonds and Mud Island
2/01/2026</desc><time>2/01/2026</time><sym>bigfish</sym></wpt>
<wpt lat="-38.215" lon="144.7903"><name>Squid</name><desc>St Leonard/ Indented Heads
2/01/2026</desc><time>2/01/2026</time><sym>circle,aqua</sym></wpt>
<wpt lat="-38.2185" lon="144.7537667"><name>Whiting</name><desc>Loelia channel
1/01/2026</desc><time>1/01/2026</time><sym>circle,yellow</sym></wpt>
<wpt lat="-38.22485" lon="144.9114833"><name>Snapper</name><desc>With the water temp still hanging around
1/01/2026</desc><time>1/01/2026</time><sym>bigfish</sym></wpt>
<wpt lat="-38.2320833" lon="144.6947167"><name>Squid</name><desc>Swan Bay
2/01/2026</desc><time>2/01/2026</time><sym>circle,aqua</sym></wpt>
<wpt lat="-38.2321167" lon="144.7019167"><name>Squid</name><desc>Swan Bay
2/01/2026</desc><time>2/01/2026</time><sym>circle,aqua</sym></wpt>
<wpt lat="-38.23225" lon="144.9376333"><name>Snapper</name><desc>Mornington to Mt Martha
2/01/2026</desc><time>2/01/2026</time><sym>bigfish</sym></wpt>
<wpt lat="-38.2326833" lon="144.8997333"><name>Snapper</name><desc>Mornington to Mt Martha
2/01/2026</desc><time>2/01/2026</time><sym>bigfish</sym></wpt>
<wpt lat="-38.2389333" lon="144.7077167"><name>Whiting</name><desc>Swan Bay
2/01/2026</desc><time>2/01/2026</time><sym>circle,yellow</sym></wpt>
<wpt lat="-38.23935" lon="144.7069167"><name>Whiting</name><desc>Swan Bay
2/01/2026</desc><time>2/01/2026</time><sym>circle,yellow</sym></wpt>
<wpt lat="-38.2443667" lon="144.9331833"><name>Snapper</name><desc>With the water temp still hanging around
1/01/2026</desc><time>1/01/2026</time><sym>bigfish</sym></wpt>
<wpt lat="-38.2581333" lon="144.7504333"><name>Gummy</name><desc>Symmonds
2/01/2026</desc><time>2/01/2026</time><sym>bigfish</sym></wpt>
<wpt lat="-38.2587" lon="144.69185"><name>Whiting</name><desc>Queenscliff
2/01/2026</desc><time>2/01/2026</time><sym>circle,yellow</sym></wpt>
<wpt lat="-38.2590833" lon="144.8057833"><name>Squid</name><desc>Top of Mud Island
2/01/2026</desc><time>2/01/2026</time><sym>circle,aqua</sym></wpt>
<wpt lat="-38.2611333" lon="144.6859333"><name>Whiting</name><desc>Queenscliff
2/01/2026</desc><time>2/01/2026</time><sym>circle,yellow</sym></wpt>
<wpt lat="-38.2614667" lon="144.6884167"><name>Whiting</name><desc>Queenscliff
2/01/2026</desc><time>2/01/2026</time><sym>circle,yellow</sym></wpt>
<wpt lat="-38.2629667" lon="144.7935833"><name>Squid</name><desc>Mud Island
1/01/2026</desc><time>1/01/2026</time><sym>circle,aqua</sym></wpt>
<wpt lat="-38.2639833" lon="144.7328833"><name>Gummy</name><desc>Symmonds
2/01/2026</desc><time>2/01/2026</time><sym>bigfish</sym></wpt>
<wpt lat="-38.2648" lon="145.2991167"><name>Whiting</name><desc>Crawfish Rock
1/01/2026</desc><time>1/01/2026</time><sym>circle,yellow</sym></wpt>
<wpt lat="-38.26925" lon="145.3037833"><name>Whiting</name><desc>Crawfish Rock
1/01/2026</desc><time>1/01/2026</time><sym>circle,yellow</sym></wpt>
<wpt lat="-38.2695" lon="145.3069833"><name>Whiting</name><desc>Crawfish Rock
1/01/2026</desc><time>1/01/2026</time><sym>circle,yellow</sym></wpt>
<wpt lat="-38.2712" lon="145.2675"><name>Whiting</name><desc>Eagle Rock
1/01/2026</desc><time>1/01/2026</time><sym>circle,yellow</sym></wpt>
<wpt lat="-38.27305" lon="145.2785"><name>Whiting</name><desc>Baggage Harbour
1/01/2026</desc><time>1/01/2026</time><sym>circle,yellow</sym></wpt>
<wpt lat="-38.2736167" lon="144.6641167"><name>Whiting</name><desc>Queenscliff
2/01/2026</desc><time>2/01/2026</time><sym>circle,yellow</sym></wpt>
<wpt lat="-38.27375" lon="145.2717833"><name>Whiting</name><desc>Baggage Harbour
1/01/2026</desc><time>1/01/2026</time><sym>circle,yellow</sym></wpt>
<wpt lat="-38.2772167" lon="144.8080333"><name>Squid</name><desc>Top of Mud Island
2/01/2026</desc><time>2/01/2026</time><sym>circle,aqua</sym></wpt>
<wpt lat="-38.28215" lon="144.7839167"><name>Squid</name><desc>Top of Mud Island
2/01/2026</desc><time>2/01/2026</time><sym>circle,aqua</sym></wpt>
<wpt lat="-38.2880333" lon="144.5683"><name>Kingfish</name><desc>Colindina reef
1/01/2026</desc><time>1/01/2026</time><sym>bigfish</sym></wpt>
<wpt lat="-38.28815" lon="144.6918667"><name>Gummy</name><desc>Popes eye
1/01/2026</desc><time>1/01/2026</time><sym>bigfish</sym></wpt>
<wpt lat="-38.2886333" lon="144.5696833"><name>Kingfish</name><desc>Back of Point Lonsdale
1/01/2026</desc><time>1/01/2026</time><sym>bigfish</sym></wpt>
<wpt lat="-38.2889333" lon="144.6627"><name>Kingfish</name><desc>First Bank
8/01/20262/01/2026</desc><time>8/01/2026</time><sym>bigfish</sym></wpt>
<wpt lat="-38.2890833" lon="144.57595"><name>Kingfish</name><desc>Colindina reef
1/01/2026</desc><time>1/01/2026</time><sym>bigfish</sym></wpt>
<wpt lat="-38.2904333" lon="144.6529667"><name>Kingfish</name><desc>The Bend area
8/01/20262/01/2026</desc><time>8/01/2026</time><sym>bigfish</sym></wpt>
<wpt lat="-38.2915333" lon="144.64795"><name>Kingfish</name><desc>Just behind the bend
8/01/20262/01/2026</desc><time>8/01/2026</time><sym>bigfish</sym></wpt>
<wpt lat="-38.2943833" lon="144.6784833"><name>Gummy</name><desc>Point Nepean
1/01/2026</desc><time>1/01/2026</time><sym>bigfish</sym></wpt>
<wpt lat="-38.29475" lon="144.7103333"><name>Gummy</name><desc>South channel
2/01/2026</desc><time>2/01/2026</time><sym>bigfish</sym></wpt>
<wpt lat="-38.29525" lon="144.6048333"><name>Kingfish</name><desc>Back of Point Lonsdale
1/01/2026</desc><time>1/01/2026</time><sym>bigfish</sym></wpt>
<wpt lat="-38.2963667" lon="144.5308"><name>Crayfish</name><desc>Iâ€™ve had a few people asking what I us
2/01/2026</desc><time>2/01/2026</time><sym>circle,green</sym></wpt>
<wpt lat="-38.2963667" lon="144.7200833"><name>Gummy</name><desc>Number 2
1/01/2026</desc><time>1/01/2026</time><sym>bigfish</sym></wpt>
<wpt lat="-38.2969333" lon="144.59455"><name>Kingfish</name><desc>Back of Point Lonsdale
1/01/2026</desc><time>1/01/2026</time><sym>bigfish</sym></wpt>
<wpt lat="-38.2969667" lon="144.59435"><name>Kingfish</name><desc>Loni
8/01/20262/01/2026</desc><time>8/01/2026</time><sym>bigfish</sym></wpt>
<wpt lat="-38.29885" lon="144.4778333"><name>Kingfish</name><desc>Charlemont reef
1/01/2026</desc><time>1/01/2026</time><sym>bigfish</sym></wpt>
<wpt lat="-38.2990333" lon="144.6118333"><name>Kingfish</name><desc>Back of Point Lonsdale
1/01/2026</desc><time>1/01/2026</time><sym>bigfish</sym></wpt>
<wpt lat="-38.2993333" lon="144.4311167"><name>Kingfish</name><desc>Brimlee
1/01/2026</desc><time>1/01/2026</time><sym>bigfish</sym></wpt>
<wpt lat="-38.2993833" lon="144.5967333"><name>Kingfish</name><desc>Back of Point Lonsdale
1/01/2026</desc><time>1/01/2026</time><sym>bigfish</sym></wpt>
<wpt lat="-38.29945" lon="144.60965"><name>Kingfish</name><desc>Loni
8/01/20262/01/2026</desc><time>8/01/2026</time><sym>bigfish</sym></wpt>
<wpt lat="-38.2995667" lon="144.6084333"><name>Kingfish</name><desc>Back of Point Lonsdale
1/01/2026</desc><time>1/01/2026</time><sym>bigfish</sym></wpt>
<wpt lat="-38.3021667" lon="144.48425"><name>Kingfish</name><desc>Charlemont reef
1/01/2026</desc><time>1/01/2026</time><sym>bigfish</sym></wpt>
<wpt lat="-38.3029167" lon="144.5691833"><name>Kingfish</name><desc>Ocean Grove
1/01/2026</desc><time>1/01/2026</time><sym>bigfish</sym></wpt>
<wpt lat="-38.30515" lon="144.7241667"><name>Gummy</name><desc>Portsea
1/01/2026</desc><time>1/01/2026</time><sym>bigfish</sym></wpt>
<wpt lat="-38.30765" lon="144.7347333"><name>Gummy</name><desc>Sorrento 
1/01/2026</desc><time>1/01/2026</time><sym>bigfish</sym></wpt>
<wpt lat="-38.3080833" lon="144.7325333"><name>Gummy</name><desc>South channel
2/01/2026</desc><time>2/01/2026</time><sym>bigfish</sym></wpt>
<wpt lat="-38.30985" lon="144.4320833"><name>Kingfish</name><desc>Brimlee
1/01/2026</desc><time>1/01/2026</time><sym>bigfish</sym></wpt>
<wpt lat="-38.3099333" lon="144.7442667"><name>Gummy</name><desc>Sorrento 
1/01/2026</desc><time>1/01/2026</time><sym>bigfish</sym></wpt>
<wpt lat="-38.3134333" lon="144.48685"><name>Kingfish</name><desc>Barwon Heads
1/01/2026</desc><time>1/01/2026</time><sym>bigfish</sym></wpt>
<wpt lat="-38.3167" lon="144.56535"><name>Kingfish</name><desc>Ocean Grove
1/01/2026</desc><time>1/01/2026</time><sym>bigfish</sym></wpt>
<wpt lat="-38.31685" lon="144.5169667"><name>Kingfish</name><desc>Barwon Heads
1/01/2026</desc><time>1/01/2026</time><sym>bigfish</sym></wpt>
<wpt lat="-38.3180833" lon="144.3790667"><name>Crayfish</name><desc>Iâ€™ve had a few people asking what I us
2/01/2026</desc><time>2/01/2026</time><sym>circle,green</sym></wpt>
<wpt lat="-38.3181167" lon="144.566"><name>Kingfish</name><desc>Shitfish
8/01/20262/01/2026</desc><time>8/01/2026</time><sym>bigfish</sym></wpt>
<wpt lat="-38.3213333" lon="144.8037333"><name>Gummy</name><desc>Rye channel
1/01/2026</desc><time>1/01/2026</time><sym>bigfish</sym></wpt>
<wpt lat="-38.3216667" lon="144.7774167"><name>Squid</name><desc>Sorrento/Rye
2/01/2026</desc><time>2/01/2026</time><sym>circle,aqua</sym></wpt>
<wpt lat="-38.32205" lon="144.47335"><name>Kingfish</name><desc>Barwon Heads
1/01/2026</desc><time>1/01/2026</time><sym>bigfish</sym></wpt>
<wpt lat="-38.3228667" lon="144.7987"><name>Squid</name><desc>Wide
1/01/2026</desc><time>1/01/2026</time><sym>circle,aqua</sym></wpt>
<wpt lat="-38.3250333" lon="145.223"><name>Squid</name><desc>Hastings
1/01/2026</desc><time>1/01/2026</time><sym>circle,aqua</sym></wpt>
<wpt lat="-38.3252167" lon="144.4662333"><name>Kingfish</name><desc>Charlemont Reef
8/01/20262/01/2026</desc><time>8/01/2026</time><sym>bigfish</sym></wpt>
<wpt lat="-38.3266333" lon="144.8203667"><name>Squid</name><desc>Rye spoil grounds
1/01/2026</desc><time>1/01/2026</time><sym>circle,aqua</sym></wpt>
<wpt lat="-38.3267667" lon="144.7956833"><name>Squid</name><desc>Wide
1/01/2026</desc><time>1/01/2026</time><sym>circle,aqua</sym></wpt>
<wpt lat="-38.3269333" lon="144.8088667"><name>Squid</name><desc>Sorrento/Rye
2/01/2026</desc><time>2/01/2026</time><sym>circle,aqua</sym></wpt>
<wpt lat="-38.3294167" lon="144.4877333"><name>Kingfish</name><desc>Barwon Heads
1/01/2026</desc><time>1/01/2026</time><sym>bigfish</sym></wpt>
<wpt lat="-38.3303833" lon="144.7967167"><name>Squid</name><desc>Rye
1/01/2026</desc><time>1/01/2026</time><sym>circle,aqua</sym></wpt>
<wpt lat="-38.3339167" lon="144.7708333"><name>Whiting</name><desc>Sorrento way
2/01/2026</desc><time>2/01/2026</time><sym>circle,yellow</sym></wpt>
<wpt lat="-38.336" lon="144.8357"><name>Squid</name><desc>Wide
1/01/2026</desc><time>1/01/2026</time><sym>circle,aqua</sym></wpt>
<wpt lat="-38.3361167" lon="144.8316"><name>Squid</name><desc>Rye spoil grounds
1/01/2026</desc><time>1/01/2026</time><sym>circle,aqua</sym></wpt>
<wpt lat="-38.3361833" lon="144.8331833"><name>Squid</name><desc>Rye
1/01/2026</desc><time>1/01/2026</time><sym>circle,aqua</sym></wpt>
<wpt lat="-38.3362167" lon="144.833"><name>Squid</name><desc>Wide
1/01/2026</desc><time>1/01/2026</time><sym>circle,aqua</sym></wpt>
<wpt lat="-38.34445" lon="145.2339167"><name>Whiting</name><desc>BP
1/01/2026</desc><time>1/01/2026</time><sym>circle,yellow</sym></wpt>
<wpt lat="-38.3475" lon="144.7684333"><name>Whiting</name><desc>Sorrento way
2/01/2026</desc><time>2/01/2026</time><sym>circle,yellow</sym></wpt>
<wpt lat="-38.3475667" lon="144.7674"><name>Squid</name><desc>Sorrento/Rye
2/01/2026</desc><time>2/01/2026</time><sym>circle,aqua</sym></wpt>
<wpt lat="-38.35165" lon="144.3477167"><name>Kingfish</name><desc>Point Danger
1/01/2026</desc><time>1/01/2026</time><sym>bigfish</sym></wpt>
<wpt lat="-38.3541667" lon="145.2331333"><name>Whiting</name><desc>BP
1/01/2026</desc><time>1/01/2026</time><sym>circle,yellow</sym></wpt>
<wpt lat="-38.3615667" lon="145.2362"><name>Whiting</name><desc>Buoy 24
1/01/2026</desc><time>1/01/2026</time><sym>circle,yellow</sym></wpt>
<wpt lat="-38.3617167" lon="145.248"><name>Whiting</name><desc>Dizzy Height
1/01/2026</desc><time>1/01/2026</time><sym>circle,yellow</sym></wpt>
<wpt lat="-38.3633" lon="145.24885"><name>Whiting</name><desc>Dizzy Height
1/01/2026</desc><time>1/01/2026</time><sym>circle,yellow</sym></wpt>
<wpt lat="-38.3633333" lon="145.2364833"><name>Whiting</name><desc>Crib Point
1/01/2026</desc><time>1/01/2026</time><sym>circle,yellow</sym></wpt>
<wpt lat="-38.3651" lon="144.7130167"><name>Kingfish</name><desc>Diamond Bay
1/01/2026</desc><time>1/01/2026</time><sym>bigfish</sym></wpt>
<wpt lat="-38.3653333" lon="144.82065"><name>Squid</name><desc>Rye
1/01/2026</desc><time>1/01/2026</time><sym>circle,aqua</sym></wpt>
<wpt lat="-38.3686333" lon="145.2388167"><name>Whiting</name><desc>Stony Point 
1/01/2026</desc><time>1/01/2026</time><sym>circle,yellow</sym></wpt>
<wpt lat="-38.3792333" lon="144.7315"><name>Kingfish</name><desc>Spray Point
1/01/2026</desc><time>1/01/2026</time><sym>bigfish</sym></wpt>
<wpt lat="-38.3862" lon="145.24165"><name>Whiting</name><desc>Hanns Inlet
1/01/2026</desc><time>1/01/2026</time><sym>circle,yellow</sym></wpt>
<wpt lat="-38.3995167" lon="145.2421667"><name>Whiting</name><desc>Sandy Point
1/01/2026</desc><time>1/01/2026</time><sym>circle,yellow</sym></wpt>
<wpt lat="-38.4078833" lon="145.1640833"><name>Gummy</name><desc>Somers
1/01/2026</desc><time>1/01/2026</time><sym>bigfish</sym></wpt>
<wpt lat="-38.41015" lon="144.2804"><name>Kingfish</name><desc>Point Addis 
1/01/2026</desc><time>1/01/2026</time><sym>bigfish</sym></wpt>
<wpt lat="-38.4106333" lon="145.1555333"><name>Gummy</name><desc>Somers
1/01/2026</desc><time>1/01/2026</time><sym>bigfish</sym></wpt>
<wpt lat="-38.4120333" lon="145.1413167"><name>Gummy</name><desc>Balnarring
1/01/2026</desc><time>1/01/2026</time><sym>bigfish</sym></wpt>
<wpt lat="-38.41475" lon="145.1239833"><name>Gummy</name><desc>Balnarring
1/01/2026</desc><time>1/01/2026</time><sym>bigfish</sym></wpt>
<wpt lat="-38.4188" lon="145.2387167"><name>Whiting</name><desc>Buoy 15
1/01/2026</desc><time>1/01/2026</time><sym>circle,yellow</sym></wpt>
<wpt lat="-38.4308" lon="145.2274"><name>Gummy</name><desc>Buoy 13
1/01/2026</desc><time>1/01/2026</time><sym>bigfish</sym></wpt>
<wpt lat="-38.4324333" lon="145.2235333"><name>Gummy</name><desc>Buoy 13
1/01/2026</desc><time>1/01/2026</time><sym>bigfish</sym></wpt>
<wpt lat="-38.4378833" lon="145.2500167"><name>Snapper</name><desc>This will be the last chance on them wit
1/01/2026</desc><time>1/01/2026</time><sym>bigfish</sym></wpt>
<wpt lat="-38.4384833" lon="145.24055"><name>Snapper</name><desc>This will be the last chance on them wit
1/01/2026</desc><time>1/01/2026</time><sym>bigfish</sym></wpt>
<wpt lat="-38.44045" lon="145.2226333"><name>Snapper</name><desc>This will be the last chance on them wit
1/01/2026</desc><time>1/01/2026</time><sym>bigfish</sym></wpt>
<wpt lat="-38.4412833" lon="145.25665"><name>Snapper</name><desc>This will be the last chance on them wit
1/01/2026</desc><time>1/01/2026</time><sym>bigfish</sym></wpt>
<wpt lat="-38.4642667" lon="145.1395167"><name>Gummy</name><desc>The Chapel
1/01/2026</desc><time>1/01/2026</time><sym>bigfish</sym></wpt>
<wpt lat="-38.4708167" lon="145.1325167"><name>Gummy</name><desc>Buoy 6
1/01/2026</desc><time>1/01/2026</time><sym>bigfish</sym></wpt>
<wpt lat="-38.4741333" lon="144.8577333"><name>Kingfish</name><desc>Gunnamatta 
1/01/2026</desc><time>1/01/2026</time><sym>bigfish</sym></wpt>
<wpt lat="-38.4767" lon="145.12395"><name>Gummy</name><desc>Cat Bay 
1/01/2026</desc><time>1/01/2026</time><sym>bigfish</sym></wpt>
<wpt lat="-38.48365" lon="145.1163333"><name>Gummy</name><desc>Buoy 2
1/01/2026</desc><time>1/01/2026</time><sym>bigfish</sym></wpt>
<wpt lat="-38.4986333" lon="145.0021333"><name>Gummy</name><desc>Flinders golf course
1/01/2026</desc><time>1/01/2026</time><sym>bigfish</sym></wpt>
<wpt lat="-38.50255" lon="145.1426333"><name>Squid</name><desc>Cat Bay
1/01/2026</desc><time>1/01/2026</time><sym>circle,aqua</sym></wpt>
<wpt lat="-38.50365" lon="145.14495"><name>Squid</name><desc>Cat Bay
1/01/2026</desc><time>1/01/2026</time><sym>circle,aqua</sym></wpt>
<wpt lat="-38.50735" lon="144.8759667"><name>Gummy</name><desc>Cape Schanck
1/01/2026</desc><time>1/01/2026</time><sym>bigfish</sym></wpt>
<wpt lat="-38.51265" lon="144.8834833"><name>Gummy</name><desc>Cape Schanck
1/01/2026</desc><time>1/01/2026</time><sym>bigfish</sym></wpt>
<wpt lat="-38.5194" lon="144.9210167"><name>Gummy</name><desc>Picnic Point 
1/01/2026</desc><time>1/01/2026</time><sym>bigfish</sym></wpt>
<wpt lat="-38.52745" lon="144.9666833"><name>Gummy</name><desc>Cairns Bay
1/01/2026</desc><time>1/01/2026</time><sym>bigfish</sym></wpt>
<wpt lat="-38.5323333" lon="144.9890333"><name>Gummy</name><desc>Cairns Bay
1/01/2026</desc><time>1/01/2026</time><sym>bigfish</sym></wpt>
<wpt lat="-38.5387" lon="144.8804167"><name>Gummy</name><desc>Cape Schanck
1/01/2026</desc><time>1/01/2026</time><sym>bigfish</sym></wpt>
<wpt lat="-38.5629667" lon="144.92765"><name>Gummy</name><desc>Sweden
1/01/2026</desc><time>1/01/2026</time><sym>bigfish</sym></wpt>
<wpt lat="-38.6699333" lon="145.5480333"><name>Tuna</name><desc>Coal Point
1/01/2026</desc><time>1/01/2026</time><sym>bigfish</sym></wpt>
<wpt lat="-38.6766833" lon="145.5592333"><name>Tuna</name><desc>Coal Point
1/01/2026</desc><time>1/01/2026</time><sym>bigfish</sym></wpt>
<wpt lat="-38.6832833" lon="145.5863833"><name>Tuna</name><desc>Cape Paterson
1/01/2026</desc><time>1/01/2026</time><sym>bigfish</sym></wpt>
<wpt lat="-38.7082167" lon="146.45645"><name>Whiting</name><desc>Little snake island channel
1/01/2026</desc><time>1/01/2026</time><sym>circle,yellow</sym></wpt>
<wpt lat="-38.7152667" lon="146.4304"><name>Whiting</name><desc>Possum creek
1/01/2026</desc><time>1/01/2026</time><sym>circle,yellow</sym></wpt>
<wpt lat="-38.7173" lon="146.42825"><name>Whiting</name><desc>Possum creek
1/01/2026</desc><time>1/01/2026</time><sym>circle,yellow</sym></wpt>
<wpt lat="-38.73075" lon="146.3848167"><name>Whiting</name><desc>Toora
1/01/2026</desc><time>1/01/2026</time><sym>circle,yellow</sym></wpt>
<wpt lat="-38.7311333" lon="146.3858667"><name>Squid</name><desc>Toora 
1/01/2026</desc><time>1/01/2026</time><sym>circle,aqua</sym></wpt>
<wpt lat="-38.7342333" lon="146.3875167"><name>Whiting</name><desc>Toora
1/01/2026</desc><time>1/01/2026</time><sym>circle,yellow</sym></wpt>
<wpt lat="-38.7344" lon="146.42275"><name>Whiting</name><desc>The Lewis
1/01/2026</desc><time>1/01/2026</time><sym>circle,yellow</sym></wpt>
<wpt lat="-38.7354833" lon="146.42885"><name>Squid</name><desc>At high tide fish the banks either side 
1/01/2026</desc><time>1/01/2026</time><sym>circle,aqua</sym></wpt>
<wpt lat="-38.7391333" lon="146.3956"><name>Squid</name><desc>Toora 
1/01/2026</desc><time>1/01/2026</time><sym>circle,aqua</sym></wpt>
<wpt lat="-38.7396333" lon="146.3939333"><name>Whiting</name><desc>Toora
1/01/2026</desc><time>1/01/2026</time><sym>circle,yellow</sym></wpt>
<wpt lat="-38.7423667" lon="146.4367833"><name>Squid</name><desc>At high tide fish the banks either side 
1/01/2026</desc><time>1/01/2026</time><sym>circle,aqua</sym></wpt>
<wpt lat="-38.7428333" lon="146.4165"><name>Squid</name><desc>At high tide fish the banks either side 
1/01/2026</desc><time>1/01/2026</time><sym>circle,aqua</sym></wpt>
<wpt lat="-38.7499" lon="159.3166667"><name>Squid</name><desc>At high tide fish the banks either side 
1/01/2026</desc><time>1/01/2026</time><sym>circle,aqua</sym></wpt>
<wpt lat="-38.7716" lon="146.48025"><name>Snapper</name><desc>Snake Island
1/01/2026</desc><time>1/01/2026</time><sym>bigfish</sym></wpt>
<wpt lat="-38.7736" lon="146.4853833"><name>Snapper</name><desc>Snake Island
1/01/2026</desc><time>1/01/2026</time><sym>bigfish</sym></wpt>
<wpt lat="-38.77905" lon="146.4491667"><name>Squid</name><desc>38 46 727 E146 26 450 
1/01/2026</desc><time>1/01/2026</time><sym>circle,aqua</sym></wpt>
<wpt lat="-38.7804167" lon="146.45645"><name>Squid</name><desc>38 46 727 E146 26 450 
1/01/2026</desc><time>1/01/2026</time><sym>circle,aqua</sym></wpt>
<wpt lat="-38.7807667" lon="146.4933667"><name>Snapper</name><desc>Bently Point
1/01/2026</desc><time>1/01/2026</time><sym>bigfish</sym></wpt>
<wpt lat="-38.8187" lon="146.545"><name>Snapper</name><desc>The Entrance
1/01/2026</desc><time>1/01/2026</time><sym>bigfish</sym></wpt>
<wpt lat="-38.8242667" lon="146.5329667"><name>Flathead</name><desc>Drifting the entrance as the tide slows 
1/01/2026</desc><time>1/01/2026</time><sym>circle,yellow</sym></wpt>
<wpt lat="-38.8321667" lon="146.5615167"><name>Flathead</name><desc>Drifting the entrance as the tide slows 
1/01/2026</desc><time>1/01/2026</time><sym>circle,yellow</sym></wpt>
<wpt lat="-38.8583167" lon="146.6065"><name>Squid</name><desc>The wreck of the Rubicon
1/01/2026</desc><time>1/01/2026</time><sym>circle,aqua</sym></wpt>
<wpt lat="-38.8900833" lon="146.6919"><name>Flathead</name><desc>Seal
1/01/2026</desc><time>1/01/2026</time><sym>circle,yellow</sym></wpt>
<wpt lat="-38.8920833" lon="146.4903"><name>Squid</name><desc>John Souey Point 
1/01/2026</desc><time>1/01/2026</time><sym>circle,aqua</sym></wpt>
<wpt lat="-38.9042333" lon="146.6465"><name>Kingfish</name><desc>White rock
1/01/2026</desc><time>1/01/2026</time><sym>bigfish</sym></wpt>
<wpt lat="-38.9074167" lon="146.6460667"><name>Kingfish</name><desc>White rock
1/01/2026</desc><time>1/01/2026</time><sym>bigfish</sym></wpt>
<wpt lat="-38.9126667" lon="146.6123333"><name>Squid</name><desc>Often holds bait fish along its drop off
1/01/2026</desc><time>1/01/2026</time><sym>circle,aqua</sym></wpt>
<wpt lat="-38.9185667" lon="146.60655"><name>Flathead</name><desc>The Ovals
1/01/2026</desc><time>1/01/2026</time><sym>circle,yellow</sym></wpt>
<wpt lat="-38.9258" lon="146.65795"><name>Kingfish</name><desc>Seal island
1/01/2026</desc><time>1/01/2026</time><sym>bigfish</sym></wpt>
<wpt lat="-38.9281667" lon="146.65905"><name>Kingfish</name><desc>Seal island
1/01/2026</desc><time>1/01/2026</time><sym>bigfish</sym></wpt>
<wpt lat="-38.9404" lon="146.5530167"><name>Flathead</name><desc>Rabbit 
1/01/2026</desc><time>1/01/2026</time><sym>circle,yellow</sym></wpt>
<wpt lat="-38.9480667" lon="146.70425"><name>Kingfish</name><desc>Cliffy
1/01/2026</desc><time>1/01/2026</time><sym>bigfish</sym></wpt>
<wpt lat="-38.9556333" lon="146.66545"><name>Snapper</name><desc>Rag Island
1/01/2026</desc><time>1/01/2026</time><sym>bigfish</sym></wpt>
<wpt lat="-38.9693333" lon="146.6578333"><name>Flathead</name><desc>Rag Island
1/01/2026</desc><time>1/01/2026</time><sym>circle,yellow</sym></wpt>
<wpt lat="-38.9714" lon="146.7171167"><name>Squid</name><desc>Back of Cliffy along the 45m line for ya
1/01/2026</desc><time>1/01/2026</time><sym>circle,aqua</sym></wpt>
<wpt lat="-38.9811333" lon="146.7240333"><name>Flathead</name><desc>Cliffy
1/01/2026</desc><time>1/01/2026</time><sym>circle,yellow</sym></wpt>
<wpt lat="-38.1546333" lon="144.5087167"><name>Squid</name><desc>Clifton Springs 
5/01/2026</desc><time>5/01/2026</time><sym>circle,aqua</sym></wpt>
<wpt lat="-38.3232833" lon="145.2508833"><name>Whiting</name><desc>Middle Spit 
5/01/2026</desc><time>5/01/2026</time><sym>circle,yellow</sym></wpt>
</gpx>
